 ,# Branches,# Junctions,# End-point voxels,# Junction voxels,# Slab voxels,Average Branch Length,# Triple points,# Quadruple points,Maximum Branch Length
1,1,0,2,0,0,0.010,0,0,0.010
2,1,0,2,0,10,0.123,0,0,0.123
3,16,8,8,23,108,0.105,8,0,0.237
4,1,0,2,0,3,0.046,0,0,0.046
5,1,0,2,0,0,0.010,0,0,0.010
6,1,0,2,0,0,0.010,0,0,0.010
7,1,0,2,0,1,0.021,0,0,0.021
8,1,0,2,0,1,0.029,0,0,0.029
9,1,0,2,0,5,0.071,0,0,0.071
10,1,0,2,0,2,0.040,0,0,0.040
11,0,0,1,0,0,0.000,0,0,0.000
12,1,0,2,0,7,0.092,0,0,0.092
13,9,4,6,14,54,0.100,4,0,0.300
14,1,0,2,0,0,0.015,0,0,0.015
15,0,0,1,0,0,0.000,0,0,0.000
16,1,0,2,0,5,0.071,0,0,0.071
17,1,0,2,0,1,0.021,0,0,0.021
18,1,0,2,0,1,0.025,0,0,0.025
19,1,0,2,0,10,0.128,0,0,0.128
20,1,0,2,0,0,0.010,0,0,0.010
21,1,0,2,0,4,0.056,0,0,0.056
22,1,0,2,0,1,0.025,0,0,0.025
23,1,0,2,0,8,0.111,0,0,0.111
24,1,0,2,0,1,0.021,0,0,0.021
25,1,0,2,0,0,0.015,0,0,0.015
26,0,0,1,0,0,0.000,0,0,0.000
27,1,0,2,0,0,0.010,0,0,0.010
28,1,0,2,0,2,0.031,0,0,0.031
29,1,0,2,0,9,0.126,0,0,0.126
30,1,0,2,0,0,0.010,0,0,0.010
31,1,0,2,0,1,0.021,0,0,0.021
32,0,0,1,0,0,0.000,0,0,0.000
33,0,0,1,0,0,0.000,0,0,0.000
34,0,0,1,0,0,0.000,0,0,0.000
35,3,1,3,1,8,0.045,1,0,0.075
36,1,0,2,0,3,0.050,0,0,0.050
37,1,0,2,0,1,0.021,0,0,0.021
38,1,0,2,0,0,0.010,0,0,0.010
39,1,0,2,0,1,0.021,0,0,0.021
40,1,0,2,0,1,0.025,0,0,0.025
41,0,0,1,0,0,0.000,0,0,0.000
42,1,0,2,0,0,0.010,0,0,0.010
43,1,0,2,0,3,0.046,0,0,0.046
44,0,0,1,0,0,0.000,0,0,0.000
45,7,3,5,9,48,0.103,3,0,0.224
46,1,0,2,0,0,0.010,0,0,0.010
47,1,0,2,0,3,0.050,0,0,0.050
48,1,0,2,0,4,0.065,0,0,0.065
49,0,0,1,0,0,0.000,0,0,0.000
50,1,0,2,0,0,0.010,0,0,0.010
51,1,0,2,0,0,0.015,0,0,0.015
52,1,0,2,0,3,0.055,0,0,0.055
53,1,0,2,0,0,0.010,0,0,0.010
54,1,0,2,0,1,0.025,0,0,0.025
55,1,0,2,0,1,0.025,0,0,0.025
56,1,0,2,0,0,0.010,0,0,0.010
57,0,0,1,0,0,0.000,0,0,0.000
58,1,0,2,0,8,0.107,0,0,0.107
59,1,0,2,0,0,0.010,0,0,0.010
60,0,0,1,0,0,0.000,0,0,0.000
61,3,1,3,3,24,0.124,1,0,0.191
62,1,0,2,0,1,0.021,0,0,0.021
63,1,0,2,0,0,0.015,0,0,0.015
64,0,0,1,0,0,0.000,0,0,0.000
65,1,0,2,0,0,0.015,0,0,0.015
66,1,0,2,0,5,0.075,0,0,0.075
67,1,0,2,0,2,0.036,0,0,0.036
68,0,0,1,0,0,0.000,0,0,0.000
69,0,0,1,0,0,0.000,0,0,0.000
70,1,0,2,0,16,0.212,0,0,0.212
71,1,0,2,0,1,0.021,0,0,0.021
72,1,0,2,0,3,0.059,0,0,0.059
73,1,0,2,0,0,0.015,0,0,0.015
74,1,0,2,0,3,0.046,0,0,0.046
75,1,0,2,0,2,0.031,0,0,0.031
76,0,0,1,0,0,0.000,0,0,0.000
77,0,0,1,0,0,0.000,0,0,0.000
78,1,0,2,0,5,0.071,0,0,0.071
79,1,0,2,0,1,0.021,0,0,0.021
80,0,0,1,0,0,0.000,0,0,0.000
81,1,0,2,0,1,0.025,0,0,0.025
82,1,0,2,0,4,0.065,0,0,0.065
83,1,0,2,0,0,0.010,0,0,0.010
84,0,0,1,0,0,0.000,0,0,0.000
85,1,0,2,0,6,0.090,0,0,0.090
86,1,0,2,0,1,0.025,0,0,0.025
87,1,0,2,0,1,0.025,0,0,0.025
88,0,0,1,0,0,0.000,0,0,0.000
89,1,0,2,0,3,0.046,0,0,0.046
90,1,0,2,0,0,0.015,0,0,0.015
91,1,0,2,0,0,0.010,0,0,0.010
92,1,0,2,0,0,0.010,0,0,0.010
93,1,0,2,0,1,0.025,0,0,0.025
94,1,0,2,0,1,0.025,0,0,0.025
95,1,0,2,0,14,0.191,0,0,0.191
96,0,0,1,0,0,0.000,0,0,0.000
97,1,0,2,0,2,0.031,0,0,0.031
98,1,0,2,0,6,0.094,0,0,0.094
99,1,0,2,0,3,0.046,0,0,0.046
100,1,0,2,0,1,0.021,0,0,0.021
101,1,0,2,0,0,0.010,0,0,0.010
102,1,0,2,0,12,0.144,0,0,0.144
103,1,0,2,0,4,0.061,0,0,0.061
104,1,0,2,0,0,0.015,0,0,0.015
105,1,0,2,0,1,0.029,0,0,0.029
106,1,0,2,0,5,0.075,0,0,0.075
107,3,1,2,2,13,0.061,0,1,0.148
108,1,0,2,0,0,0.010,0,0,0.010
109,1,0,2,0,0,0.010,0,0,0.010
110,0,0,1,0,0,0.000,0,0,0.000
111,0,0,1,0,0,0.000,0,0,0.000
112,1,0,2,0,0,0.015,0,0,0.015
113,1,0,2,0,4,0.056,0,0,0.056
114,1,0,2,0,1,0.029,0,0,0.029
115,3,1,2,2,23,0.097,0,1,0.205
116,0,0,1,0,0,0.000,0,0,0.000
117,1,0,2,0,2,0.036,0,0,0.036
118,1,0,2,0,1,0.021,0,0,0.021
119,1,0,2,0,6,0.082,0,0,0.082
120,1,0,2,0,0,0.010,0,0,0.010
121,1,0,2,0,0,0.010,0,0,0.010
122,0,0,1,0,0,0.000,0,0,0.000
123,1,0,2,0,0,0.010,0,0,0.010
124,1,0,2,0,0,0.015,0,0,0.015
125,1,0,2,0,1,0.021,0,0,0.021
126,1,0,2,0,1,0.021,0,0,0.021
127,1,0,2,0,0,0.015,0,0,0.015
128,1,0,2,0,3,0.055,0,0,0.055
129,1,0,2,0,4,0.061,0,0,0.061
130,0,0,1,0,0,0.000,0,0,0.000
131,0,0,1,0,0,0.000,0,0,0.000
132,1,0,2,0,1,0.021,0,0,0.021
133,0,0,1,0,0,0.000,0,0,0.000
134,1,0,2,0,1,0.029,0,0,0.029
135,3,1,3,3,7,0.047,1,0,0.082
136,1,0,2,0,0,0.010,0,0,0.010
137,1,0,2,0,4,0.065,0,0,0.065
138,1,0,2,0,1,0.029,0,0,0.029
139,0,0,1,0,0,0.000,0,0,0.000
140,0,0,1,0,0,0.000,0,0,0.000
141,0,0,1,0,0,0.000,0,0,0.000
142,1,0,2,0,0,0.015,0,0,0.015
143,1,0,2,0,1,0.025,0,0,0.025
144,1,0,2,0,0,0.015,0,0,0.015
145,1,0,2,0,0,0.010,0,0,0.010
146,1,0,2,0,0,0.015,0,0,0.015
147,1,0,2,0,0,0.010,0,0,0.010
148,0,0,1,0,0,0.000,0,0,0.000
149,1,0,2,0,0,0.015,0,0,0.015
150,1,0,2,0,1,0.025,0,0,0.025
151,1,0,2,0,0,0.010,0,0,0.010
152,1,0,2,0,1,0.025,0,0,0.025
153,1,0,2,0,7,0.101,0,0,0.101
154,1,0,2,0,0,0.010,0,0,0.010
155,0,0,1,0,0,0.000,0,0,0.000
156,0,0,1,0,0,0.000,0,0,0.000
157,1,0,2,0,1,0.025,0,0,0.025
158,1,0,2,0,14,0.191,0,0,0.191
159,1,0,2,0,1,0.029,0,0,0.029
160,0,0,1,0,0,0.000,0,0,0.000
161,1,0,2,0,1,0.025,0,0,0.025
162,1,0,2,0,6,0.073,0,0,0.073
163,1,0,2,0,0,0.010,0,0,0.010
164,1,0,2,0,1,0.025,0,0,0.025
165,1,0,2,0,1,0.025,0,0,0.025
166,1,0,2,0,1,0.021,0,0,0.021
167,1,0,2,0,2,0.036,0,0,0.036
168,3,1,3,4,17,0.085,1,0,0.107
169,0,0,1,0,0,0.000,0,0,0.000
170,1,0,2,0,0,0.010,0,0,0.010
171,1,0,2,0,0,0.010,0,0,0.010
172,0,0,1,0,0,0.000,0,0,0.000
173,1,0,2,0,0,0.010,0,0,0.010
174,1,0,2,0,1,0.025,0,0,0.025
175,1,0,2,0,0,0.010,0,0,0.010
176,3,1,3,4,13,0.082,1,0,0.120
177,1,0,2,0,0,0.015,0,0,0.015
178,3,1,3,3,16,0.087,1,0,0.126
179,0,0,1,0,0,0.000,0,0,0.000
180,1,0,2,0,3,0.046,0,0,0.046
181,3,1,3,3,10,0.059,1,0,0.107
182,1,0,2,0,4,0.065,0,0,0.065
183,1,0,2,0,1,0.021,0,0,0.021
184,1,0,2,0,1,0.025,0,0,0.025
185,1,0,2,0,4,0.061,0,0,0.061
186,1,0,2,0,7,0.101,0,0,0.101
187,0,0,1,0,0,0.000,0,0,0.000
188,0,0,1,0,0,0.000,0,0,0.000
189,0,0,1,0,0,0.000,0,0,0.000
190,1,0,2,0,0,0.010,0,0,0.010
191,1,0,2,0,2,0.036,0,0,0.036
192,1,0,2,0,1,0.025,0,0,0.025
193,1,0,2,0,0,0.015,0,0,0.015
194,1,0,2,0,9,0.126,0,0,0.126
195,1,0,2,0,0,0.010,0,0,0.010
196,1,0,2,0,3,0.046,0,0,0.046
197,1,0,2,0,0,0.015,0,0,0.015
198,1,0,2,0,2,0.031,0,0,0.031
199,1,0,2,0,1,0.025,0,0,0.025
200,1,0,2,0,5,0.071,0,0,0.071
201,1,0,2,0,1,0.025,0,0,0.025
202,1,0,2,0,1,0.021,0,0,0.021
203,1,0,2,0,0,0.010,0,0,0.010
204,1,0,2,0,0,0.015,0,0,0.015
205,0,0,1,0,0,0.000,0,0,0.000
206,1,0,2,0,5,0.075,0,0,0.075
207,1,0,2,0,4,0.061,0,0,0.061
208,1,0,2,0,0,0.015,0,0,0.015
209,1,0,2,0,0,0.010,0,0,0.010
210,0,0,1,0,0,0.000,0,0,0.000
211,1,0,2,0,1,0.025,0,0,0.025
212,1,0,2,0,0,0.010,0,0,0.010
213,1,0,2,0,4,0.065,0,0,0.065
214,1,0,2,0,0,0.010,0,0,0.010
215,1,0,2,0,0,0.010,0,0,0.010
216,0,0,1,0,0,0.000,0,0,0.000
217,1,0,2,0,2,0.036,0,0,0.036
218,1,0,2,0,0,0.010,0,0,0.010
219,1,0,2,0,1,0.025,0,0,0.025
220,1,0,2,0,0,0.015,0,0,0.015
221,1,0,2,0,1,0.021,0,0,0.021
222,1,0,2,0,0,0.015,0,0,0.015
223,0,0,1,0,0,0.000,0,0,0.000
224,1,0,2,0,1,0.021,0,0,0.021
225,1,0,2,0,1,0.025,0,0,0.025
226,1,0,2,0,2,0.040,0,0,0.040
227,1,0,2,0,0,0.015,0,0,0.015
228,1,0,2,0,5,0.075,0,0,0.075
229,1,0,2,0,1,0.025,0,0,0.025
230,1,0,2,0,0,0.010,0,0,0.010
231,1,0,2,0,0,0.010,0,0,0.010
232,0,0,1,0,0,0.000,0,0,0.000
233,0,0,1,0,0,0.000,0,0,0.000
234,1,0,2,0,2,0.036,0,0,0.036
235,1,0,2,0,4,0.056,0,0,0.056
236,0,0,1,0,0,0.000,0,0,0.000
237,1,0,2,0,0,0.010,0,0,0.010
238,1,0,2,0,2,0.044,0,0,0.044
239,1,0,2,0,2,0.031,0,0,0.031
240,1,0,2,0,1,0.025,0,0,0.025
241,1,0,2,0,1,0.021,0,0,0.021
242,1,0,2,0,0,0.015,0,0,0.015
243,1,0,2,0,3,0.046,0,0,0.046
244,1,0,2,0,0,0.010,0,0,0.010
245,1,0,2,0,2,0.036,0,0,0.036
246,1,0,2,0,0,0.010,0,0,0.010
247,1,0,2,0,0,0.010,0,0,0.010
248,1,0,2,0,7,0.096,0,0,0.096
249,1,0,2,0,0,0.015,0,0,0.015
250,1,0,2,0,5,0.062,0,0,0.062
251,1,0,2,0,6,0.077,0,0,0.077
252,1,0,2,0,2,0.036,0,0,0.036
253,1,0,2,0,0,0.010,0,0,0.010
254,0,0,1,0,0,0.000,0,0,0.000
255,1,0,2,0,8,0.115,0,0,0.115
256,1,0,2,0,1,0.021,0,0,0.021
257,0,0,1,0,0,0.000,0,0,0.000
258,1,0,2,0,0,0.010,0,0,0.010
259,1,0,2,0,6,0.086,0,0,0.086
260,3,1,3,3,9,0.056,1,0,0.082
261,1,0,2,0,0,0.010,0,0,0.010
262,0,0,1,0,0,0.000,0,0,0.000
263,1,0,2,0,0,0.015,0,0,0.015
264,0,0,1,0,0,0.000,0,0,0.000
265,0,0,1,0,0,0.000,0,0,0.000
266,1,0,2,0,1,0.025,0,0,0.025
267,1,0,2,0,4,0.056,0,0,0.056
268,1,0,2,0,16,0.207,0,0,0.207
269,1,0,2,0,2,0.036,0,0,0.036
270,0,0,1,0,0,0.000,0,0,0.000
271,1,0,2,0,1,0.021,0,0,0.021
272,13,6,8,22,123,0.139,6,0,0.362
273,1,0,2,0,6,0.090,0,0,0.090
274,0,0,1,0,0,0.000,0,0,0.000
275,0,0,1,0,0,0.000,0,0,0.000
276,1,0,2,0,0,0.015,0,0,0.015
277,1,0,2,0,4,0.065,0,0,0.065
278,1,0,2,0,3,0.050,0,0,0.050
279,1,0,2,0,0,0.010,0,0,0.010
280,1,0,2,0,0,0.015,0,0,0.015
281,3,1,3,4,8,0.056,1,0,0.086
282,1,0,2,0,3,0.059,0,0,0.059
283,1,0,2,0,3,0.050,0,0,0.050
284,1,0,2,0,3,0.042,0,0,0.042
285,1,0,2,0,1,0.025,0,0,0.025
286,0,0,1,0,0,0.000,0,0,0.000
287,1,0,2,0,1,0.021,0,0,0.021
288,1,0,2,0,2,0.040,0,0,0.040
289,1,0,2,0,0,0.010,0,0,0.010
290,1,0,2,0,0,0.010,0,0,0.010
291,0,0,1,0,0,0.000,0,0,0.000
292,1,0,2,0,3,0.046,0,0,0.046
293,0,0,1,0,0,0.000,0,0,0.000
294,1,0,2,0,2,0.036,0,0,0.036
295,1,0,2,0,0,0.010,0,0,0.010
296,1,0,2,0,0,0.015,0,0,0.015
297,1,0,2,0,4,0.061,0,0,0.061
298,3,1,3,4,13,0.077,1,0,0.109
299,1,0,2,0,1,0.021,0,0,0.021
300,1,0,2,0,0,0.010,0,0,0.010
301,1,0,2,0,1,0.029,0,0,0.029
302,3,1,3,3,16,0.083,1,0,0.092
303,1,0,2,0,0,0.015,0,0,0.015
304,0,0,1,0,0,0.000,0,0,0.000
305,1,0,2,0,2,0.040,0,0,0.040
306,1,0,2,0,10,0.140,0,0,0.140
307,1,0,2,0,0,0.010,0,0,0.010
308,1,0,2,0,5,0.067,0,0,0.067
309,1,0,2,0,0,0.015,0,0,0.015
310,0,0,1,0,0,0.000,0,0,0.000
311,0,0,1,0,0,0.000,0,0,0.000
312,1,0,2,0,20,0.266,0,0,0.266
313,3,1,3,3,7,0.049,1,0,0.067
314,0,0,1,0,0,0.000,0,0,0.000
315,1,0,2,0,2,0.031,0,0,0.031
316,0,0,1,0,0,0.000,0,0,0.000
317,1,0,2,0,0,0.010,0,0,0.010
318,5,2,4,6,38,0.115,2,0,0.209
319,1,0,2,0,1,0.025,0,0,0.025
320,1,0,2,0,6,0.082,0,0,0.082
321,1,0,2,0,0,0.010,0,0,0.010
322,1,0,2,0,0,0.010,0,0,0.010
323,0,0,1,0,0,0.000,0,0,0.000
324,1,0,2,0,5,0.067,0,0,0.067
325,1,0,2,0,3,0.050,0,0,0.050
326,1,0,2,0,0,0.010,0,0,0.010
327,0,0,1,0,0,0.000,0,0,0.000
328,5,2,4,4,14,0.051,2,0,0.102
329,1,0,2,0,1,0.021,0,0,0.021
330,0,0,1,0,0,0.000,0,0,0.000
331,1,0,2,0,0,0.010,0,0,0.010
332,1,0,2,0,0,0.010,0,0,0.010
333,1,0,2,0,1,0.021,0,0,0.021
334,1,0,2,0,8,0.107,0,0,0.107
335,0,0,1,0,0,0.000,0,0,0.000
336,1,0,2,0,0,0.015,0,0,0.015
337,1,0,2,0,0,0.010,0,0,0.010
338,0,0,1,0,0,0.000,0,0,0.000
339,1,0,2,0,2,0.036,0,0,0.036
340,1,0,2,0,10,0.136,0,0,0.136
341,4,1,4,8,37,0.150,0,1,0.410
342,0,0,1,0,0,0.000,0,0,0.000
343,1,0,2,0,2,0.036,0,0,0.036
344,1,0,2,0,1,0.025,0,0,0.025
345,1,0,2,0,10,0.128,0,0,0.128
346,1,0,2,0,0,0.010,0,0,0.010
347,1,0,2,0,0,0.010,0,0,0.010
348,1,0,2,0,0,0.015,0,0,0.015
349,1,0,2,0,3,0.046,0,0,0.046
350,1,0,2,0,1,0.025,0,0,0.025
351,1,0,2,0,0,0.010,0,0,0.010
352,3,1,3,4,12,0.069,1,0,0.101
353,1,0,2,0,1,0.025,0,0,0.025
354,1,0,2,0,4,0.061,0,0,0.061
355,1,0,2,0,5,0.067,0,0,0.067
356,1,0,2,0,2,0.031,0,0,0.031
357,1,0,2,0,0,0.010,0,0,0.010
358,4,1,4,6,8,0.060,0,1,0.073
359,1,0,2,0,0,0.010,0,0,0.010
360,1,0,2,0,1,0.029,0,0,0.029
361,1,0,2,0,1,0.025,0,0,0.025
362,0,0,1,0,0,0.000,0,0,0.000
363,1,0,2,0,3,0.042,0,0,0.042
364,0,0,1,0,0,0.000,0,0,0.000
365,1,0,2,0,0,0.010,0,0,0.010
366,1,0,2,0,3,0.055,0,0,0.055
367,1,0,2,0,2,0.031,0,0,0.031
368,1,0,2,0,1,0.021,0,0,0.021
369,0,0,1,0,0,0.000,0,0,0.000
370,1,0,2,0,14,0.191,0,0,0.191
371,0,0,1,0,0,0.000,0,0,0.000
372,1,0,2,0,5,0.071,0,0,0.071
373,1,0,2,0,2,0.040,0,0,0.040
374,1,0,2,0,0,0.010,0,0,0.010
375,1,0,2,0,1,0.025,0,0,0.025
376,1,0,2,0,1,0.021,0,0,0.021
377,3,1,3,10,18,0.111,1,0,0.154
378,1,0,2,0,0,0.010,0,0,0.010
379,1,0,2,0,1,0.025,0,0,0.025
380,0,0,1,0,0,0.000,0,0,0.000
381,1,0,2,0,2,0.040,0,0,0.040
382,1,0,2,0,10,0.132,0,0,0.132
383,1,0,2,0,3,0.050,0,0,0.050
384,1,0,2,0,0,0.015,0,0,0.015
385,1,0,2,0,0,0.010,0,0,0.010
386,1,0,2,0,1,0.021,0,0,0.021
387,0,0,1,0,0,0.000,0,0,0.000
388,1,0,2,0,0,0.015,0,0,0.015
389,1,0,2,0,5,0.075,0,0,0.075
390,0,0,1,0,0,0.000,0,0,0.000
391,1,0,2,0,0,0.015,0,0,0.015
392,1,0,2,0,2,0.036,0,0,0.036
393,1,0,2,0,0,0.010,0,0,0.010
394,3,1,3,3,15,0.077,1,0,0.113
395,1,0,2,0,0,0.015,0,0,0.015
396,1,0,2,0,0,0.010,0,0,0.010
397,3,1,3,1,11,0.064,1,0,0.130
398,3,1,3,1,23,0.105,1,0,0.193
399,9,4,5,14,55,0.104,3,1,0.287
400,1,0,2,0,14,0.178,0,0,0.178
401,1,0,2,0,0,0.015,0,0,0.015
402,1,0,2,0,1,0.025,0,0,0.025
403,1,0,2,0,3,0.050,0,0,0.050
404,1,0,2,0,0,0.010,0,0,0.010
405,3,1,3,3,16,0.087,1,0,0.191
406,1,0,2,0,1,0.025,0,0,0.025
407,1,0,2,0,6,0.082,0,0,0.082
408,1,0,2,0,7,0.092,0,0,0.092
409,1,0,2,0,2,0.036,0,0,0.036
410,1,0,2,0,0,0.010,0,0,0.010
411,1,0,2,0,1,0.025,0,0,0.025
412,1,0,2,0,0,0.015,0,0,0.015
413,1,0,2,0,1,0.025,0,0,0.025
414,1,0,2,0,6,0.077,0,0,0.077
415,0,0,1,0,0,0.000,0,0,0.000
416,1,0,2,0,0,0.010,0,0,0.010
417,1,0,2,0,1,0.029,0,0,0.029
418,1,0,2,0,2,0.036,0,0,0.036
419,0,0,1,0,0,0.000,0,0,0.000
420,1,0,2,0,0,0.010,0,0,0.010
421,3,1,3,3,17,0.086,1,0,0.159
422,0,0,1,0,0,0.000,0,0,0.000
423,1,0,2,0,1,0.021,0,0,0.021
424,0,0,1,0,0,0.000,0,0,0.000
425,1,0,2,0,3,0.055,0,0,0.055
426,0,0,1,0,0,0.000,0,0,0.000
427,3,1,3,1,17,0.077,1,0,0.128
428,1,0,2,0,4,0.061,0,0,0.061
429,1,0,2,0,0,0.010,0,0,0.010
430,0,0,1,0,0,0.000,0,0,0.000
431,1,0,2,0,2,0.044,0,0,0.044
432,1,0,2,0,9,0.126,0,0,0.126
433,1,0,2,0,0,0.015,0,0,0.015
434,1,0,2,0,1,0.025,0,0,0.025
435,0,0,1,0,0,0.000,0,0,0.000
436,1,0,2,0,13,0.185,0,0,0.185
437,1,0,2,0,2,0.036,0,0,0.036
438,0,0,1,0,0,0.000,0,0,0.000
439,3,1,2,2,14,0.072,0,1,0.195
440,0,0,1,0,0,0.000,0,0,0.000
441,5,2,3,16,54,0.185,1,1,0.228
442,1,0,2,0,1,0.025,0,0,0.025
443,1,0,2,0,1,0.025,0,0,0.025
444,1,0,2,0,6,0.073,0,0,0.073
445,1,0,2,0,1,0.025,0,0,0.025
446,0,0,1,0,0,0.000,0,0,0.000
447,1,0,2,0,1,0.021,0,0,0.021
448,1,0,2,0,0,0.010,0,0,0.010
449,1,0,2,0,3,0.050,0,0,0.050
450,1,0,2,0,0,0.010,0,0,0.010
451,0,0,1,0,0,0.000,0,0,0.000
452,1,0,2,0,16,0.190,0,0,0.190
453,1,0,2,0,1,0.025,0,0,0.025
454,0,0,1,0,0,0.000,0,0,0.000
455,3,1,3,4,12,0.071,1,0,0.142
456,0,0,1,0,0,0.000,0,0,0.000
457,1,0,2,0,3,0.055,0,0,0.055
458,1,0,2,0,7,0.105,0,0,0.105
459,1,0,2,0,1,0.025,0,0,0.025
460,1,0,2,0,2,0.031,0,0,0.031
461,1,0,2,0,10,0.132,0,0,0.132
462,1,0,2,0,1,0.025,0,0,0.025
463,1,0,2,0,5,0.062,0,0,0.062
464,1,0,2,0,1,0.021,0,0,0.021
465,1,0,2,0,2,0.040,0,0,0.040
466,7,3,5,10,22,0.063,3,0,0.121
467,3,1,2,2,9,0.047,0,1,0.107
468,0,0,1,0,0,0.000,0,0,0.000
469,1,0,2,0,6,0.090,0,0,0.090
470,1,0,2,0,6,0.090,0,0,0.090
471,1,0,2,0,0,0.010,0,0,0.010
472,1,0,2,0,2,0.036,0,0,0.036
473,0,0,1,0,0,0.000,0,0,0.000
474,1,0,2,0,8,0.102,0,0,0.102
475,1,0,2,0,0,0.010,0,0,0.010
476,1,0,2,0,0,0.015,0,0,0.015
477,1,0,2,0,8,0.107,0,0,0.107
478,1,0,2,0,0,0.015,0,0,0.015
479,1,0,2,0,0,0.015,0,0,0.015
480,0,0,1,0,0,0.000,0,0,0.000
481,3,1,3,3,12,0.065,1,0,0.082
482,4,1,3,5,5,0.042,0,0,0.063
483,0,0,1,0,0,0.000,0,0,0.000
484,1,0,2,0,1,0.025,0,0,0.025
485,1,0,2,0,0,0.010,0,0,0.010
486,1,0,2,0,2,0.036,0,0,0.036
487,1,0,2,0,6,0.082,0,0,0.082
488,1,0,2,0,3,0.050,0,0,0.050
489,1,0,2,0,19,0.239,0,0,0.239
490,6,2,5,9,34,0.099,1,1,0.288
491,1,0,2,0,1,0.021,0,0,0.021
492,1,0,2,0,8,0.107,0,0,0.107
493,1,0,2,0,3,0.042,0,0,0.042
494,1,0,2,0,0,0.010,0,0,0.010
495,1,0,2,0,3,0.046,0,0,0.046
496,1,0,2,0,8,0.107,0,0,0.107
497,93,48,33,167,641,0.112,39,9,0.399
498,0,0,1,0,0,0.000,0,0,0.000
499,1,0,2,0,1,0.025,0,0,0.025
500,0,0,1,0,0,0.000,0,0,0.000
501,1,0,2,0,4,0.065,0,0,0.065
502,1,0,2,0,2,0.040,0,0,0.040
503,0,0,1,0,0,0.000,0,0,0.000
504,11,5,6,12,46,0.071,4,1,0.172
505,3,1,3,3,9,0.054,1,0,0.071
506,1,0,2,0,2,0.031,0,0,0.031
507,1,0,2,0,9,0.117,0,0,0.117
508,1,0,2,0,2,0.031,0,0,0.031
509,1,0,2,0,2,0.031,0,0,0.031
510,1,0,2,0,2,0.036,0,0,0.036
511,3,1,3,3,21,0.108,1,0,0.222
512,1,0,2,0,0,0.015,0,0,0.015
513,1,0,2,0,1,0.025,0,0,0.025
514,3,1,2,2,14,0.069,0,1,0.161
515,1,0,2,0,0,0.010,0,0,0.010
516,1,0,2,0,0,0.015,0,0,0.015
517,1,0,2,0,2,0.036,0,0,0.036
518,0,0,1,0,0,0.000,0,0,0.000
519,1,0,2,0,5,0.071,0,0,0.071
520,1,0,2,0,0,0.010,0,0,0.010
521,1,0,2,0,3,0.050,0,0,0.050
522,3,1,3,4,13,0.073,1,0,0.178
523,0,0,1,0,0,0.000,0,0,0.000
524,1,0,2,0,0,0.015,0,0,0.015
525,1,0,2,0,0,0.010,0,0,0.010
526,1,0,2,0,3,0.055,0,0,0.055
527,1,0,2,0,1,0.025,0,0,0.025
528,1,0,2,0,0,0.010,0,0,0.010
529,1,0,2,0,4,0.056,0,0,0.056
530,1,0,2,0,2,0.040,0,0,0.040
531,1,0,2,0,3,0.046,0,0,0.046
532,0,0,1,0,0,0.000,0,0,0.000
533,1,0,2,0,0,0.010,0,0,0.010
534,1,0,2,0,0,0.010,0,0,0.010
535,1,0,2,0,0,0.010,0,0,0.010
536,1,0,2,0,2,0.031,0,0,0.031
537,0,0,1,0,0,0.000,0,0,0.000
538,8,4,3,19,32,0.084,3,1,0.155
539,1,0,2,0,0,0.010,0,0,0.010
540,0,0,1,0,0,0.000,0,0,0.000
541,1,0,2,0,0,0.015,0,0,0.015
542,1,0,2,0,4,0.056,0,0,0.056
543,1,0,2,0,2,0.036,0,0,0.036
544,1,0,2,0,4,0.069,0,0,0.069
545,1,0,2,0,0,0.010,0,0,0.010
546,1,0,2,0,41,0.515,0,0,0.515
547,1,0,2,0,18,0.228,0,0,0.228
548,1,0,2,0,0,0.010,0,0,0.010
549,1,0,2,0,5,0.071,0,0,0.071
550,1,0,2,0,0,0.015,0,0,0.015
551,1,0,2,0,0,0.015,0,0,0.015
552,0,0,1,0,0,0.000,0,0,0.000
553,0,0,1,0,0,0.000,0,0,0.000
554,1,0,2,0,2,0.036,0,0,0.036
555,1,0,2,0,10,0.128,0,0,0.128
556,3,1,3,1,5,0.034,1,0,0.040
557,1,0,2,0,1,0.029,0,0,0.029
558,1,0,2,0,1,0.029,0,0,0.029
559,1,0,2,0,0,0.015,0,0,0.015
560,1,0,2,0,2,0.036,0,0,0.036
561,3,1,3,4,16,0.089,1,0,0.161
562,1,0,2,0,12,0.170,0,0,0.170
563,1,0,2,0,0,0.015,0,0,0.015
564,1,0,2,0,0,0.015,0,0,0.015
565,0,0,1,0,0,0.000,0,0,0.000
566,1,0,2,0,0,0.010,0,0,0.010
567,1,0,2,0,9,0.113,0,0,0.113
568,1,0,2,0,0,0.010,0,0,0.010
569,1,0,2,0,0,0.010,0,0,0.010
570,0,0,1,0,0,0.000,0,0,0.000
571,1,0,2,0,0,0.010,0,0,0.010
572,1,0,2,0,2,0.031,0,0,0.031
573,1,0,2,0,4,0.061,0,0,0.061
574,1,0,2,0,2,0.040,0,0,0.040
575,1,0,2,0,2,0.036,0,0,0.036
576,3,1,3,4,3,0.036,1,0,0.059
577,1,0,2,0,3,0.050,0,0,0.050
578,3,1,3,4,15,0.080,1,0,0.184
579,1,0,2,0,3,0.042,0,0,0.042
580,1,0,2,0,7,0.088,0,0,0.088
581,5,2,4,5,31,0.098,2,0,0.191
582,1,0,2,0,0,0.010,0,0,0.010
583,1,0,2,0,2,0.031,0,0,0.031
584,1,0,2,0,3,0.046,0,0,0.046
585,1,0,2,0,8,0.120,0,0,0.120
586,31,15,16,48,212,0.108,14,1,0.319
587,3,1,3,4,1,0.030,1,0,0.036
588,1,0,2,0,0,0.010,0,0,0.010
589,0,0,1,0,0,0.000,0,0,0.000
590,1,0,2,0,3,0.046,0,0,0.046
591,1,0,2,0,1,0.021,0,0,0.021
592,1,0,2,0,0,0.010,0,0,0.010
593,1,0,2,0,6,0.082,0,0,0.082
594,1,0,2,0,2,0.036,0,0,0.036
595,1,0,2,0,4,0.056,0,0,0.056
596,1,0,2,0,0,0.015,0,0,0.015
597,1,0,2,0,0,0.015,0,0,0.015
598,1,0,2,0,15,0.197,0,0,0.197
599,1,0,2,0,1,0.029,0,0,0.029
600,1,0,2,0,0,0.010,0,0,0.010
601,1,0,2,0,3,0.055,0,0,0.055
602,1,0,2,0,1,0.029,0,0,0.029
603,1,0,2,0,1,0.021,0,0,0.021
604,1,0,2,0,2,0.031,0,0,0.031
605,1,0,2,0,0,0.010,0,0,0.010
606,1,0,2,0,8,0.102,0,0,0.102
607,1,0,2,0,3,0.055,0,0,0.055
608,1,0,2,0,1,0.025,0,0,0.025
609,1,0,2,0,0,0.010,0,0,0.010
610,1,0,2,0,0,0.015,0,0,0.015
611,1,0,2,0,2,0.036,0,0,0.036
612,1,0,2,0,1,0.025,0,0,0.025
613,0,0,1,0,0,0.000,0,0,0.000
614,1,0,2,0,0,0.015,0,0,0.015
615,1,0,2,0,0,0.010,0,0,0.010
616,1,0,2,0,1,0.025,0,0,0.025
617,1,0,2,0,20,0.262,0,0,0.262
618,1,0,2,0,5,0.084,0,0,0.084
619,0,0,1,0,0,0.000,0,0,0.000
620,3,1,3,4,2,0.035,1,0,0.065
621,0,0,1,0,0,0.000,0,0,0.000
622,1,0,2,0,8,0.120,0,0,0.120
623,1,0,2,0,5,0.080,0,0,0.080
624,1,0,2,0,0,0.010,0,0,0.010
625,1,0,2,0,5,0.071,0,0,0.071
626,1,0,2,0,0,0.010,0,0,0.010
627,1,0,2,0,12,0.170,0,0,0.170
628,1,0,2,0,2,0.036,0,0,0.036
629,0,0,1,0,0,0.000,0,0,0.000
630,1,0,2,0,0,0.010,0,0,0.010
631,1,0,2,0,1,0.021,0,0,0.021
632,0,0,1,0,0,0.000,0,0,0.000
633,1,0,2,0,9,0.126,0,0,0.126
634,1,0,2,0,1,0.021,0,0,0.021
635,1,0,2,0,3,0.055,0,0,0.055
636,1,0,2,0,2,0.031,0,0,0.031
637,0,0,1,0,0,0.000,0,0,0.000
638,1,0,2,0,0,0.010,0,0,0.010
639,1,0,2,0,1,0.025,0,0,0.025
640,1,0,2,0,14,0.178,0,0,0.178
641,1,0,2,0,1,0.025,0,0,0.025
642,1,0,2,0,4,0.065,0,0,0.065
643,1,0,2,0,1,0.025,0,0,0.025
644,1,0,2,0,0,0.010,0,0,0.010
645,1,0,2,0,0,0.015,0,0,0.015
646,1,0,2,0,0,0.015,0,0,0.015
647,1,0,2,0,14,0.178,0,0,0.178
648,1,0,2,0,0,0.015,0,0,0.015
649,1,0,2,0,0,0.015,0,0,0.015
650,1,0,2,0,1,0.021,0,0,0.021
651,1,0,2,0,0,0.010,0,0,0.010
652,16,8,7,22,79,0.086,7,1,0.253
653,1,0,2,0,0,0.010,0,0,0.010
654,0,0,1,0,0,0.000,0,0,0.000
655,0,0,1,0,0,0.000,0,0,0.000
656,1,0,2,0,0,0.010,0,0,0.010
657,1,0,2,0,2,0.036,0,0,0.036
658,1,0,2,0,0,0.015,0,0,0.015
659,1,0,2,0,0,0.010,0,0,0.010
660,1,0,2,0,0,0.010,0,0,0.010
661,1,0,2,0,4,0.056,0,0,0.056
662,1,0,2,0,0,0.010,0,0,0.010
663,1,0,2,0,3,0.046,0,0,0.046
664,3,1,3,3,29,0.140,1,0,0.232
665,1,0,2,0,0,0.010,0,0,0.010
666,11,5,7,25,53,0.089,5,0,0.222
667,1,0,2,0,2,0.031,0,0,0.031
668,0,0,1,0,0,0.000,0,0,0.000
669,1,0,2,0,3,0.050,0,0,0.050
670,1,0,2,0,5,0.075,0,0,0.075
671,1,0,2,0,1,0.021,0,0,0.021
672,0,0,1,0,0,0.000,0,0,0.000
673,1,0,2,0,0,0.010,0,0,0.010
674,0,0,1,0,0,0.000,0,0,0.000
675,3,1,3,3,11,0.066,1,0,0.107
676,1,0,2,0,7,0.096,0,0,0.096
677,1,0,2,0,4,0.052,0,0,0.052
678,1,0,2,0,4,0.065,0,0,0.065
679,1,0,2,0,4,0.069,0,0,0.069
680,1,0,2,0,3,0.042,0,0,0.042
681,1,0,2,0,1,0.021,0,0,0.021
682,1,0,2,0,0,0.010,0,0,0.010
683,1,0,2,0,0,0.010,0,0,0.010
684,6,3,3,12,7,0.045,3,0,0.059
685,1,0,2,0,9,0.104,0,0,0.104
686,1,0,2,0,0,0.010,0,0,0.010
687,1,0,2,0,0,0.010,0,0,0.010
688,1,0,2,0,0,0.010,0,0,0.010
689,1,0,2,0,0,0.010,0,0,0.010
690,3,1,3,4,13,0.077,1,0,0.130
691,1,0,2,0,9,0.126,0,0,0.126
692,0,0,1,0,0,0.000,0,0,0.000
693,0,0,1,0,0,0.000,0,0,0.000
694,1,0,2,0,1,0.021,0,0,0.021
695,1,0,2,0,0,0.010,0,0,0.010
696,1,0,2,0,1,0.021,0,0,0.021
697,1,0,2,0,1,0.021,0,0,0.021
698,3,1,3,3,17,0.091,1,0,0.191
699,0,0,1,0,0,0.000,0,0,0.000
700,3,1,3,3,39,0.170,1,0,0.232
701,1,0,2,0,0,0.015,0,0,0.015
702,1,0,2,0,16,0.212,0,0,0.212
703,1,0,2,0,2,0.036,0,0,0.036
704,1,0,2,0,2,0.040,0,0,0.040
705,1,0,2,0,0,0.010,0,0,0.010
706,0,0,1,0,0,0.000,0,0,0.000
707,1,0,2,0,9,0.117,0,0,0.117
708,1,0,2,0,2,0.036,0,0,0.036
709,1,0,2,0,1,0.025,0,0,0.025
710,1,0,2,0,2,0.031,0,0,0.031
711,7,3,5,10,12,0.044,3,0,0.090
712,1,0,2,0,11,0.147,0,0,0.147
713,1,0,2,0,3,0.046,0,0,0.046
714,1,0,2,0,3,0.050,0,0,0.050
715,1,0,2,0,3,0.046,0,0,0.046
716,3,1,3,3,12,0.069,1,0,0.096
717,1,0,2,0,0,0.010,0,0,0.010
718,0,0,1,0,0,0.000,0,0,0.000
719,1,0,2,0,1,0.021,0,0,0.021
720,1,0,2,0,2,0.044,0,0,0.044
721,1,0,2,0,2,0.036,0,0,0.036
722,0,0,1,0,0,0.000,0,0,0.000
723,1,0,2,0,0,0.015,0,0,0.015
724,1,0,2,0,11,0.151,0,0,0.151
725,1,0,2,0,0,0.010,0,0,0.010
726,1,0,2,0,0,0.015,0,0,0.015
727,1,0,2,0,11,0.134,0,0,0.134
728,1,0,2,0,20,0.258,0,0,0.258
729,0,0,1,0,0,0.000,0,0,0.000
730,1,0,2,0,0,0.010,0,0,0.010
731,0,0,1,0,0,0.000,0,0,0.000
732,1,0,2,0,1,0.025,0,0,0.025
733,1,0,2,0,3,0.042,0,0,0.042
734,1,0,2,0,0,0.010,0,0,0.010
735,1,0,2,0,1,0.029,0,0,0.029
736,1,0,2,0,1,0.021,0,0,0.021
737,1,0,2,0,8,0.107,0,0,0.107
738,3,1,3,4,23,0.117,1,0,0.172
739,1,0,2,0,1,0.025,0,0,0.025
740,3,1,3,3,15,0.081,1,0,0.147
741,0,0,1,0,0,0.000,0,0,0.000
742,1,0,2,0,10,0.123,0,0,0.123
743,0,0,1,0,0,0.000,0,0,0.000
744,1,0,2,0,3,0.050,0,0,0.050
745,1,0,2,0,3,0.055,0,0,0.055
746,3,1,3,3,14,0.072,1,0,0.123
747,0,0,1,0,0,0.000,0,0,0.000
748,0,0,1,0,0,0.000,0,0,0.000
749,1,0,2,0,0,0.010,0,0,0.010
750,1,0,2,0,1,0.021,0,0,0.021
751,12,5,8,22,70,0.099,4,1,0.258
752,3,1,3,5,20,0.105,1,0,0.138
753,1,0,2,0,11,0.142,0,0,0.142
754,1,0,2,0,0,0.010,0,0,0.010
755,3,1,3,1,9,0.057,1,0,0.115
756,1,0,2,0,0,0.010,0,0,0.010
757,1,0,2,0,1,0.025,0,0,0.025
758,0,0,1,0,0,0.000,0,0,0.000
759,3,1,3,3,4,0.036,1,0,0.050
760,1,0,2,0,3,0.046,0,0,0.046
761,1,0,2,0,1,0.021,0,0,0.021
762,1,0,2,0,6,0.082,0,0,0.082
763,0,0,1,0,0,0.000,0,0,0.000
764,1,0,2,0,1,0.025,0,0,0.025
765,1,0,2,0,1,0.025,0,0,0.025
766,1,0,2,0,1,0.025,0,0,0.025
767,1,0,2,0,1,0.021,0,0,0.021
768,1,0,2,0,0,0.015,0,0,0.015
769,1,0,2,0,3,0.042,0,0,0.042
770,1,0,2,0,3,0.055,0,0,0.055
771,1,0,2,0,4,0.061,0,0,0.061
772,3,1,2,2,13,0.063,0,1,0.117
773,0,0,1,0,0,0.000,0,0,0.000
774,0,0,1,0,0,0.000,0,0,0.000
775,1,0,2,0,0,0.015,0,0,0.015
776,1,0,2,0,0,0.010,0,0,0.010
777,5,2,4,4,27,0.086,2,0,0.101
778,1,0,2,0,5,0.075,0,0,0.075
779,1,0,2,0,0,0.015,0,0,0.015
780,0,0,1,0,0,0.000,0,0,0.000
781,1,0,2,0,3,0.050,0,0,0.050
782,1,0,2,0,4,0.069,0,0,0.069
783,1,0,2,0,5,0.067,0,0,0.067
784,0,0,1,0,0,0.000,0,0,0.000
785,1,0,2,0,1,0.029,0,0,0.029
786,14,7,6,22,93,0.109,6,1,0.247
787,1,0,2,0,1,0.025,0,0,0.025
788,1,0,2,0,0,0.015,0,0,0.015
789,0,0,1,0,0,0.000,0,0,0.000
790,1,0,2,0,1,0.021,0,0,0.021
791,0,0,1,0,0,0.000,0,0,0.000
792,1,0,2,0,0,0.010,0,0,0.010
793,1,0,2,0,0,0.015,0,0,0.015
794,0,0,1,0,0,0.000,0,0,0.000
795,1,0,2,0,0,0.010,0,0,0.010
796,1,0,2,0,7,0.096,0,0,0.096
797,1,0,2,0,1,0.025,0,0,0.025
798,0,0,1,0,0,0.000,0,0,0.000
799,0,0,1,0,0,0.000,0,0,0.000
800,0,0,1,0,0,0.000,0,0,0.000
801,1,0,2,0,1,0.021,0,0,0.021
802,1,0,2,0,4,0.061,0,0,0.061
803,1,0,2,0,0,0.015,0,0,0.015
804,4,1,3,4,17,0.079,0,0,0.132
805,1,0,2,0,3,0.055,0,0,0.055
806,1,0,2,0,0,0.015,0,0,0.015
807,0,0,1,0,0,0.000,0,0,0.000
808,1,0,2,0,2,0.036,0,0,0.036
809,1,0,2,0,0,0.010,0,0,0.010
810,1,0,2,0,4,0.056,0,0,0.056
811,1,0,2,0,0,0.010,0,0,0.010
812,1,0,2,0,0,0.010,0,0,0.010
813,0,0,1,0,0,0.000,0,0,0.000
814,1,0,2,0,6,0.077,0,0,0.077
815,1,0,2,0,1,0.021,0,0,0.021
816,0,0,1,0,0,0.000,0,0,0.000
817,1,0,2,0,2,0.031,0,0,0.031
818,1,0,2,0,2,0.031,0,0,0.031
819,0,0,1,0,0,0.000,0,0,0.000
820,3,1,3,1,5,0.034,1,0,0.046
821,1,0,2,0,0,0.010,0,0,0.010
822,3,1,3,4,9,0.059,1,0,0.102
823,1,0,2,0,9,0.117,0,0,0.117
824,1,0,2,0,1,0.021,0,0,0.021
825,21,9,12,29,126,0.093,6,3,0.238
826,1,0,2,0,1,0.025,0,0,0.025
827,1,0,2,0,3,0.042,0,0,0.042
828,1,0,2,0,4,0.052,0,0,0.052
829,1,0,2,0,2,0.031,0,0,0.031
830,1,0,2,0,1,0.025,0,0,0.025
831,1,0,2,0,2,0.036,0,0,0.036
832,1,0,2,0,1,0.029,0,0,0.029
833,1,0,2,0,9,0.126,0,0,0.126
834,0,0,1,0,0,0.000,0,0,0.000
835,0,0,1,0,0,0.000,0,0,0.000
836,0,0,1,0,0,0.000,0,0,0.000
837,3,1,3,3,7,0.053,1,0,0.065
838,1,0,2,0,4,0.056,0,0,0.056
839,1,0,2,0,3,0.050,0,0,0.050
840,3,1,3,4,18,0.101,1,0,0.161
841,1,0,2,0,0,0.010,0,0,0.010
842,1,0,2,0,6,0.090,0,0,0.090
843,1,0,2,0,0,0.010,0,0,0.010
844,1,0,2,0,1,0.025,0,0,0.025
845,1,0,2,0,0,0.015,0,0,0.015
846,4,2,2,7,28,0.111,2,0,0.186
847,1,0,2,0,0,0.015,0,0,0.015
848,0,0,1,0,0,0.000,0,0,0.000
849,3,1,3,1,19,0.094,1,0,0.172
850,1,0,2,0,2,0.040,0,0,0.040
851,1,0,2,0,8,0.107,0,0,0.107
852,1,0,2,0,7,0.101,0,0,0.101
853,1,0,2,0,0,0.010,0,0,0.010
854,1,0,2,0,5,0.080,0,0,0.080
855,1,0,2,0,5,0.080,0,0,0.080
856,1,0,2,0,3,0.046,0,0,0.046
857,1,0,2,0,2,0.036,0,0,0.036
858,1,0,2,0,0,0.010,0,0,0.010
859,3,1,3,3,21,0.105,1,0,0.224
860,1,0,2,0,0,0.010,0,0,0.010
861,1,0,2,0,3,0.050,0,0,0.050
862,1,0,2,0,0,0.010,0,0,0.010
863,3,1,3,4,9,0.061,1,0,0.101
864,1,0,2,0,0,0.015,0,0,0.015
865,1,0,2,0,1,0.025,0,0,0.025
866,1,0,2,0,1,0.025,0,0,0.025
867,1,0,2,0,3,0.050,0,0,0.050
868,1,0,2,0,3,0.050,0,0,0.050
869,1,0,2,0,2,0.036,0,0,0.036
870,0,0,1,0,0,0.000,0,0,0.000
871,1,0,2,0,1,0.025,0,0,0.025
872,1,0,2,0,2,0.031,0,0,0.031
873,1,0,2,0,1,0.021,0,0,0.021
874,1,0,2,0,2,0.031,0,0,0.031
875,0,0,1,0,0,0.000,0,0,0.000
876,1,0,2,0,1,0.021,0,0,0.021
877,6,2,3,6,7,0.033,0,1,0.086
878,1,0,2,0,5,0.075,0,0,0.075
879,1,0,2,0,2,0.036,0,0,0.036
880,1,0,2,0,2,0.036,0,0,0.036
881,1,0,2,0,0,0.015,0,0,0.015
882,1,0,2,0,8,0.111,0,0,0.111
883,1,0,2,0,0,0.015,0,0,0.015
884,1,0,2,0,0,0.015,0,0,0.015
885,0,0,1,0,0,0.000,0,0,0.000
886,0,0,1,0,0,0.000,0,0,0.000
887,1,0,2,0,8,0.102,0,0,0.102
888,1,0,2,0,1,0.025,0,0,0.025
889,1,0,2,0,2,0.036,0,0,0.036
890,1,0,2,0,2,0.040,0,0,0.040
891,0,0,1,0,0,0.000,0,0,0.000
892,1,0,2,0,1,0.025,0,0,0.025
893,1,0,2,0,1,0.029,0,0,0.029
894,1,0,2,0,1,0.025,0,0,0.025
895,1,0,2,0,6,0.077,0,0,0.077
896,1,0,2,0,3,0.050,0,0,0.050
897,1,0,2,0,0,0.015,0,0,0.015
898,5,2,4,5,28,0.090,2,0,0.182
899,1,0,2,0,0,0.010,0,0,0.010
900,1,0,2,0,7,0.096,0,0,0.096
901,1,0,2,0,1,0.025,0,0,0.025
902,1,0,2,0,1,0.021,0,0,0.021
903,1,0,2,0,0,0.015,0,0,0.015
904,1,0,2,0,3,0.050,0,0,0.050
905,1,0,2,0,7,0.109,0,0,0.109
906,1,0,2,0,12,0.157,0,0,0.157
907,11,5,6,19,62,0.097,4,1,0.219
908,1,0,2,0,0,0.015,0,0,0.015
909,1,0,2,0,0,0.010,0,0,0.010
910,3,1,3,3,3,0.034,1,0,0.040
911,0,0,1,0,0,0.000,0,0,0.000
912,1,0,2,0,14,0.182,0,0,0.182
913,1,0,2,0,1,0.021,0,0,0.021
914,1,0,2,0,0,0.010,0,0,0.010
915,1,0,2,0,0,0.010,0,0,0.010
916,0,0,1,0,0,0.000,0,0,0.000
917,1,0,2,0,2,0.036,0,0,0.036
918,34,16,15,68,215,0.107,12,3,0.243
919,0,0,1,0,0,0.000,0,0,0.000
920,1,0,2,0,0,0.010,0,0,0.010
921,1,0,2,0,1,0.025,0,0,0.025
922,1,0,2,0,2,0.036,0,0,0.036
923,1,0,2,0,3,0.050,0,0,0.050
924,1,0,2,0,2,0.036,0,0,0.036
925,1,0,2,0,0,0.015,0,0,0.015
926,1,0,2,0,0,0.015,0,0,0.015
927,1,0,2,0,3,0.050,0,0,0.050
928,1,0,2,0,20,0.262,0,0,0.262
929,1,0,2,0,2,0.040,0,0,0.040
930,1,0,2,0,1,0.021,0,0,0.021
931,3,1,3,3,8,0.048,1,0,0.052
932,1,0,2,0,0,0.010,0,0,0.010
933,1,0,2,0,10,0.136,0,0,0.136
934,0,0,1,0,0,0.000,0,0,0.000
935,0,0,1,0,0,0.000,0,0,0.000
936,0,0,1,0,0,0.000,0,0,0.000
937,0,0,1,0,0,0.000,0,0,0.000
938,1,0,2,0,1,0.025,0,0,0.025
939,1,0,2,0,2,0.031,0,0,0.031
940,1,0,2,0,2,0.036,0,0,0.036
941,1,0,2,0,6,0.077,0,0,0.077
942,0,0,1,0,0,0.000,0,0,0.000
943,1,0,2,0,4,0.065,0,0,0.065
944,1,0,2,0,0,0.010,0,0,0.010
945,1,0,2,0,0,0.010,0,0,0.010
946,1,0,2,0,0,0.010,0,0,0.010
947,1,0,2,0,0,0.010,0,0,0.010
948,1,0,2,0,9,0.130,0,0,0.130
949,17,8,9,26,98,0.098,7,1,0.251
950,1,0,2,0,1,0.021,0,0,0.021
951,1,0,2,0,1,0.021,0,0,0.021
952,1,0,2,0,5,0.067,0,0,0.067
953,8,3,5,17,25,0.077,2,0,0.140
954,3,1,2,2,4,0.030,0,1,0.069
955,1,0,2,0,6,0.094,0,0,0.094
956,1,0,2,0,1,0.025,0,0,0.025
957,3,1,3,3,3,0.034,1,0,0.046
958,1,0,2,0,3,0.046,0,0,0.046
959,1,0,2,0,2,0.036,0,0,0.036
960,1,0,2,0,0,0.010,0,0,0.010
961,1,0,2,0,1,0.025,0,0,0.025
962,1,0,2,0,1,0.025,0,0,0.025
963,1,0,2,0,3,0.046,0,0,0.046
964,1,0,2,0,2,0.044,0,0,0.044
965,0,0,1,0,0,0.000,0,0,0.000
966,1,0,2,0,1,0.021,0,0,0.021
967,0,0,1,0,0,0.000,0,0,0.000
968,0,0,1,0,0,0.000,0,0,0.000
969,1,0,2,0,0,0.015,0,0,0.015
970,0,0,1,0,0,0.000,0,0,0.000
971,1,0,2,0,18,0.224,0,0,0.224
972,1,0,2,0,1,0.029,0,0,0.029
973,1,0,2,0,17,0.213,0,0,0.213
974,1,0,2,0,0,0.010,0,0,0.010
975,0,0,1,0,0,0.000,0,0,0.000
976,1,0,2,0,0,0.015,0,0,0.015
977,1,0,2,0,2,0.040,0,0,0.040
978,3,1,3,3,6,0.041,1,0,0.062
979,1,0,2,0,0,0.010,0,0,0.010
980,1,0,2,0,0,0.010,0,0,0.010
981,1,0,2,0,0,0.010,0,0,0.010
982,1,0,2,0,1,0.021,0,0,0.021
983,1,0,2,0,2,0.040,0,0,0.040
984,1,0,2,0,2,0.040,0,0,0.040
985,0,0,1,0,0,0.000,0,0,0.000
986,1,0,2,0,1,0.025,0,0,0.025
987,1,0,2,0,1,0.025,0,0,0.025
988,1,0,2,0,1,0.025,0,0,0.025
989,1,0,2,0,2,0.036,0,0,0.036
990,1,0,2,0,5,0.067,0,0,0.067
991,1,0,2,0,3,0.050,0,0,0.050
992,1,0,2,0,1,0.021,0,0,0.021
993,1,0,2,0,1,0.025,0,0,0.025
994,1,0,2,0,22,0.274,0,0,0.274
995,1,0,2,0,0,0.010,0,0,0.010
996,1,0,2,0,2,0.036,0,0,0.036
997,1,0,2,0,1,0.025,0,0,0.025
998,1,0,2,0,2,0.031,0,0,0.031
999,1,0,2,0,0,0.015,0,0,0.015
1000,5,2,2,4,21,0.064,0,2,0.130
1001,1,0,2,0,0,0.010,0,0,0.010
1002,1,0,2,0,0,0.015,0,0,0.015
1003,1,0,2,0,2,0.036,0,0,0.036
1004,1,0,2,0,2,0.040,0,0,0.040
1005,1,0,2,0,12,0.157,0,0,0.157
1006,1,0,2,0,4,0.065,0,0,0.065
1007,1,0,2,0,0,0.015,0,0,0.015
1008,1,0,2,0,0,0.010,0,0,0.010
1009,1,0,2,0,0,0.010,0,0,0.010
1010,1,0,2,0,1,0.025,0,0,0.025
1011,1,0,2,0,1,0.021,0,0,0.021
1012,1,0,2,0,0,0.015,0,0,0.015
1013,1,0,2,0,3,0.046,0,0,0.046
1014,1,0,2,0,0,0.015,0,0,0.015
1015,1,0,2,0,0,0.010,0,0,0.010
1016,1,0,2,0,13,0.159,0,0,0.159
1017,0,0,1,0,0,0.000,0,0,0.000
1018,0,0,1,0,0,0.000,0,0,0.000
1019,1,0,2,0,0,0.010,0,0,0.010
1020,1,0,2,0,0,0.015,0,0,0.015
1021,1,0,2,0,0,0.010,0,0,0.010
1022,3,1,3,5,15,0.088,1,0,0.147
1023,1,0,2,0,5,0.067,0,0,0.067
1024,1,0,2,0,1,0.021,0,0,0.021
1025,1,0,2,0,7,0.096,0,0,0.096
1026,1,0,2,0,2,0.036,0,0,0.036
1027,1,0,2,0,1,0.025,0,0,0.025
1028,1,0,2,0,28,0.332,0,0,0.332
1029,1,0,2,0,4,0.056,0,0,0.056
1030,1,0,2,0,1,0.021,0,0,0.021
1031,1,0,2,0,1,0.021,0,0,0.021
1032,1,0,2,0,1,0.025,0,0,0.025
1033,1,0,2,0,0,0.015,0,0,0.015
1034,1,0,2,0,4,0.061,0,0,0.061
1035,1,0,2,0,1,0.029,0,0,0.029
1036,1,0,2,0,0,0.015,0,0,0.015
1037,1,0,2,0,1,0.021,0,0,0.021
1038,1,0,2,0,0,0.010,0,0,0.010
1039,1,0,2,0,2,0.036,0,0,0.036
1040,0,0,1,0,0,0.000,0,0,0.000
1041,1,0,2,0,0,0.010,0,0,0.010
1042,1,0,2,0,0,0.010,0,0,0.010
1043,1,0,2,0,4,0.052,0,0,0.052
1044,1,0,2,0,1,0.021,0,0,0.021
1045,1,0,2,0,1,0.025,0,0,0.025
1046,1,0,2,0,1,0.021,0,0,0.021
1047,0,0,1,0,0,0.000,0,0,0.000
1048,1,0,2,0,0,0.015,0,0,0.015
1049,1,0,2,0,1,0.025,0,0,0.025
1050,1,0,2,0,0,0.010,0,0,0.010
1051,1,0,2,0,0,0.010,0,0,0.010
1052,1,0,2,0,3,0.042,0,0,0.042
1053,2,1,1,4,42,0.290,1,0,0.494
1054,1,0,2,0,0,0.015,0,0,0.015
1055,1,0,2,0,6,0.086,0,0,0.086
1056,1,0,2,0,3,0.046,0,0,0.046
1057,1,0,2,0,1,0.025,0,0,0.025
1058,1,0,2,0,0,0.010,0,0,0.010
1059,1,0,2,0,1,0.029,0,0,0.029
1060,1,0,2,0,1,0.021,0,0,0.021
1061,1,0,2,0,2,0.040,0,0,0.040
1062,1,0,2,0,0,0.010,0,0,0.010
1063,0,0,1,0,0,0.000,0,0,0.000
1064,1,0,2,0,7,0.096,0,0,0.096
1065,0,0,1,0,0,0.000,0,0,0.000
1066,1,0,2,0,1,0.025,0,0,0.025
1067,1,0,2,0,3,0.055,0,0,0.055
1068,1,0,2,0,1,0.025,0,0,0.025
1069,1,0,2,0,1,0.025,0,0,0.025
1070,1,0,2,0,0,0.010,0,0,0.010
1071,0,0,1,0,0,0.000,0,0,0.000
1072,1,0,2,0,0,0.015,0,0,0.015
1073,3,1,2,2,2,0.022,0,1,0.029
1074,0,0,1,0,0,0.000,0,0,0.000
1075,1,0,2,0,0,0.010,0,0,0.010
1076,1,0,2,0,13,0.163,0,0,0.163
1077,0,0,1,0,0,0.000,0,0,0.000
1078,1,0,2,0,1,0.025,0,0,0.025
1079,1,0,2,0,6,0.099,0,0,0.099
1080,1,0,2,0,0,0.010,0,0,0.010
1081,1,0,2,0,0,0.010,0,0,0.010
1082,1,0,2,0,15,0.188,0,0,0.188
1083,1,0,2,0,0,0.015,0,0,0.015
1084,0,0,1,0,0,0.000,0,0,0.000
1085,1,0,2,0,2,0.036,0,0,0.036
1086,0,0,1,0,0,0.000,0,0,0.000
1087,1,0,2,0,5,0.067,0,0,0.067
1088,1,0,2,0,0,0.015,0,0,0.015
1089,1,0,2,0,3,0.046,0,0,0.046
1090,1,0,2,0,0,0.010,0,0,0.010
1091,1,0,2,0,0,0.010,0,0,0.010
1092,1,0,2,0,0,0.010,0,0,0.010
1093,1,0,2,0,3,0.042,0,0,0.042
1094,1,0,2,0,0,0.010,0,0,0.010
1095,1,0,2,0,7,0.101,0,0,0.101
1096,1,0,2,0,0,0.010,0,0,0.010
1097,0,0,1,0,0,0.000,0,0,0.000
1098,1,0,2,0,7,0.092,0,0,0.092
1099,1,0,2,0,1,0.021,0,0,0.021
1100,1,0,2,0,0,0.010,0,0,0.010
1101,1,0,2,0,0,0.010,0,0,0.010
1102,0,0,1,0,0,0.000,0,0,0.000
1103,1,0,2,0,0,0.015,0,0,0.015
1104,0,0,1,0,0,0.000,0,0,0.000
1105,1,0,2,0,4,0.061,0,0,0.061
1106,0,0,1,0,0,0.000,0,0,0.000
1107,1,0,2,0,0,0.015,0,0,0.015
1108,1,0,2,0,1,0.025,0,0,0.025
1109,0,0,1,0,0,0.000,0,0,0.000
1110,3,1,3,3,20,0.108,1,0,0.205
1111,0,0,1,0,0,0.000,0,0,0.000
1112,1,0,2,0,0,0.010,0,0,0.010
1113,1,0,2,0,0,0.015,0,0,0.015
1114,0,0,1,0,0,0.000,0,0,0.000
1115,1,0,2,0,1,0.025,0,0,0.025
1116,1,0,2,0,1,0.025,0,0,0.025
1117,68,35,26,130,392,0.098,30,5,0.359
1118,1,0,2,0,2,0.031,0,0,0.031
1119,1,0,2,0,2,0.040,0,0,0.040
1120,1,0,2,0,5,0.071,0,0,0.071
1121,1,0,2,0,5,0.067,0,0,0.067
1122,1,0,2,0,1,0.025,0,0,0.025
1123,1,0,2,0,0,0.015,0,0,0.015
1124,1,0,2,0,7,0.096,0,0,0.096
1125,29,14,14,52,163,0.099,12,2,0.253
1126,0,0,1,0,0,0.000,0,0,0.000
1127,3,1,3,1,2,0.027,1,0,0.025
1128,1,0,2,0,0,0.010,0,0,0.010
1129,1,0,2,0,9,0.117,0,0,0.117
1130,1,0,2,0,4,0.061,0,0,0.061
1131,3,1,3,3,10,0.062,1,0,0.136
1132,1,0,2,0,0,0.010,0,0,0.010
1133,1,0,2,0,0,0.010,0,0,0.010
1134,1,0,2,0,0,0.010,0,0,0.010
1135,0,0,1,0,0,0.000,0,0,0.000
1136,1,0,2,0,0,0.010,0,0,0.010
1137,1,0,2,0,2,0.036,0,0,0.036
1138,1,0,2,0,2,0.040,0,0,0.040
1139,1,0,2,0,1,0.025,0,0,0.025
1140,0,0,1,0,0,0.000,0,0,0.000
1141,3,1,3,4,9,0.056,1,0,0.092
1142,3,1,3,3,2,0.029,1,0,0.036
1143,1,0,2,0,0,0.010,0,0,0.010
1144,1,0,2,0,0,0.010,0,0,0.010
1145,1,0,2,0,0,0.015,0,0,0.015
1146,1,0,2,0,0,0.015,0,0,0.015
1147,0,0,1,0,0,0.000,0,0,0.000
1148,1,0,2,0,0,0.010,0,0,0.010
1149,1,0,2,0,0,0.010,0,0,0.010
1150,1,0,2,0,0,0.010,0,0,0.010
1151,1,0,2,0,0,0.010,0,0,0.010
1152,1,0,2,0,0,0.010,0,0,0.010
1153,0,0,1,0,0,0.000,0,0,0.000
1154,1,0,2,0,1,0.021,0,0,0.021
1155,1,0,2,0,3,0.055,0,0,0.055
1156,1,0,2,0,5,0.075,0,0,0.075
1157,0,0,1,0,0,0.000,0,0,0.000
1158,1,0,2,0,1,0.025,0,0,0.025
1159,3,1,3,3,4,0.038,1,0,0.050
1160,1,0,2,0,2,0.036,0,0,0.036
1161,1,0,2,0,4,0.065,0,0,0.065
1162,1,0,2,0,2,0.036,0,0,0.036
1163,1,0,2,0,0,0.010,0,0,0.010
1164,1,0,2,0,0,0.015,0,0,0.015
1165,0,0,1,0,0,0.000,0,0,0.000
1166,0,0,1,0,0,0.000,0,0,0.000
1167,0,0,1,0,0,0.000,0,0,0.000
1168,5,2,4,7,26,0.084,2,0,0.132
1169,1,0,2,0,2,0.031,0,0,0.031
1170,1,0,2,0,0,0.015,0,0,0.015
1171,0,0,1,0,0,0.000,0,0,0.000
1172,1,0,2,0,0,0.015,0,0,0.015
1173,1,0,2,0,11,0.142,0,0,0.142
1174,1,0,2,0,0,0.015,0,0,0.015
1175,0,0,1,0,0,0.000,0,0,0.000
1176,1,0,2,0,1,0.021,0,0,0.021
1177,1,0,2,0,0,0.010,0,0,0.010
1178,0,0,1,0,0,0.000,0,0,0.000
1179,0,0,1,0,0,0.000,0,0,0.000
1180,0,0,1,0,0,0.000,0,0,0.000
1181,1,0,2,0,0,0.010,0,0,0.010
1182,1,0,2,0,0,0.010,0,0,0.010
1183,1,0,2,0,1,0.021,0,0,0.021
1184,0,0,1,0,0,0.000,0,0,0.000
1185,1,0,2,0,1,0.025,0,0,0.025
1186,1,0,2,0,2,0.036,0,0,0.036
1187,0,0,1,0,0,0.000,0,0,0.000
1188,1,0,2,0,2,0.036,0,0,0.036
1189,1,0,2,0,1,0.021,0,0,0.021
1190,1,0,2,0,2,0.031,0,0,0.031
1191,1,0,2,0,0,0.010,0,0,0.010
1192,0,0,1,0,0,0.000,0,0,0.000
1193,1,0,2,0,4,0.065,0,0,0.065
1194,1,0,2,0,2,0.036,0,0,0.036
1195,0,0,1,0,0,0.000,0,0,0.000
1196,3,1,3,3,35,0.158,1,0,0.376
1197,1,0,2,0,13,0.163,0,0,0.163
1198,1,0,2,0,0,0.010,0,0,0.010
1199,1,0,2,0,0,0.010,0,0,0.010
1200,2,1,2,8,14,0.116,0,0,0.167
1201,1,0,2,0,5,0.075,0,0,0.075
1202,1,0,2,0,1,0.025,0,0,0.025
1203,0,0,1,0,0,0.000,0,0,0.000
1204,1,0,2,0,1,0.025,0,0,0.025
1205,1,0,2,0,0,0.010,0,0,0.010
1206,1,0,2,0,1,0.021,0,0,0.021
1207,0,0,1,0,0,0.000,0,0,0.000
1208,1,0,2,0,0,0.015,0,0,0.015
1209,0,0,1,0,0,0.000,0,0,0.000
1210,1,0,2,0,2,0.031,0,0,0.031
1211,1,0,2,0,13,0.167,0,0,0.167
1212,1,0,2,0,2,0.036,0,0,0.036
1213,1,0,2,0,7,0.101,0,0,0.101
1214,3,1,3,3,8,0.057,1,0,0.101
1215,1,0,2,0,2,0.040,0,0,0.040
1216,1,0,2,0,1,0.021,0,0,0.021
1217,1,0,2,0,3,0.055,0,0,0.055
1218,1,0,2,0,2,0.036,0,0,0.036
1219,1,0,2,0,2,0.040,0,0,0.040
1220,0,0,1,0,0,0.000,0,0,0.000
1221,1,0,2,0,2,0.031,0,0,0.031
1222,0,0,1,0,0,0.000,0,0,0.000
1223,0,0,1,0,0,0.000,0,0,0.000
1224,3,1,2,2,6,0.037,0,1,0.071
1225,1,0,2,0,3,0.050,0,0,0.050
1226,3,1,3,4,15,0.077,1,0,0.098
1227,1,0,2,0,3,0.050,0,0,0.050
1228,1,0,2,0,0,0.010,0,0,0.010
1229,1,0,2,0,0,0.010,0,0,0.010
1230,0,0,1,0,0,0.000,0,0,0.000
1231,1,0,2,0,6,0.086,0,0,0.086
1232,1,0,2,0,0,0.010,0,0,0.010
1233,5,2,4,8,25,0.083,2,0,0.123
1234,0,0,1,0,0,0.000,0,0,0.000
1235,1,0,2,0,2,0.036,0,0,0.036
1236,0,0,1,0,0,0.000,0,0,0.000
1237,1,0,2,0,0,0.015,0,0,0.015
1238,1,0,2,0,0,0.010,0,0,0.010
1239,1,0,2,0,2,0.040,0,0,0.040
1240,1,0,2,0,1,0.021,0,0,0.021
1241,1,0,2,0,3,0.046,0,0,0.046
1242,1,0,2,0,14,0.186,0,0,0.186
1243,3,1,2,5,3,0.042,0,1,0.050
1244,1,0,2,0,3,0.050,0,0,0.050
1245,1,0,2,0,0,0.010,0,0,0.010
1246,1,0,2,0,0,0.015,0,0,0.015
1247,0,0,1,0,0,0.000,0,0,0.000
1248,1,0,2,0,2,0.036,0,0,0.036
1249,1,0,2,0,4,0.061,0,0,0.061
1250,1,0,2,0,0,0.010,0,0,0.010
1251,5,2,4,6,23,0.077,2,0,0.147
1252,1,0,2,0,0,0.015,0,0,0.015
1253,1,0,2,0,14,0.178,0,0,0.178
1254,1,0,2,0,5,0.067,0,0,0.067
1255,0,0,1,0,0,0.000,0,0,0.000
1256,1,0,2,0,1,0.029,0,0,0.029
1257,1,0,2,0,3,0.050,0,0,0.050
1258,1,0,2,0,6,0.086,0,0,0.086
1259,1,0,2,0,5,0.075,0,0,0.075
1260,0,0,1,0,0,0.000,0,0,0.000
1261,1,0,2,0,5,0.080,0,0,0.080
1262,1,0,2,0,2,0.040,0,0,0.040
1263,1,0,2,0,0,0.010,0,0,0.010
1264,1,0,2,0,4,0.065,0,0,0.065
1265,1,0,2,0,3,0.050,0,0,0.050
1266,3,1,3,4,9,0.062,1,0,0.105
1267,1,0,2,0,3,0.050,0,0,0.050
1268,1,0,2,0,0,0.010,0,0,0.010
1269,1,0,2,0,9,0.113,0,0,0.113
1270,1,0,2,0,0,0.010,0,0,0.010
1271,1,0,2,0,0,0.015,0,0,0.015
1272,1,0,2,0,0,0.015,0,0,0.015
1273,0,0,1,0,0,0.000,0,0,0.000
1274,1,0,2,0,1,0.025,0,0,0.025
1275,1,0,2,0,1,0.025,0,0,0.025
1276,1,0,2,0,0,0.015,0,0,0.015
1277,1,0,2,0,3,0.050,0,0,0.050
1278,0,0,1,0,0,0.000,0,0,0.000
1279,1,0,2,0,0,0.015,0,0,0.015
1280,1,0,2,0,9,0.126,0,0,0.126
1281,1,0,2,0,2,0.036,0,0,0.036
1282,1,0,2,0,0,0.010,0,0,0.010
1283,0,0,1,0,0,0.000,0,0,0.000
1284,0,0,1,0,0,0.000,0,0,0.000
1285,1,0,2,0,0,0.010,0,0,0.010
1286,6,2,5,8,86,0.194,1,1,0.641
1287,1,0,2,0,0,0.010,0,0,0.010
1288,1,0,2,0,1,0.029,0,0,0.029
1289,1,0,2,0,2,0.036,0,0,0.036
1290,1,0,2,0,0,0.010,0,0,0.010
1291,1,0,2,0,1,0.025,0,0,0.025
1292,2,1,1,3,27,0.179,1,0,0.243
1293,3,1,3,4,4,0.040,1,0,0.055
1294,1,0,2,0,23,0.280,0,0,0.280
1295,0,0,1,0,0,0.000,0,0,0.000
1296,0,0,1,0,0,0.000,0,0,0.000
1297,1,0,2,0,4,0.065,0,0,0.065
1298,1,0,2,0,1,0.025,0,0,0.025
1299,3,1,3,1,9,0.047,1,0,0.075
1300,1,0,2,0,1,0.025,0,0,0.025
1301,1,0,2,0,0,0.015,0,0,0.015
1302,1,0,2,0,3,0.055,0,0,0.055
1303,1,0,2,0,0,0.010,0,0,0.010
1304,1,0,2,0,0,0.010,0,0,0.010
1305,1,0,2,0,2,0.040,0,0,0.040
1306,1,0,2,0,2,0.031,0,0,0.031
1307,1,0,2,0,0,0.015,0,0,0.015
1308,1,0,2,0,2,0.036,0,0,0.036
1309,1,0,2,0,3,0.050,0,0,0.050
1310,1,0,2,0,3,0.046,0,0,0.046
1311,1,0,2,0,0,0.010,0,0,0.010
1312,1,0,2,0,0,0.010,0,0,0.010
1313,0,0,1,0,0,0.000,0,0,0.000
1314,1,0,2,0,3,0.046,0,0,0.046
1315,1,0,2,0,7,0.096,0,0,0.096
1316,1,0,2,0,1,0.021,0,0,0.021
1317,1,0,2,0,0,0.010,0,0,0.010
1318,1,0,2,0,1,0.021,0,0,0.021
1319,1,0,2,0,1,0.025,0,0,0.025
1320,1,0,2,0,0,0.010,0,0,0.010
1321,1,0,2,0,0,0.010,0,0,0.010
1322,1,0,2,0,1,0.021,0,0,0.021
1323,1,0,2,0,2,0.036,0,0,0.036
1324,1,0,2,0,1,0.029,0,0,0.029
1325,1,0,2,0,7,0.101,0,0,0.101
1326,1,0,2,0,1,0.021,0,0,0.021
1327,1,0,2,0,0,0.015,0,0,0.015
1328,1,0,2,0,0,0.015,0,0,0.015
1329,0,0,1,0,0,0.000,0,0,0.000
1330,1,0,2,0,0,0.015,0,0,0.015
1331,1,0,2,0,0,0.010,0,0,0.010
1332,1,0,2,0,1,0.025,0,0,0.025
1333,1,0,2,0,1,0.021,0,0,0.021
1334,0,0,1,0,0,0.000,0,0,0.000
1335,1,0,2,0,3,0.050,0,0,0.050
1336,1,0,2,0,3,0.050,0,0,0.050
1337,1,0,2,0,3,0.055,0,0,0.055
1338,0,0,1,0,0,0.000,0,0,0.000
1339,1,0,2,0,1,0.021,0,0,0.021
1340,1,0,2,0,0,0.010,0,0,0.010
1341,0,0,1,0,0,0.000,0,0,0.000
1342,1,0,2,0,1,0.021,0,0,0.021
1343,0,0,1,0,0,0.000,0,0,0.000
1344,1,0,2,0,4,0.061,0,0,0.061
1345,1,0,2,0,2,0.036,0,0,0.036
1346,0,0,1,0,0,0.000,0,0,0.000
1347,0,0,1,0,0,0.000,0,0,0.000
1348,1,0,2,0,7,0.105,0,0,0.105
1349,3,1,3,3,2,0.030,1,0,0.040
1350,1,0,2,0,5,0.067,0,0,0.067
1351,1,0,2,0,1,0.029,0,0,0.029
1352,1,0,2,0,2,0.036,0,0,0.036
1353,0,0,1,0,0,0.000,0,0,0.000
1354,1,0,2,0,0,0.010,0,0,0.010
1355,0,0,1,0,0,0.000,0,0,0.000
1356,1,0,2,0,1,0.021,0,0,0.021
1357,1,0,2,0,0,0.010,0,0,0.010
1358,1,0,2,0,0,0.015,0,0,0.015
1359,1,0,2,0,2,0.040,0,0,0.040
1360,1,0,2,0,3,0.055,0,0,0.055
1361,3,1,3,1,6,0.046,1,0,0.084
1362,1,0,2,0,0,0.010,0,0,0.010
1363,1,0,2,0,0,0.015,0,0,0.015
1364,9,4,4,11,29,0.061,2,2,0.111
1365,1,0,2,0,1,0.025,0,0,0.025
1366,3,1,3,3,13,0.074,1,0,0.182
1367,1,0,2,0,1,0.021,0,0,0.021
1368,1,0,2,0,3,0.042,0,0,0.042
1369,0,0,1,0,0,0.000,0,0,0.000
1370,0,0,1,0,0,0.000,0,0,0.000
1371,1,0,2,0,2,0.036,0,0,0.036
1372,1,0,2,0,15,0.197,0,0,0.197
1373,1,0,2,0,12,0.157,0,0,0.157
1374,1,0,2,0,5,0.071,0,0,0.071
1375,1,0,2,0,0,0.010,0,0,0.010
1376,1,0,2,0,2,0.036,0,0,0.036
1377,1,0,2,0,1,0.025,0,0,0.025
1378,1,0,2,0,2,0.031,0,0,0.031
1379,0,0,1,0,0,0.000,0,0,0.000
1380,1,0,2,0,0,0.010,0,0,0.010
1381,1,0,2,0,0,0.010,0,0,0.010
1382,1,0,2,0,1,0.025,0,0,0.025
1383,1,0,2,0,0,0.010,0,0,0.010
1384,1,0,2,0,0,0.010,0,0,0.010
1385,1,0,2,0,0,0.010,0,0,0.010
1386,1,0,2,0,0,0.010,0,0,0.010
1387,1,0,2,0,2,0.036,0,0,0.036
1388,0,0,1,0,0,0.000,0,0,0.000
1389,1,0,2,0,4,0.061,0,0,0.061
1390,1,0,2,0,3,0.059,0,0,0.059
1391,1,0,2,0,2,0.031,0,0,0.031
1392,1,0,2,0,4,0.061,0,0,0.061
1393,0,0,1,0,0,0.000,0,0,0.000
1394,1,0,2,0,0,0.015,0,0,0.015
1395,1,0,2,0,0,0.015,0,0,0.015
1396,0,0,1,0,0,0.000,0,0,0.000
1397,1,0,2,0,2,0.036,0,0,0.036
1398,1,0,2,0,2,0.031,0,0,0.031
1399,1,0,2,0,15,0.193,0,0,0.193
1400,0,0,1,0,0,0.000,0,0,0.000
1401,1,0,2,0,3,0.050,0,0,0.050
1402,0,0,1,0,0,0.000,0,0,0.000
1403,0,0,1,0,0,0.000,0,0,0.000
1404,1,0,2,0,0,0.015,0,0,0.015
1405,1,0,2,0,1,0.025,0,0,0.025
1406,1,0,2,0,1,0.025,0,0,0.025
1407,1,0,2,0,0,0.015,0,0,0.015
1408,0,0,1,0,0,0.000,0,0,0.000
1409,0,0,1,0,0,0.000,0,0,0.000
1410,5,2,4,4,19,0.065,2,0,0.145
1411,1,0,2,0,0,0.015,0,0,0.015
1412,1,0,2,0,4,0.061,0,0,0.061
1413,1,0,2,0,1,0.025,0,0,0.025
1414,0,0,1,0,0,0.000,0,0,0.000
1415,1,0,2,0,3,0.042,0,0,0.042
1416,1,0,2,0,7,0.101,0,0,0.101
1417,1,0,2,0,0,0.010,0,0,0.010
1418,1,0,2,0,0,0.010,0,0,0.010
1419,1,0,2,0,0,0.015,0,0,0.015
1420,1,0,2,0,1,0.029,0,0,0.029
1421,1,0,2,0,0,0.010,0,0,0.010
1422,1,0,2,0,0,0.010,0,0,0.010
1423,1,0,2,0,2,0.031,0,0,0.031
1424,1,0,2,0,0,0.010,0,0,0.010
1425,1,0,2,0,11,0.147,0,0,0.147
1426,1,0,2,0,2,0.031,0,0,0.031
1427,3,1,3,3,8,0.051,1,0,0.071
1428,1,0,2,0,1,0.025,0,0,0.025
1429,1,0,2,0,2,0.040,0,0,0.040
1430,3,1,3,3,11,0.066,1,0,0.105
1431,1,0,2,0,4,0.065,0,0,0.065
1432,1,0,2,0,0,0.010,0,0,0.010
1433,1,0,2,0,1,0.025,0,0,0.025
1434,1,0,2,0,1,0.029,0,0,0.029
1435,1,0,2,0,0,0.010,0,0,0.010
1436,1,0,2,0,0,0.010,0,0,0.010
1437,1,0,2,0,1,0.021,0,0,0.021
1438,1,0,2,0,3,0.042,0,0,0.042
1439,1,0,2,0,1,0.021,0,0,0.021
1440,0,0,1,0,0,0.000,0,0,0.000
1441,0,0,1,0,0,0.000,0,0,0.000
1442,3,1,3,3,16,0.084,1,0,0.151
1443,1,0,2,0,5,0.075,0,0,0.075
1444,1,0,2,0,1,0.025,0,0,0.025
1445,0,0,1,0,0,0.000,0,0,0.000
1446,0,0,1,0,0,0.000,0,0,0.000
1447,1,0,2,0,7,0.105,0,0,0.105
1448,1,0,2,0,0,0.015,0,0,0.015
1449,6,2,4,12,21,0.080,1,0,0.167
1450,1,0,2,0,0,0.010,0,0,0.010
1451,0,0,1,0,0,0.000,0,0,0.000
1452,0,0,1,0,0,0.000,0,0,0.000
1453,1,0,2,0,3,0.050,0,0,0.050
1454,1,0,2,0,0,0.010,0,0,0.010
1455,1,0,2,0,3,0.042,0,0,0.042
1456,1,0,2,0,1,0.021,0,0,0.021
1457,1,0,2,0,4,0.061,0,0,0.061
1458,1,0,2,0,1,0.021,0,0,0.021
1459,1,0,2,0,4,0.061,0,0,0.061
1460,1,0,2,0,9,0.117,0,0,0.117
1461,1,0,2,0,0,0.010,0,0,0.010
1462,3,1,2,5,3,0.040,0,1,0.050
1463,1,0,2,0,1,0.025,0,0,0.025
1464,1,0,2,0,0,0.010,0,0,0.010
1465,0,0,1,0,0,0.000,0,0,0.000
1466,1,0,2,0,3,0.050,0,0,0.050
1467,0,0,1,0,0,0.000,0,0,0.000
1468,1,0,2,0,0,0.015,0,0,0.015
1469,1,0,2,0,0,0.015,0,0,0.015
1470,1,0,2,0,12,0.148,0,0,0.148
1471,0,0,1,0,0,0.000,0,0,0.000
1472,11,5,6,19,52,0.080,4,1,0.182
1473,1,0,2,0,0,0.010,0,0,0.010
1474,3,1,3,4,39,0.173,1,0,0.264
1475,0,0,1,0,0,0.000,0,0,0.000
1476,1,0,2,0,8,0.111,0,0,0.111
1477,1,0,2,0,8,0.111,0,0,0.111
1478,0,0,1,0,0,0.000,0,0,0.000
1479,1,0,2,0,2,0.040,0,0,0.040
1480,1,0,2,0,3,0.050,0,0,0.050
1481,1,0,2,0,0,0.010,0,0,0.010
1482,1,0,2,0,0,0.015,0,0,0.015
1483,1,0,2,0,8,0.115,0,0,0.115
1484,1,0,2,0,0,0.010,0,0,0.010
1485,3,1,3,4,47,0.213,1,0,0.396
1486,1,0,2,0,4,0.065,0,0,0.065
1487,0,0,1,0,0,0.000,0,0,0.000
1488,1,0,2,0,1,0.025,0,0,0.025
1489,1,0,2,0,9,0.126,0,0,0.126
1490,1,0,2,0,1,0.029,0,0,0.029
1491,1,0,2,0,7,0.096,0,0,0.096
1492,136,68,39,300,659,0.094,46,17,0.261
1493,1,0,2,0,7,0.105,0,0,0.105
1494,1,0,2,0,0,0.010,0,0,0.010
1495,1,0,2,0,4,0.056,0,0,0.056
1496,5,2,4,7,30,0.095,2,0,0.129
1497,8,4,4,12,46,0.096,4,0,0.213
1498,1,0,2,0,1,0.025,0,0,0.025
1499,1,0,2,0,3,0.055,0,0,0.055
1500,1,0,2,0,1,0.025,0,0,0.025
1501,0,0,1,0,0,0.000,0,0,0.000
1502,1,0,2,0,0,0.015,0,0,0.015
1503,1,0,2,0,0,0.015,0,0,0.015
1504,1,0,2,0,1,0.025,0,0,0.025
1505,1,0,2,0,2,0.036,0,0,0.036
1506,1,0,2,0,11,0.138,0,0,0.138
1507,1,0,2,0,3,0.050,0,0,0.050
1508,1,0,2,0,0,0.010,0,0,0.010
1509,0,0,1,0,0,0.000,0,0,0.000
1510,1,0,2,0,5,0.075,0,0,0.075
1511,1,0,2,0,3,0.050,0,0,0.050
1512,1,0,2,0,0,0.015,0,0,0.015
1513,1,0,2,0,0,0.015,0,0,0.015
1514,1,0,2,0,0,0.010,0,0,0.010
1515,0,0,1,0,0,0.000,0,0,0.000
1516,1,0,2,0,12,0.135,0,0,0.135
1517,1,0,2,0,1,0.025,0,0,0.025
1518,1,0,2,0,1,0.025,0,0,0.025
1519,1,0,2,0,0,0.010,0,0,0.010
1520,1,0,2,0,1,0.025,0,0,0.025
1521,1,0,2,0,2,0.036,0,0,0.036
1522,0,0,1,0,0,0.000,0,0,0.000
1523,1,0,2,0,0,0.010,0,0,0.010
1524,1,0,2,0,2,0.036,0,0,0.036
1525,0,0,1,0,0,0.000,0,0,0.000
1526,1,0,2,0,0,0.010,0,0,0.010
1527,1,0,2,0,2,0.031,0,0,0.031
1528,1,0,2,0,1,0.025,0,0,0.025
1529,1,0,2,0,1,0.029,0,0,0.029
1530,1,0,2,0,1,0.021,0,0,0.021
1531,1,0,2,0,0,0.015,0,0,0.015
1532,1,0,2,0,2,0.036,0,0,0.036
1533,1,0,2,0,1,0.021,0,0,0.021
1534,1,0,2,0,0,0.015,0,0,0.015
1535,1,0,2,0,1,0.025,0,0,0.025
1536,1,0,2,0,3,0.042,0,0,0.042
1537,1,0,2,0,0,0.010,0,0,0.010
1538,1,0,2,0,0,0.010,0,0,0.010
1539,1,0,2,0,0,0.015,0,0,0.015
1540,1,0,2,0,2,0.031,0,0,0.031
1541,1,0,2,0,1,0.025,0,0,0.025
1542,1,0,2,0,1,0.021,0,0,0.021
1543,1,0,2,0,1,0.021,0,0,0.021
1544,1,0,2,0,5,0.062,0,0,0.062
1545,1,0,2,0,0,0.010,0,0,0.010
1546,1,0,2,0,6,0.086,0,0,0.086
1547,1,0,2,0,0,0.010,0,0,0.010
1548,8,3,6,15,20,0.059,2,1,0.105
1549,0,0,1,0,0,0.000,0,0,0.000
1550,5,2,4,8,15,0.060,2,0,0.111
1551,3,1,3,3,12,0.071,1,0,0.092
1552,1,0,2,0,12,0.153,0,0,0.153
1553,0,0,1,0,0,0.000,0,0,0.000
1554,1,0,2,0,2,0.036,0,0,0.036
1555,1,0,2,0,1,0.025,0,0,0.025
1556,4,1,3,9,12,0.080,0,0,0.106
1557,1,0,2,0,4,0.069,0,0,0.069
1558,0,0,1,0,0,0.000,0,0,0.000
1559,1,0,2,0,9,0.108,0,0,0.108
1560,1,0,2,0,0,0.010,0,0,0.010
1561,1,0,2,0,1,0.025,0,0,0.025
1562,0,0,1,0,0,0.000,0,0,0.000
1563,1,0,2,0,3,0.046,0,0,0.046
1564,1,0,2,0,2,0.036,0,0,0.036
1565,0,0,1,0,0,0.000,0,0,0.000
1566,1,0,2,0,2,0.044,0,0,0.044
1567,1,0,2,0,0,0.010,0,0,0.010
1568,1,0,2,0,1,0.021,0,0,0.021
1569,1,0,2,0,1,0.021,0,0,0.021
1570,1,0,2,0,5,0.062,0,0,0.062
1571,0,0,1,0,0,0.000,0,0,0.000
1572,0,0,1,0,0,0.000,0,0,0.000
1573,0,0,1,0,0,0.000,0,0,0.000
1574,1,0,2,0,0,0.015,0,0,0.015
1575,1,0,2,0,11,0.134,0,0,0.134
1576,1,0,2,0,0,0.010,0,0,0.010
1577,1,0,2,0,1,0.025,0,0,0.025
1578,1,0,2,0,0,0.010,0,0,0.010
1579,0,0,1,0,0,0.000,0,0,0.000
1580,1,0,2,0,6,0.082,0,0,0.082
1581,3,1,3,3,10,0.061,1,0,0.147
1582,1,0,2,0,9,0.126,0,0,0.126
1583,1,0,2,0,0,0.015,0,0,0.015
1584,0,0,1,0,0,0.000,0,0,0.000
1585,1,0,2,0,0,0.015,0,0,0.015
1586,1,0,2,0,0,0.010,0,0,0.010
1587,1,0,2,0,2,0.031,0,0,0.031
1588,1,0,2,0,1,0.021,0,0,0.021
1589,1,0,2,0,0,0.010,0,0,0.010
1590,1,0,2,0,1,0.029,0,0,0.029
1591,0,0,1,0,0,0.000,0,0,0.000
1592,1,0,2,0,0,0.010,0,0,0.010
1593,1,0,2,0,1,0.025,0,0,0.025
1594,1,0,2,0,1,0.025,0,0,0.025
1595,0,0,1,0,0,0.000,0,0,0.000
1596,1,0,2,0,3,0.050,0,0,0.050
1597,1,0,2,0,1,0.021,0,0,0.021
1598,1,0,2,0,12,0.153,0,0,0.153
1599,0,0,1,0,0,0.000,0,0,0.000
1600,1,0,2,0,3,0.046,0,0,0.046
1601,1,0,2,0,0,0.010,0,0,0.010
1602,1,0,2,0,5,0.075,0,0,0.075
1603,1,0,2,0,0,0.010,0,0,0.010
1604,1,0,2,0,4,0.061,0,0,0.061
1605,2,1,2,4,4,0.046,0,0,0.050
1606,0,0,1,0,0,0.000,0,0,0.000
1607,1,0,2,0,0,0.010,0,0,0.010
1608,1,0,2,0,1,0.025,0,0,0.025
1609,1,0,2,0,0,0.010,0,0,0.010
1610,3,1,3,4,6,0.048,1,0,0.065
1611,1,0,2,0,2,0.036,0,0,0.036
1612,1,0,2,0,4,0.065,0,0,0.065
1613,1,0,2,0,8,0.102,0,0,0.102
1614,1,0,2,0,0,0.010,0,0,0.010
1615,0,0,1,0,0,0.000,0,0,0.000
1616,1,0,2,0,6,0.077,0,0,0.077
1617,1,0,2,0,1,0.025,0,0,0.025
1618,1,0,2,0,3,0.055,0,0,0.055
1619,1,0,2,0,7,0.109,0,0,0.109
1620,0,0,1,0,0,0.000,0,0,0.000
1621,0,0,1,0,0,0.000,0,0,0.000
1622,0,0,1,0,0,0.000,0,0,0.000
1623,1,0,2,0,0,0.010,0,0,0.010
1624,1,0,2,0,4,0.056,0,0,0.056
1625,0,0,1,0,0,0.000,0,0,0.000
1626,1,0,2,0,0,0.010,0,0,0.010
1627,1,0,2,0,4,0.065,0,0,0.065
1628,1,0,2,0,1,0.021,0,0,0.021
1629,1,0,2,0,16,0.203,0,0,0.203
1630,0,0,1,0,0,0.000,0,0,0.000
1631,0,0,1,0,0,0.000,0,0,0.000
1632,4,2,2,6,39,0.140,2,0,0.278
1633,0,0,1,0,0,0.000,0,0,0.000
1634,1,0,2,0,0,0.015,0,0,0.015
1635,1,0,2,0,0,0.015,0,0,0.015
1636,1,0,2,0,1,0.025,0,0,0.025
1637,1,0,2,0,0,0.010,0,0,0.010
1638,1,0,2,0,1,0.021,0,0,0.021
1639,1,0,2,0,1,0.025,0,0,0.025
1640,10,5,5,15,20,0.049,5,0,0.101
1641,1,0,2,0,0,0.015,0,0,0.015
1642,1,0,2,0,4,0.061,0,0,0.061
1643,1,0,2,0,1,0.025,0,0,0.025
1644,1,0,2,0,1,0.021,0,0,0.021
1645,1,0,2,0,2,0.031,0,0,0.031
1646,1,0,2,0,2,0.040,0,0,0.040
1647,1,0,2,0,0,0.010,0,0,0.010
1648,1,0,2,0,1,0.029,0,0,0.029
1649,1,0,2,0,7,0.109,0,0,0.109
1650,1,0,2,0,2,0.036,0,0,0.036
1651,1,0,2,0,3,0.050,0,0,0.050
1652,1,0,2,0,5,0.071,0,0,0.071
1653,1,0,2,0,1,0.025,0,0,0.025
1654,0,0,1,0,0,0.000,0,0,0.000
1655,1,0,2,0,0,0.010,0,0,0.010
1656,1,0,2,0,2,0.036,0,0,0.036
1657,1,0,2,0,0,0.010,0,0,0.010
1658,1,0,2,0,1,0.025,0,0,0.025
1659,0,0,1,0,0,0.000,0,0,0.000
1660,1,0,2,0,5,0.071,0,0,0.071
1661,1,0,2,0,5,0.071,0,0,0.071
1662,1,0,2,0,0,0.010,0,0,0.010
1663,0,0,1,0,0,0.000,0,0,0.000
1664,1,0,2,0,2,0.036,0,0,0.036
1665,0,0,1,0,0,0.000,0,0,0.000
1666,0,0,1,0,0,0.000,0,0,0.000
1667,1,0,2,0,1,0.025,0,0,0.025
1668,0,0,1,0,0,0.000,0,0,0.000
1669,1,0,2,0,0,0.010,0,0,0.010
1670,1,0,2,0,0,0.015,0,0,0.015
1671,0,0,1,0,0,0.000,0,0,0.000
1672,1,0,2,0,1,0.029,0,0,0.029
1673,1,0,2,0,0,0.010,0,0,0.010
1674,1,0,2,0,2,0.040,0,0,0.040
1675,0,0,1,0,0,0.000,0,0,0.000
1676,1,0,2,0,0,0.010,0,0,0.010
1677,1,0,2,0,0,0.010,0,0,0.010
1678,1,0,2,0,1,0.025,0,0,0.025
1679,0,0,1,0,0,0.000,0,0,0.000
1680,1,0,2,0,3,0.046,0,0,0.046
1681,1,0,2,0,7,0.105,0,0,0.105
1682,1,0,2,0,1,0.025,0,0,0.025
1683,1,0,2,0,1,0.025,0,0,0.025
1684,1,0,2,0,0,0.010,0,0,0.010
1685,1,0,2,0,1,0.021,0,0,0.021
1686,1,0,2,0,0,0.015,0,0,0.015
1687,1,0,2,0,3,0.055,0,0,0.055
1688,5,2,3,11,10,0.067,1,1,0.142
1689,1,0,2,0,0,0.010,0,0,0.010
1690,1,0,2,0,2,0.040,0,0,0.040
1691,5,2,4,13,25,0.095,2,0,0.212
1692,8,4,4,10,34,0.071,4,0,0.142
1693,1,0,2,0,1,0.025,0,0,0.025
1694,1,0,2,0,0,0.015,0,0,0.015
1695,1,0,2,0,10,0.132,0,0,0.132
1696,34,15,20,62,250,0.120,12,3,0.348
1697,1,0,2,0,4,0.052,0,0,0.052
1698,0,0,1,0,0,0.000,0,0,0.000
1699,1,0,2,0,3,0.059,0,0,0.059
1700,1,0,2,0,6,0.082,0,0,0.082
1701,1,0,2,0,1,0.021,0,0,0.021
1702,1,0,2,0,10,0.132,0,0,0.132
1703,1,0,2,0,1,0.025,0,0,0.025
1704,1,0,2,0,0,0.010,0,0,0.010
1705,1,0,2,0,0,0.010,0,0,0.010
1706,1,0,2,0,6,0.082,0,0,0.082
1707,1,0,2,0,5,0.071,0,0,0.071
1708,1,0,2,0,0,0.010,0,0,0.010
1709,1,0,2,0,1,0.021,0,0,0.021
1710,1,0,2,0,23,0.289,0,0,0.289
1711,1,0,2,0,1,0.025,0,0,0.025
1712,1,0,2,0,1,0.025,0,0,0.025
1713,0,0,1,0,0,0.000,0,0,0.000
1714,1,0,2,0,2,0.036,0,0,0.036
1715,1,0,2,0,5,0.071,0,0,0.071
1716,1,0,2,0,7,0.096,0,0,0.096
1717,1,0,2,0,0,0.015,0,0,0.015
1718,1,0,2,0,8,0.115,0,0,0.115
1719,1,0,2,0,2,0.031,0,0,0.031
1720,1,0,2,0,5,0.084,0,0,0.084
1721,0,0,1,0,0,0.000,0,0,0.000
1722,1,0,2,0,0,0.010,0,0,0.010
1723,1,0,2,0,0,0.010,0,0,0.010
1724,1,0,2,0,0,0.010,0,0,0.010
1725,1,0,2,0,1,0.025,0,0,0.025
1726,1,0,2,0,0,0.015,0,0,0.015
1727,1,0,2,0,12,0.174,0,0,0.174
1728,1,0,2,0,0,0.010,0,0,0.010
1729,1,0,2,0,0,0.015,0,0,0.015
1730,1,0,2,0,0,0.015,0,0,0.015
1731,3,1,3,3,16,0.083,1,0,0.132
1732,1,0,2,0,0,0.015,0,0,0.015
1733,1,0,2,0,0,0.010,0,0,0.010
1734,3,1,2,2,8,0.045,0,1,0.090
1735,0,0,1,0,0,0.000,0,0,0.000
1736,1,0,2,0,0,0.010,0,0,0.010
1737,0,0,1,0,0,0.000,0,0,0.000
1738,1,0,2,0,1,0.025,0,0,0.025
1739,1,0,2,0,0,0.010,0,0,0.010
1740,1,0,2,0,1,0.025,0,0,0.025
1741,1,0,2,0,0,0.010,0,0,0.010
1742,1,0,2,0,3,0.042,0,0,0.042
1743,1,0,2,0,3,0.050,0,0,0.050
1744,1,0,2,0,0,0.010,0,0,0.010
1745,1,0,2,0,6,0.086,0,0,0.086
1746,1,0,2,0,15,0.197,0,0,0.197
1747,1,0,2,0,1,0.025,0,0,0.025
1748,1,0,2,0,4,0.065,0,0,0.065
1749,1,0,2,0,0,0.015,0,0,0.015
1750,1,0,2,0,1,0.021,0,0,0.021
1751,3,1,2,2,10,0.051,0,1,0.107
1752,1,0,2,0,0,0.010,0,0,0.010
1753,1,0,2,0,0,0.010,0,0,0.010
1754,3,1,3,4,7,0.051,1,0,0.061
1755,1,0,2,0,0,0.010,0,0,0.010
1756,0,0,1,0,0,0.000,0,0,0.000
1757,1,0,2,0,0,0.010,0,0,0.010
1758,1,0,2,0,0,0.015,0,0,0.015
1759,1,0,2,0,0,0.010,0,0,0.010
1760,0,0,1,0,0,0.000,0,0,0.000
1761,1,0,2,0,9,0.130,0,0,0.130
1762,1,0,2,0,0,0.010,0,0,0.010
1763,1,0,2,0,1,0.021,0,0,0.021
1764,1,0,2,0,0,0.010,0,0,0.010
1765,1,0,2,0,5,0.071,0,0,0.071
1766,1,0,2,0,0,0.010,0,0,0.010
1767,1,0,2,0,1,0.025,0,0,0.025
1768,1,0,2,0,2,0.036,0,0,0.036
1769,0,0,1,0,0,0.000,0,0,0.000
1770,0,0,1,0,0,0.000,0,0,0.000
1771,0,0,1,0,0,0.000,0,0,0.000
1772,3,1,3,3,8,0.055,1,0,0.075
1773,1,0,2,0,2,0.036,0,0,0.036
1774,1,0,2,0,2,0.040,0,0,0.040
1775,1,0,2,0,0,0.010,0,0,0.010
1776,0,0,1,0,0,0.000,0,0,0.000
1777,0,0,1,0,0,0.000,0,0,0.000
1778,1,0,2,0,5,0.080,0,0,0.080
1779,1,0,2,0,0,0.010,0,0,0.010
1780,1,0,2,0,0,0.010,0,0,0.010
1781,1,0,2,0,0,0.010,0,0,0.010
1782,1,0,2,0,0,0.015,0,0,0.015
1783,0,0,1,0,0,0.000,0,0,0.000
1784,1,0,2,0,0,0.010,0,0,0.010
1785,1,0,2,0,4,0.061,0,0,0.061
1786,0,0,1,0,0,0.000,0,0,0.000
1787,1,0,2,0,8,0.111,0,0,0.111
1788,1,0,2,0,0,0.010,0,0,0.010
1789,1,0,2,0,1,0.025,0,0,0.025
1790,1,0,2,0,1,0.029,0,0,0.029
1791,1,0,2,0,1,0.021,0,0,0.021
1792,1,0,2,0,8,0.107,0,0,0.107
1793,3,1,3,1,14,0.074,1,0,0.142
1794,1,0,2,0,2,0.040,0,0,0.040
1795,1,0,2,0,0,0.010,0,0,0.010
1796,1,0,2,0,0,0.010,0,0,0.010
1797,1,0,2,0,7,0.092,0,0,0.092
1798,1,0,2,0,1,0.021,0,0,0.021
1799,1,0,2,0,0,0.015,0,0,0.015
1800,1,0,2,0,0,0.010,0,0,0.010
1801,1,0,2,0,1,0.025,0,0,0.025
1802,1,0,2,0,0,0.015,0,0,0.015
1803,1,0,2,0,0,0.015,0,0,0.015
1804,0,0,1,0,0,0.000,0,0,0.000
1805,0,0,1,0,0,0.000,0,0,0.000
1806,1,0,2,0,0,0.015,0,0,0.015
1807,0,0,1,0,0,0.000,0,0,0.000
1808,1,0,2,0,4,0.061,0,0,0.061
1809,1,0,2,0,2,0.031,0,0,0.031
1810,0,0,1,0,0,0.000,0,0,0.000
1811,3,1,3,3,8,0.052,1,0,0.086
1812,0,0,1,0,0,0.000,0,0,0.000
1813,1,0,2,0,0,0.010,0,0,0.010
1814,0,0,1,0,0,0.000,0,0,0.000
1815,1,0,2,0,1,0.021,0,0,0.021
1816,0,0,1,0,0,0.000,0,0,0.000
1817,1,0,2,0,0,0.010,0,0,0.010
1818,1,0,2,0,2,0.036,0,0,0.036
1819,7,3,4,14,14,0.058,2,1,0.127
1820,1,0,2,0,0,0.010,0,0,0.010
1821,1,0,2,0,1,0.021,0,0,0.021
1822,1,0,2,0,0,0.010,0,0,0.010
1823,1,0,2,0,2,0.031,0,0,0.031
1824,1,0,2,0,1,0.025,0,0,0.025
1825,1,0,2,0,5,0.075,0,0,0.075
1826,1,0,2,0,0,0.015,0,0,0.015
1827,1,0,2,0,0,0.010,0,0,0.010
1828,3,1,3,3,24,0.115,1,0,0.199
1829,1,0,2,0,2,0.036,0,0,0.036
1830,0,0,1,0,0,0.000,0,0,0.000
1831,1,0,2,0,0,0.010,0,0,0.010
1832,1,0,2,0,5,0.080,0,0,0.080
1833,1,0,2,0,1,0.021,0,0,0.021
1834,1,0,2,0,0,0.010,0,0,0.010
1835,1,0,2,0,2,0.036,0,0,0.036
1836,1,0,2,0,2,0.036,0,0,0.036
1837,1,0,2,0,4,0.052,0,0,0.052
1838,0,0,1,0,0,0.000,0,0,0.000
1839,0,0,1,0,0,0.000,0,0,0.000
1840,0,0,1,0,0,0.000,0,0,0.000
1841,1,0,2,0,2,0.036,0,0,0.036
1842,1,0,2,0,0,0.015,0,0,0.015
1843,1,0,2,0,1,0.029,0,0,0.029
1844,1,0,2,0,0,0.015,0,0,0.015
1845,1,0,2,0,0,0.010,0,0,0.010
1846,3,1,3,3,22,0.108,1,0,0.193
1847,1,0,2,0,0,0.010,0,0,0.010
1848,3,1,3,1,11,0.059,1,0,0.080
1849,1,0,2,0,0,0.010,0,0,0.010
1850,1,0,2,0,1,0.025,0,0,0.025
1851,1,0,2,0,2,0.036,0,0,0.036
1852,1,0,2,0,5,0.071,0,0,0.071
1853,1,0,2,0,5,0.071,0,0,0.071
1854,0,0,1,0,0,0.000,0,0,0.000
1855,1,0,2,0,7,0.101,0,0,0.101
1856,1,0,2,0,2,0.036,0,0,0.036
1857,1,0,2,0,0,0.015,0,0,0.015
1858,1,0,2,0,0,0.010,0,0,0.010
1859,1,0,2,0,10,0.136,0,0,0.136
1860,1,0,2,0,0,0.015,0,0,0.015
1861,1,0,2,0,0,0.010,0,0,0.010
1862,1,0,2,0,2,0.040,0,0,0.040
1863,1,0,2,0,0,0.010,0,0,0.010
1864,1,0,2,0,1,0.029,0,0,0.029
1865,1,0,2,0,9,0.130,0,0,0.130
1866,1,0,2,0,4,0.056,0,0,0.056
1867,1,0,2,0,5,0.075,0,0,0.075
1868,1,0,2,0,2,0.040,0,0,0.040
1869,1,0,2,0,1,0.025,0,0,0.025
1870,1,0,2,0,1,0.029,0,0,0.029
1871,1,0,2,0,2,0.036,0,0,0.036
1872,5,2,4,7,13,0.059,2,0,0.134
1873,1,0,2,0,1,0.025,0,0,0.025
1874,1,0,2,0,1,0.021,0,0,0.021
1875,4,2,2,7,36,0.132,2,0,0.234
1876,1,0,2,0,0,0.010,0,0,0.010
1877,1,0,2,0,0,0.015,0,0,0.015
1878,0,0,1,0,0,0.000,0,0,0.000
1879,3,1,3,4,8,0.059,1,0,0.126
1880,0,0,1,0,0,0.000,0,0,0.000
1881,1,0,2,0,2,0.031,0,0,0.031
1882,1,0,2,0,2,0.040,0,0,0.040
1883,1,0,2,0,1,0.025,0,0,0.025
1884,1,0,2,0,0,0.010,0,0,0.010
1885,1,0,2,0,6,0.086,0,0,0.086
1886,0,0,1,0,0,0.000,0,0,0.000
1887,1,0,2,0,0,0.015,0,0,0.015
1888,1,0,2,0,9,0.126,0,0,0.126
1889,1,0,2,0,5,0.067,0,0,0.067
1890,38,19,16,63,209,0.093,17,1,0.253
1891,1,0,2,0,8,0.115,0,0,0.115
1892,1,0,2,0,0,0.015,0,0,0.015
1893,1,0,2,0,2,0.036,0,0,0.036
1894,1,0,2,0,1,0.025,0,0,0.025
1895,1,0,2,0,0,0.015,0,0,0.015
1896,1,0,2,0,2,0.036,0,0,0.036
1897,1,0,2,0,0,0.010,0,0,0.010
1898,1,0,2,0,2,0.036,0,0,0.036
1899,0,0,1,0,0,0.000,0,0,0.000
1900,1,0,2,0,1,0.025,0,0,0.025
1901,1,0,2,0,0,0.010,0,0,0.010
1902,1,0,2,0,0,0.015,0,0,0.015
1903,1,0,2,0,1,0.025,0,0,0.025
1904,0,0,1,0,0,0.000,0,0,0.000
1905,0,0,1,0,0,0.000,0,0,0.000
1906,0,0,1,0,0,0.000,0,0,0.000
1907,1,0,2,0,2,0.036,0,0,0.036
1908,1,0,2,0,5,0.067,0,0,0.067
1909,1,0,2,0,1,0.029,0,0,0.029
1910,3,1,3,3,13,0.071,1,0,0.107
1911,0,0,1,0,0,0.000,0,0,0.000
1912,5,2,4,5,13,0.048,2,0,0.056
1913,1,0,2,0,0,0.010,0,0,0.010
1914,1,0,2,0,3,0.050,0,0,0.050
1915,1,0,2,0,5,0.075,0,0,0.075
1916,0,0,1,0,0,0.000,0,0,0.000
1917,1,0,2,0,0,0.010,0,0,0.010
1918,1,0,2,0,1,0.025,0,0,0.025
1919,0,0,1,0,0,0.000,0,0,0.000
1920,1,0,2,0,9,0.126,0,0,0.126
1921,1,0,2,0,1,0.025,0,0,0.025
1922,1,0,2,0,0,0.010,0,0,0.010
1923,0,0,1,0,0,0.000,0,0,0.000
1924,1,0,2,0,0,0.010,0,0,0.010
1925,1,0,2,0,0,0.015,0,0,0.015
1926,1,0,2,0,1,0.021,0,0,0.021
1927,1,0,2,0,0,0.010,0,0,0.010
1928,1,0,2,0,1,0.021,0,0,0.021
1929,1,0,2,0,1,0.025,0,0,0.025
1930,3,1,3,4,11,0.066,1,0,0.080
1931,0,0,1,0,0,0.000,0,0,0.000
1932,1,0,2,0,3,0.050,0,0,0.050
1933,1,0,2,0,0,0.010,0,0,0.010
1934,1,0,2,0,2,0.031,0,0,0.031
1935,1,0,2,0,0,0.010,0,0,0.010
1936,1,0,2,0,3,0.050,0,0,0.050
1937,5,2,4,2,11,0.040,2,0,0.061
1938,1,0,2,0,0,0.010,0,0,0.010
1939,1,0,2,0,3,0.050,0,0,0.050
1940,1,0,2,0,3,0.046,0,0,0.046
1941,1,0,2,0,2,0.040,0,0,0.040
1942,1,0,2,0,2,0.036,0,0,0.036
1943,1,0,2,0,0,0.010,0,0,0.010
1944,1,0,2,0,1,0.025,0,0,0.025
1945,1,0,2,0,7,0.105,0,0,0.105
1946,1,0,2,0,0,0.015,0,0,0.015
1947,1,0,2,0,8,0.098,0,0,0.098
1948,1,0,2,0,0,0.015,0,0,0.015
1949,1,0,2,0,0,0.015,0,0,0.015
1950,1,0,2,0,4,0.056,0,0,0.056
1951,1,0,2,0,5,0.075,0,0,0.075
1952,1,0,2,0,0,0.015,0,0,0.015
1953,4,1,3,5,6,0.046,0,0,0.073
1954,1,0,2,0,1,0.021,0,0,0.021
1955,1,0,2,0,12,0.153,0,0,0.153
1956,1,0,2,0,1,0.021,0,0,0.021
1957,1,0,2,0,17,0.209,0,0,0.209
1958,1,0,2,0,0,0.015,0,0,0.015
1959,1,0,2,0,1,0.029,0,0,0.029
1960,1,0,2,0,0,0.015,0,0,0.015
1961,1,0,2,0,0,0.010,0,0,0.010
1962,1,0,2,0,0,0.015,0,0,0.015
1963,1,0,2,0,2,0.036,0,0,0.036
1964,1,0,2,0,0,0.010,0,0,0.010
1965,1,0,2,0,5,0.067,0,0,0.067
1966,0,0,1,0,0,0.000,0,0,0.000
1967,1,0,2,0,9,0.117,0,0,0.117
1968,0,0,1,0,0,0.000,0,0,0.000
1969,1,0,2,0,5,0.071,0,0,0.071
1970,1,0,2,0,1,0.025,0,0,0.025
1971,0,0,1,0,0,0.000,0,0,0.000
1972,0,0,1,0,0,0.000,0,0,0.000
1973,1,0,2,0,0,0.010,0,0,0.010
1974,3,1,3,3,7,0.052,1,0,0.105
1975,1,0,2,0,2,0.040,0,0,0.040
1976,1,0,2,0,2,0.031,0,0,0.031
1977,0,0,1,0,0,0.000,0,0,0.000
1978,1,0,2,0,0,0.015,0,0,0.015
1979,0,0,1,0,0,0.000,0,0,0.000
1980,1,0,2,0,0,0.010,0,0,0.010
1981,1,0,2,0,1,0.021,0,0,0.021
1982,1,0,2,0,1,0.021,0,0,0.021
1983,1,0,2,0,0,0.015,0,0,0.015
1984,1,0,2,0,0,0.010,0,0,0.010
1985,0,0,1,0,0,0.000,0,0,0.000
1986,1,0,2,0,0,0.010,0,0,0.010
1987,0,0,1,0,0,0.000,0,0,0.000
1988,0,0,1,0,0,0.000,0,0,0.000
1989,1,0,2,0,0,0.015,0,0,0.015
1990,1,0,2,0,1,0.021,0,0,0.021
1991,1,0,2,0,2,0.031,0,0,0.031
1992,1,0,2,0,0,0.010,0,0,0.010
1993,0,0,1,0,0,0.000,0,0,0.000
1994,0,0,1,0,0,0.000,0,0,0.000
1995,5,1,5,16,11,0.072,0,0,0.148
1996,0,0,1,0,0,0.000,0,0,0.000
1997,1,0,2,0,0,0.015,0,0,0.015
1998,1,0,2,0,2,0.040,0,0,0.040
1999,1,0,2,0,1,0.029,0,0,0.029
2000,1,0,2,0,1,0.025,0,0,0.025
2001,1,0,2,0,2,0.040,0,0,0.040
2002,1,0,2,0,1,0.025,0,0,0.025
2003,0,0,1,0,0,0.000,0,0,0.000
2004,0,0,1,0,0,0.000,0,0,0.000
2005,1,0,2,0,0,0.010,0,0,0.010
2006,0,0,1,0,0,0.000,0,0,0.000
2007,1,0,2,0,0,0.015,0,0,0.015
2008,3,1,3,3,5,0.045,1,0,0.065
2009,1,0,2,0,2,0.040,0,0,0.040
2010,1,0,2,0,11,0.155,0,0,0.155
2011,1,0,2,0,0,0.010,0,0,0.010
2012,1,0,2,0,0,0.010,0,0,0.010
2013,0,0,1,0,0,0.000,0,0,0.000
2014,1,0,2,0,0,0.010,0,0,0.010
2015,1,0,2,0,5,0.075,0,0,0.075
2016,0,0,1,0,0,0.000,0,0,0.000
2017,1,0,2,0,0,0.015,0,0,0.015
2018,1,0,2,0,1,0.025,0,0,0.025
2019,1,0,2,0,0,0.015,0,0,0.015
2020,1,0,2,0,0,0.010,0,0,0.010
2021,1,0,2,0,0,0.010,0,0,0.010
2022,1,0,2,0,6,0.073,0,0,0.073
2023,2,1,1,4,26,0.187,1,0,0.350
2024,1,0,2,0,3,0.050,0,0,0.050
2025,3,1,3,3,19,0.102,1,0,0.251
2026,1,0,2,0,0,0.010,0,0,0.010
2027,1,0,2,0,8,0.128,0,0,0.128
2028,1,0,2,0,7,0.109,0,0,0.109
2029,0,0,1,0,0,0.000,0,0,0.000
2030,3,1,3,3,18,0.096,1,0,0.161
2031,1,0,2,0,14,0.178,0,0,0.178
2032,1,0,2,0,4,0.065,0,0,0.065
2033,1,0,2,0,0,0.010,0,0,0.010
2034,0,0,1,0,0,0.000,0,0,0.000
2035,1,0,2,0,0,0.015,0,0,0.015
2036,0,0,1,0,0,0.000,0,0,0.000
2037,0,0,1,0,0,0.000,0,0,0.000
2038,1,0,2,0,3,0.046,0,0,0.046
2039,0,0,1,0,0,0.000,0,0,0.000
2040,1,0,2,0,3,0.050,0,0,0.050
2041,1,0,2,0,0,0.010,0,0,0.010
2042,1,0,2,0,8,0.098,0,0,0.098
2043,1,0,2,0,15,0.201,0,0,0.201
2044,1,0,2,0,2,0.036,0,0,0.036
2045,1,0,2,0,0,0.015,0,0,0.015
2046,1,0,2,0,0,0.010,0,0,0.010
2047,1,0,2,0,2,0.036,0,0,0.036
2048,1,0,2,0,0,0.010,0,0,0.010
2049,1,0,2,0,5,0.075,0,0,0.075
2050,1,0,2,0,0,0.015,0,0,0.015
2051,1,0,2,0,0,0.015,0,0,0.015
2052,0,0,1,0,0,0.000,0,0,0.000
2053,0,0,1,0,0,0.000,0,0,0.000
2054,1,0,2,0,21,0.281,0,0,0.281
2055,1,0,2,0,8,0.115,0,0,0.115
2056,1,0,2,0,0,0.015,0,0,0.015
2057,1,0,2,0,0,0.010,0,0,0.010
2058,1,0,2,0,2,0.036,0,0,0.036
2059,1,0,2,0,1,0.029,0,0,0.029
2060,1,0,2,0,1,0.021,0,0,0.021
2061,1,0,2,0,3,0.046,0,0,0.046
2062,0,0,1,0,0,0.000,0,0,0.000
2063,1,0,2,0,1,0.025,0,0,0.025
2064,1,0,2,0,3,0.046,0,0,0.046
2065,1,0,2,0,23,0.267,0,0,0.267
2066,1,0,2,0,1,0.025,0,0,0.025
2067,0,0,1,0,0,0.000,0,0,0.000
2068,1,0,2,0,7,0.083,0,0,0.083
2069,1,0,2,0,18,0.250,0,0,0.250
2070,1,0,2,0,6,0.077,0,0,0.077
2071,1,0,2,0,8,0.107,0,0,0.107
2072,1,0,2,0,13,0.159,0,0,0.159
2073,1,0,2,0,5,0.084,0,0,0.084
2074,1,0,2,0,1,0.021,0,0,0.021
2075,1,0,2,0,0,0.015,0,0,0.015
2076,3,1,2,2,3,0.025,0,1,0.055
2077,1,0,2,0,2,0.031,0,0,0.031
2078,0,0,1,0,0,0.000,0,0,0.000
2079,1,0,2,0,3,0.050,0,0,0.050
2080,1,0,2,0,0,0.010,0,0,0.010
2081,1,0,2,0,1,0.025,0,0,0.025
2082,1,0,2,0,0,0.010,0,0,0.010
2083,1,0,2,0,2,0.031,0,0,0.031
2084,1,0,2,0,6,0.077,0,0,0.077
2085,0,0,1,0,0,0.000,0,0,0.000
2086,1,0,2,0,0,0.015,0,0,0.015
2087,1,0,2,0,0,0.010,0,0,0.010
2088,1,0,2,0,3,0.046,0,0,0.046
2089,0,0,1,0,0,0.000,0,0,0.000
2090,1,0,2,0,0,0.015,0,0,0.015
2091,1,0,2,0,8,0.107,0,0,0.107
2092,0,0,1,0,0,0.000,0,0,0.000
2093,1,0,2,0,1,0.021,0,0,0.021
2094,4,1,4,6,26,0.106,0,1,0.199
2095,1,0,2,0,0,0.015,0,0,0.015
2096,1,0,2,0,6,0.077,0,0,0.077
2097,1,0,2,0,7,0.109,0,0,0.109
2098,1,0,2,0,6,0.082,0,0,0.082
2099,0,0,1,0,0,0.000,0,0,0.000
2100,1,0,2,0,0,0.010,0,0,0.010
2101,1,0,2,0,0,0.010,0,0,0.010
2102,1,0,2,0,3,0.042,0,0,0.042
2103,1,0,2,0,12,0.161,0,0,0.161
2104,1,0,2,0,0,0.015,0,0,0.015
2105,1,0,2,0,1,0.021,0,0,0.021
2106,1,0,2,0,5,0.067,0,0,0.067
2107,1,0,2,0,0,0.010,0,0,0.010
2108,1,0,2,0,1,0.021,0,0,0.021
2109,1,0,2,0,15,0.193,0,0,0.193
2110,4,1,4,5,15,0.072,0,1,0.134
2111,1,0,2,0,0,0.010,0,0,0.010
2112,1,0,2,0,0,0.015,0,0,0.015
2113,0,0,1,0,0,0.000,0,0,0.000
2114,1,0,2,0,0,0.010,0,0,0.010
2115,1,0,2,0,0,0.010,0,0,0.010
2116,1,0,2,0,1,0.025,0,0,0.025
2117,1,0,2,0,0,0.010,0,0,0.010
2118,0,0,1,0,0,0.000,0,0,0.000
2119,1,0,2,0,0,0.010,0,0,0.010
2120,1,0,2,0,5,0.071,0,0,0.071
2121,1,0,2,0,0,0.015,0,0,0.015
2122,1,0,2,0,7,0.096,0,0,0.096
2123,0,0,1,0,0,0.000,0,0,0.000
2124,1,0,2,0,4,0.061,0,0,0.061
2125,1,0,2,0,1,0.021,0,0,0.021
2126,1,0,2,0,1,0.021,0,0,0.021
2127,1,0,2,0,1,0.025,0,0,0.025
2128,3,1,3,3,6,0.047,1,0,0.075
2129,0,0,1,0,0,0.000,0,0,0.000
2130,3,1,2,2,9,0.046,0,1,0.117
2131,1,0,2,0,0,0.010,0,0,0.010
2132,0,0,1,0,0,0.000,0,0,0.000
2133,0,0,1,0,0,0.000,0,0,0.000
2134,1,0,2,0,1,0.021,0,0,0.021
2135,1,0,2,0,1,0.029,0,0,0.029
2136,0,0,1,0,0,0.000,0,0,0.000
2137,1,0,2,0,0,0.010,0,0,0.010
2138,1,0,2,0,0,0.015,0,0,0.015
2139,1,0,2,0,13,0.159,0,0,0.159
2140,0,0,1,0,0,0.000,0,0,0.000
2141,1,0,2,0,1,0.025,0,0,0.025
2142,1,0,2,0,0,0.010,0,0,0.010
2143,1,0,2,0,0,0.010,0,0,0.010
2144,1,0,2,0,0,0.010,0,0,0.010
2145,1,0,0,0,27,0.301,0,0,0.301
2146,1,0,0,0,24,0.291,0,0,0.291
2147,1,0,0,0,22,0.262,0,0,0.262
2148,1,0,0,0,22,0.271,0,0,0.271
2149,1,0,0,0,32,0.392,0,0,0.392
2150,1,0,0,0,26,0.304,0,0,0.304
