 ,# Branches,# Junctions,# End-point voxels,# Junction voxels,# Slab voxels,Average Branch Length,# Triple points,# Quadruple points,Maximum Branch Length
1,1,0,2,0,1,0.025,0,0,0.025
2,1,0,2,0,8,0.102,0,0,0.102
3,60,31,22,104,391,0.106,27,3,0.360
4,1,0,2,0,13,0.172,0,0,0.172
5,1,0,2,0,1,0.025,0,0,0.025
6,1,0,2,0,1,0.021,0,0,0.021
7,1,0,2,0,9,0.134,0,0,0.134
8,1,0,2,0,2,0.040,0,0,0.040
9,1,0,2,0,2,0.036,0,0,0.036
10,1,0,2,0,0,0.015,0,0,0.015
11,0,0,1,0,0,0.000,0,0,0.000
12,1,0,2,0,0,0.015,0,0,0.015
13,1,0,2,0,2,0.040,0,0,0.040
14,1,0,2,0,0,0.010,0,0,0.010
15,1,0,2,0,0,0.015,0,0,0.015
16,1,0,2,0,5,0.075,0,0,0.075
17,3,1,3,4,1,0.029,1,0,0.040
18,1,0,2,0,1,0.021,0,0,0.021
19,0,0,1,0,0,0.000,0,0,0.000
20,1,0,2,0,13,0.163,0,0,0.163
21,1,0,2,0,0,0.010,0,0,0.010
22,1,0,2,0,13,0.167,0,0,0.167
23,1,0,2,0,3,0.046,0,0,0.046
24,0,0,1,0,0,0.000,0,0,0.000
25,1,0,2,0,5,0.080,0,0,0.080
26,1,0,2,0,0,0.010,0,0,0.010
27,1,0,2,0,13,0.180,0,0,0.180
28,1,0,2,0,0,0.010,0,0,0.010
29,1,0,2,0,2,0.036,0,0,0.036
30,6,2,5,10,10,0.048,1,1,0.071
31,1,0,2,0,1,0.029,0,0,0.029
32,0,0,1,0,0,0.000,0,0,0.000
33,0,0,1,0,0,0.000,0,0,0.000
34,1,0,2,0,2,0.036,0,0,0.036
35,24,12,11,44,165,0.114,11,1,0.400
36,0,0,1,0,0,0.000,0,0,0.000
37,1,0,2,0,2,0.044,0,0,0.044
38,1,0,2,0,0,0.010,0,0,0.010
39,1,0,2,0,0,0.010,0,0,0.010
40,1,0,2,0,1,0.021,0,0,0.021
41,0,0,1,0,0,0.000,0,0,0.000
42,0,0,1,0,0,0.000,0,0,0.000
43,1,0,2,0,1,0.021,0,0,0.021
44,1,0,2,0,0,0.010,0,0,0.010
45,0,0,1,0,0,0.000,0,0,0.000
46,1,0,2,0,0,0.010,0,0,0.010
47,1,0,2,0,1,0.021,0,0,0.021
48,0,0,1,0,0,0.000,0,0,0.000
49,1,0,2,0,0,0.010,0,0,0.010
50,1,0,2,0,0,0.010,0,0,0.010
51,1,0,2,0,0,0.015,0,0,0.015
52,1,0,2,0,6,0.086,0,0,0.086
53,0,0,1,0,0,0.000,0,0,0.000
54,0,0,1,0,0,0.000,0,0,0.000
55,1,0,2,0,0,0.010,0,0,0.010
56,0,0,1,0,0,0.000,0,0,0.000
57,1,0,2,0,0,0.015,0,0,0.015
58,1,0,2,0,2,0.040,0,0,0.040
59,1,0,2,0,1,0.025,0,0,0.025
60,0,0,1,0,0,0.000,0,0,0.000
61,1,0,2,0,3,0.050,0,0,0.050
62,1,0,2,0,0,0.010,0,0,0.010
63,1,0,2,0,0,0.010,0,0,0.010
64,1,0,2,0,0,0.015,0,0,0.015
65,0,0,1,0,0,0.000,0,0,0.000
66,1,0,2,0,5,0.067,0,0,0.067
67,1,0,2,0,0,0.015,0,0,0.015
68,1,0,2,0,3,0.046,0,0,0.046
69,0,0,1,0,0,0.000,0,0,0.000
70,3,1,3,3,4,0.036,1,0,0.046
71,1,0,2,0,11,0.142,0,0,0.142
72,1,0,2,0,0,0.010,0,0,0.010
73,1,0,2,0,16,0.212,0,0,0.212
74,1,0,2,0,0,0.010,0,0,0.010
75,1,0,2,0,0,0.015,0,0,0.015
76,1,0,2,0,2,0.036,0,0,0.036
77,16,7,7,32,113,0.122,4,2,0.511
78,1,0,2,0,2,0.040,0,0,0.040
79,0,0,1,0,0,0.000,0,0,0.000
80,0,0,1,0,0,0.000,0,0,0.000
81,1,0,2,0,0,0.010,0,0,0.010
82,1,0,2,0,4,0.052,0,0,0.052
83,0,0,1,0,0,0.000,0,0,0.000
84,1,0,2,0,1,0.029,0,0,0.029
85,1,0,2,0,4,0.065,0,0,0.065
86,0,0,1,0,0,0.000,0,0,0.000
87,1,0,2,0,3,0.050,0,0,0.050
88,0,0,1,0,0,0.000,0,0,0.000
89,0,0,1,0,0,0.000,0,0,0.000
90,1,0,2,0,0,0.010,0,0,0.010
91,1,0,2,0,0,0.015,0,0,0.015
92,1,0,2,0,1,0.021,0,0,0.021
93,1,0,2,0,0,0.010,0,0,0.010
94,1,0,2,0,3,0.050,0,0,0.050
95,1,0,2,0,8,0.107,0,0,0.107
96,3,1,3,1,3,0.031,1,0,0.040
97,1,0,2,0,0,0.010,0,0,0.010
98,1,0,2,0,9,0.130,0,0,0.130
99,1,0,2,0,1,0.021,0,0,0.021
100,1,0,2,0,1,0.021,0,0,0.021
101,1,0,2,0,0,0.010,0,0,0.010
102,0,0,1,0,0,0.000,0,0,0.000
103,1,0,2,0,4,0.061,0,0,0.061
104,0,0,1,0,0,0.000,0,0,0.000
105,1,0,2,0,6,0.082,0,0,0.082
106,3,1,3,3,4,0.036,1,0,0.046
107,1,0,2,0,5,0.071,0,0,0.071
108,1,0,2,0,1,0.021,0,0,0.021
109,1,0,2,0,0,0.010,0,0,0.010
110,1,0,2,0,0,0.010,0,0,0.010
111,1,0,2,0,2,0.036,0,0,0.036
112,0,0,1,0,0,0.000,0,0,0.000
113,1,0,2,0,12,0.161,0,0,0.161
114,1,0,2,0,1,0.025,0,0,0.025
115,1,0,2,0,0,0.015,0,0,0.015
116,1,0,2,0,5,0.071,0,0,0.071
117,1,0,2,0,0,0.010,0,0,0.010
118,1,0,2,0,2,0.036,0,0,0.036
119,0,0,1,0,0,0.000,0,0,0.000
120,1,0,2,0,20,0.240,0,0,0.240
121,1,0,2,0,5,0.080,0,0,0.080
122,1,0,2,0,0,0.010,0,0,0.010
123,1,0,2,0,0,0.010,0,0,0.010
124,0,0,1,0,0,0.000,0,0,0.000
125,0,0,1,0,0,0.000,0,0,0.000
126,1,0,2,0,2,0.040,0,0,0.040
127,1,0,2,0,0,0.010,0,0,0.010
128,1,0,2,0,0,0.015,0,0,0.015
129,1,0,2,0,0,0.015,0,0,0.015
130,1,0,2,0,0,0.015,0,0,0.015
131,1,0,2,0,6,0.077,0,0,0.077
132,0,0,1,0,0,0.000,0,0,0.000
133,1,0,2,0,0,0.010,0,0,0.010
134,1,0,2,0,0,0.010,0,0,0.010
135,1,0,2,0,5,0.071,0,0,0.071
136,1,0,2,0,0,0.010,0,0,0.010
137,1,0,2,0,0,0.010,0,0,0.010
138,3,1,3,5,17,0.095,1,0,0.117
139,0,0,1,0,0,0.000,0,0,0.000
140,1,0,2,0,3,0.046,0,0,0.046
141,1,0,2,0,2,0.036,0,0,0.036
142,1,0,2,0,5,0.062,0,0,0.062
143,5,2,4,7,63,0.175,2,0,0.577
144,3,1,3,4,19,0.101,1,0,0.157
145,0,0,1,0,0,0.000,0,0,0.000
146,1,0,2,0,1,0.025,0,0,0.025
147,1,0,2,0,1,0.025,0,0,0.025
148,1,0,2,0,6,0.082,0,0,0.082
149,4,1,4,5,23,0.094,0,1,0.134
150,0,0,1,0,0,0.000,0,0,0.000
151,1,0,2,0,0,0.010,0,0,0.010
152,1,0,2,0,0,0.015,0,0,0.015
153,1,0,2,0,0,0.010,0,0,0.010
154,3,1,3,3,8,0.052,1,0,0.092
155,3,1,3,3,7,0.052,1,0,0.080
156,1,0,2,0,0,0.010,0,0,0.010
157,1,0,2,0,0,0.010,0,0,0.010
158,1,0,2,0,1,0.025,0,0,0.025
159,1,0,2,0,0,0.010,0,0,0.010
160,1,0,2,0,0,0.015,0,0,0.015
161,3,1,3,3,20,0.100,1,0,0.138
162,1,0,2,0,0,0.010,0,0,0.010
163,1,0,2,0,11,0.125,0,0,0.125
164,0,0,1,0,0,0.000,0,0,0.000
165,2,1,1,1,10,0.066,1,0,0.088
166,1,0,2,0,3,0.055,0,0,0.055
167,1,0,2,0,6,0.086,0,0,0.086
168,0,0,1,0,0,0.000,0,0,0.000
169,0,0,1,0,0,0.000,0,0,0.000
170,0,0,1,0,0,0.000,0,0,0.000
171,3,1,3,4,15,0.084,1,0,0.161
172,0,0,1,0,0,0.000,0,0,0.000
173,0,0,1,0,0,0.000,0,0,0.000
174,0,0,1,0,0,0.000,0,0,0.000
175,1,0,2,0,5,0.071,0,0,0.071
176,1,0,2,0,0,0.010,0,0,0.010
177,0,0,1,0,0,0.000,0,0,0.000
178,1,0,2,0,1,0.025,0,0,0.025
179,4,1,4,6,1,0.035,0,1,0.058
180,1,0,2,0,0,0.010,0,0,0.010
181,1,0,2,0,0,0.010,0,0,0.010
182,1,0,2,0,4,0.065,0,0,0.065
183,1,0,2,0,1,0.025,0,0,0.025
184,1,0,2,0,2,0.036,0,0,0.036
185,1,0,2,0,1,0.021,0,0,0.021
186,1,0,2,0,1,0.021,0,0,0.021
187,1,0,2,0,2,0.031,0,0,0.031
188,0,0,1,0,0,0.000,0,0,0.000
189,0,0,1,0,0,0.000,0,0,0.000
190,1,0,2,0,1,0.029,0,0,0.029
191,1,0,2,0,2,0.036,0,0,0.036
192,1,0,2,0,11,0.142,0,0,0.142
193,3,1,3,3,17,0.089,1,0,0.117
194,1,0,2,0,1,0.021,0,0,0.021
195,1,0,2,0,2,0.031,0,0,0.031
196,0,0,1,0,0,0.000,0,0,0.000
197,1,0,2,0,0,0.010,0,0,0.010
198,1,0,2,0,0,0.010,0,0,0.010
199,0,0,1,0,0,0.000,0,0,0.000
200,1,0,2,0,5,0.067,0,0,0.067
201,1,0,2,0,0,0.010,0,0,0.010
202,1,0,2,0,1,0.029,0,0,0.029
203,1,0,2,0,0,0.010,0,0,0.010
204,1,0,2,0,8,0.115,0,0,0.115
205,0,0,1,0,0,0.000,0,0,0.000
206,1,0,2,0,0,0.015,0,0,0.015
207,1,0,2,0,5,0.071,0,0,0.071
208,1,0,2,0,0,0.015,0,0,0.015
209,1,0,2,0,4,0.061,0,0,0.061
210,1,0,2,0,0,0.015,0,0,0.015
211,1,0,2,0,1,0.021,0,0,0.021
212,1,0,2,0,1,0.021,0,0,0.021
213,0,0,1,0,0,0.000,0,0,0.000
214,1,0,2,0,1,0.025,0,0,0.025
215,1,0,2,0,1,0.025,0,0,0.025
216,1,0,2,0,2,0.036,0,0,0.036
217,1,0,2,0,19,0.243,0,0,0.243
218,7,3,5,10,42,0.096,3,0,0.153
219,0,0,1,0,0,0.000,0,0,0.000
220,1,0,2,0,0,0.010,0,0,0.010
221,1,0,2,0,2,0.044,0,0,0.044
222,0,0,1,0,0,0.000,0,0,0.000
223,1,0,2,0,2,0.031,0,0,0.031
224,1,0,2,0,1,0.025,0,0,0.025
225,1,0,2,0,0,0.010,0,0,0.010
226,1,0,2,0,0,0.015,0,0,0.015
227,0,0,1,0,0,0.000,0,0,0.000
228,1,0,2,0,1,0.029,0,0,0.029
229,0,0,1,0,0,0.000,0,0,0.000
230,1,0,2,0,1,0.025,0,0,0.025
231,0,0,1,0,0,0.000,0,0,0.000
232,1,0,2,0,1,0.025,0,0,0.025
233,0,0,1,0,0,0.000,0,0,0.000
234,3,1,3,4,12,0.070,1,0,0.113
235,3,1,3,4,10,0.067,1,0,0.121
236,0,0,1,0,0,0.000,0,0,0.000
237,0,0,1,0,0,0.000,0,0,0.000
238,0,0,1,0,0,0.000,0,0,0.000
239,0,0,1,0,0,0.000,0,0,0.000
240,1,0,2,0,0,0.010,0,0,0.010
241,0,0,1,0,0,0.000,0,0,0.000
242,1,0,2,0,0,0.015,0,0,0.015
243,1,0,2,0,0,0.015,0,0,0.015
244,1,0,2,0,4,0.061,0,0,0.061
245,1,0,2,0,1,0.025,0,0,0.025
246,0,0,1,0,0,0.000,0,0,0.000
247,1,0,2,0,1,0.025,0,0,0.025
248,41,20,16,82,180,0.086,16,2,0.193
249,0,0,1,0,0,0.000,0,0,0.000
250,1,0,2,0,0,0.010,0,0,0.010
251,1,0,2,0,0,0.010,0,0,0.010
252,1,0,2,0,1,0.025,0,0,0.025
253,0,0,1,0,0,0.000,0,0,0.000
254,1,0,2,0,5,0.084,0,0,0.084
255,1,0,2,0,2,0.040,0,0,0.040
256,0,0,1,0,0,0.000,0,0,0.000
257,1,0,2,0,0,0.010,0,0,0.010
258,1,0,2,0,5,0.071,0,0,0.071
259,1,0,2,0,5,0.071,0,0,0.071
260,0,0,1,0,0,0.000,0,0,0.000
261,1,0,2,0,0,0.010,0,0,0.010
262,1,0,2,0,2,0.040,0,0,0.040
263,1,0,2,0,0,0.015,0,0,0.015
264,0,0,1,0,0,0.000,0,0,0.000
265,0,0,1,0,0,0.000,0,0,0.000
266,1,0,2,0,0,0.010,0,0,0.010
267,1,0,2,0,0,0.010,0,0,0.010
268,1,0,2,0,1,0.021,0,0,0.021
269,1,0,2,0,11,0.155,0,0,0.155
270,0,0,1,0,0,0.000,0,0,0.000
271,1,0,2,0,0,0.010,0,0,0.010
272,0,0,1,0,0,0.000,0,0,0.000
273,1,0,2,0,5,0.071,0,0,0.071
274,1,0,2,0,0,0.010,0,0,0.010
275,0,0,1,0,0,0.000,0,0,0.000
276,1,0,2,0,0,0.015,0,0,0.015
277,1,0,2,0,3,0.042,0,0,0.042
278,0,0,1,0,0,0.000,0,0,0.000
279,1,0,2,0,0,0.010,0,0,0.010
280,1,0,2,0,1,0.021,0,0,0.021
281,1,0,2,0,0,0.010,0,0,0.010
282,0,0,1,0,0,0.000,0,0,0.000
283,1,0,2,0,9,0.121,0,0,0.121
284,5,2,4,7,16,0.063,2,0,0.088
285,1,0,2,0,0,0.010,0,0,0.010
286,0,0,1,0,0,0.000,0,0,0.000
287,1,0,2,0,1,0.029,0,0,0.029
288,1,0,2,0,4,0.069,0,0,0.069
289,1,0,2,0,1,0.021,0,0,0.021
290,1,0,2,0,3,0.050,0,0,0.050
291,0,0,1,0,0,0.000,0,0,0.000
292,1,0,2,0,5,0.080,0,0,0.080
293,1,0,2,0,0,0.015,0,0,0.015
294,1,0,2,0,1,0.029,0,0,0.029
295,1,0,2,0,0,0.010,0,0,0.010
296,1,0,2,0,0,0.010,0,0,0.010
297,1,0,2,0,1,0.025,0,0,0.025
298,3,1,3,3,20,0.104,1,0,0.176
299,1,0,2,0,10,0.136,0,0,0.136
300,0,0,1,0,0,0.000,0,0,0.000
301,0,0,1,0,0,0.000,0,0,0.000
302,0,0,1,0,0,0.000,0,0,0.000
303,0,0,1,0,0,0.000,0,0,0.000
304,1,0,2,0,0,0.015,0,0,0.015
305,1,0,2,0,1,0.029,0,0,0.029
306,0,0,1,0,0,0.000,0,0,0.000
307,1,0,2,0,0,0.010,0,0,0.010
308,0,0,1,0,0,0.000,0,0,0.000
309,1,0,2,0,0,0.010,0,0,0.010
310,1,0,2,0,0,0.010,0,0,0.010
311,0,0,1,0,0,0.000,0,0,0.000
312,1,0,2,0,0,0.010,0,0,0.010
313,0,0,1,0,0,0.000,0,0,0.000
314,1,0,2,0,1,0.025,0,0,0.025
315,0,0,1,0,0,0.000,0,0,0.000
316,0,0,1,0,0,0.000,0,0,0.000
317,1,0,2,0,2,0.036,0,0,0.036
318,0,0,1,0,0,0.000,0,0,0.000
319,0,0,1,0,0,0.000,0,0,0.000
320,1,0,2,0,0,0.010,0,0,0.010
321,1,0,2,0,1,0.025,0,0,0.025
322,1,0,2,0,2,0.040,0,0,0.040
323,0,0,1,0,0,0.000,0,0,0.000
324,0,0,1,0,0,0.000,0,0,0.000
325,1,0,2,0,2,0.040,0,0,0.040
326,0,0,1,0,0,0.000,0,0,0.000
327,1,0,2,0,1,0.021,0,0,0.021
328,1,0,2,0,2,0.040,0,0,0.040
329,0,0,1,0,0,0.000,0,0,0.000
330,1,0,2,0,1,0.025,0,0,0.025
331,1,0,2,0,0,0.010,0,0,0.010
332,1,0,2,0,1,0.025,0,0,0.025
333,1,0,2,0,2,0.036,0,0,0.036
334,0,0,1,0,0,0.000,0,0,0.000
335,1,0,2,0,2,0.040,0,0,0.040
336,1,0,2,0,0,0.010,0,0,0.010
337,1,0,2,0,9,0.117,0,0,0.117
338,0,0,1,0,0,0.000,0,0,0.000
339,0,0,1,0,0,0.000,0,0,0.000
340,1,0,2,0,0,0.010,0,0,0.010
341,1,0,2,0,2,0.036,0,0,0.036
342,3,1,3,3,4,0.038,1,0,0.069
343,1,0,2,0,11,0.138,0,0,0.138
344,1,0,2,0,0,0.015,0,0,0.015
345,0,0,1,0,0,0.000,0,0,0.000
346,1,0,2,0,1,0.021,0,0,0.021
347,1,0,2,0,14,0.186,0,0,0.186
348,3,1,3,3,2,0.029,1,0,0.046
349,1,0,2,0,1,0.025,0,0,0.025
350,0,0,1,0,0,0.000,0,0,0.000
351,1,0,2,0,0,0.015,0,0,0.015
352,0,0,1,0,0,0.000,0,0,0.000
353,1,0,2,0,0,0.010,0,0,0.010
354,1,0,2,0,5,0.067,0,0,0.067
355,1,0,2,0,5,0.067,0,0,0.067
356,1,0,2,0,3,0.046,0,0,0.046
357,1,0,2,0,6,0.086,0,0,0.086
358,1,0,2,0,3,0.046,0,0,0.046
359,1,0,2,0,3,0.046,0,0,0.046
360,5,1,5,10,19,0.085,0,0,0.182
361,0,0,1,0,0,0.000,0,0,0.000
362,0,0,1,0,0,0.000,0,0,0.000
363,1,0,2,0,0,0.015,0,0,0.015
364,0,0,1,0,0,0.000,0,0,0.000
365,1,0,2,0,3,0.042,0,0,0.042
366,1,0,2,0,1,0.021,0,0,0.021
367,1,0,2,0,0,0.010,0,0,0.010
368,5,2,4,7,13,0.054,2,0,0.088
369,1,0,2,0,6,0.077,0,0,0.077
370,1,0,2,0,3,0.055,0,0,0.055
371,0,0,1,0,0,0.000,0,0,0.000
372,1,0,2,0,0,0.010,0,0,0.010
373,1,0,2,0,5,0.075,0,0,0.075
374,0,0,1,0,0,0.000,0,0,0.000
375,0,0,1,0,0,0.000,0,0,0.000
376,1,0,2,0,0,0.015,0,0,0.015
377,1,0,2,0,1,0.025,0,0,0.025
378,1,0,2,0,3,0.046,0,0,0.046
379,1,0,2,0,0,0.015,0,0,0.015
380,0,0,1,0,0,0.000,0,0,0.000
381,5,2,4,4,18,0.059,2,0,0.138
382,0,0,1,0,0,0.000,0,0,0.000
383,3,1,3,4,16,0.086,1,0,0.178
384,1,0,2,0,4,0.061,0,0,0.061
385,1,0,2,0,3,0.050,0,0,0.050
386,1,0,2,0,2,0.036,0,0,0.036
387,0,0,1,0,0,0.000,0,0,0.000
388,1,0,2,0,0,0.010,0,0,0.010
389,0,0,1,0,0,0.000,0,0,0.000
390,1,0,2,0,18,0.228,0,0,0.228
391,1,0,2,0,2,0.031,0,0,0.031
392,1,0,2,0,4,0.052,0,0,0.052
393,1,0,2,0,0,0.010,0,0,0.010
394,1,0,2,0,0,0.010,0,0,0.010
395,1,0,2,0,0,0.015,0,0,0.015
396,0,0,1,0,0,0.000,0,0,0.000
397,1,0,2,0,0,0.010,0,0,0.010
398,1,0,2,0,0,0.010,0,0,0.010
399,1,0,2,0,1,0.025,0,0,0.025
400,1,0,2,0,2,0.036,0,0,0.036
401,0,0,1,0,0,0.000,0,0,0.000
402,1,0,2,0,4,0.061,0,0,0.061
403,0,0,1,0,0,0.000,0,0,0.000
404,0,0,1,0,0,0.000,0,0,0.000
405,0,0,1,0,0,0.000,0,0,0.000
406,1,0,2,0,1,0.025,0,0,0.025
407,1,0,2,0,2,0.040,0,0,0.040
408,1,0,2,0,0,0.010,0,0,0.010
409,1,0,2,0,0,0.010,0,0,0.010
410,1,0,2,0,5,0.067,0,0,0.067
411,1,0,2,0,2,0.040,0,0,0.040
412,1,0,2,0,1,0.025,0,0,0.025
413,0,0,1,0,0,0.000,0,0,0.000
414,1,0,2,0,4,0.069,0,0,0.069
415,1,0,2,0,2,0.031,0,0,0.031
416,1,0,2,0,2,0.044,0,0,0.044
417,5,2,4,8,17,0.068,2,0,0.117
418,0,0,1,0,0,0.000,0,0,0.000
419,1,0,2,0,2,0.031,0,0,0.031
420,1,0,2,0,3,0.055,0,0,0.055
421,6,2,5,10,23,0.076,1,1,0.104
422,1,0,2,0,3,0.055,0,0,0.055
423,3,1,3,3,19,0.093,1,0,0.138
424,0,0,1,0,0,0.000,0,0,0.000
425,1,0,2,0,0,0.015,0,0,0.015
426,1,0,2,0,4,0.061,0,0,0.061
427,1,0,2,0,7,0.088,0,0,0.088
428,1,0,2,0,5,0.071,0,0,0.071
429,1,0,2,0,1,0.025,0,0,0.025
430,0,0,1,0,0,0.000,0,0,0.000
431,1,0,2,0,1,0.021,0,0,0.021
432,14,7,7,25,89,0.105,5,1,0.464
433,0,0,1,0,0,0.000,0,0,0.000
434,1,0,2,0,1,0.025,0,0,0.025
435,0,0,1,0,0,0.000,0,0,0.000
436,0,0,1,0,0,0.000,0,0,0.000
437,1,0,2,0,5,0.075,0,0,0.075
438,0,0,1,0,0,0.000,0,0,0.000
439,3,1,3,4,5,0.048,1,0,0.084
440,1,0,2,0,4,0.061,0,0,0.061
441,0,0,1,0,0,0.000,0,0,0.000
442,1,0,2,0,0,0.015,0,0,0.015
443,0,0,1,0,0,0.000,0,0,0.000
444,0,0,1,0,0,0.000,0,0,0.000
445,0,0,1,0,0,0.000,0,0,0.000
446,1,0,2,0,0,0.010,0,0,0.010
447,1,0,2,0,0,0.010,0,0,0.010
448,1,0,2,0,0,0.015,0,0,0.015
449,1,0,2,0,0,0.015,0,0,0.015
450,1,0,2,0,10,0.132,0,0,0.132
451,1,0,2,0,2,0.040,0,0,0.040
452,1,0,2,0,4,0.061,0,0,0.061
453,1,0,2,0,2,0.040,0,0,0.040
454,1,0,2,0,2,0.036,0,0,0.036
455,1,0,2,0,0,0.010,0,0,0.010
456,1,0,2,0,0,0.015,0,0,0.015
457,0,0,1,0,0,0.000,0,0,0.000
458,1,0,2,0,9,0.130,0,0,0.130
459,1,0,2,0,0,0.015,0,0,0.015
460,1,0,2,0,1,0.021,0,0,0.021
461,1,0,2,0,0,0.010,0,0,0.010
462,1,0,2,0,9,0.117,0,0,0.117
463,1,0,2,0,8,0.115,0,0,0.115
464,1,0,2,0,5,0.080,0,0,0.080
465,1,0,2,0,0,0.015,0,0,0.015
466,0,0,1,0,0,0.000,0,0,0.000
467,1,0,2,0,1,0.021,0,0,0.021
468,1,0,2,0,5,0.067,0,0,0.067
469,0,0,1,0,0,0.000,0,0,0.000
470,1,0,2,0,0,0.010,0,0,0.010
471,1,0,2,0,0,0.015,0,0,0.015
472,1,0,2,0,4,0.069,0,0,0.069
473,1,0,2,0,0,0.015,0,0,0.015
474,1,0,2,0,9,0.121,0,0,0.121
475,1,0,2,0,4,0.061,0,0,0.061
476,1,0,2,0,0,0.015,0,0,0.015
477,0,0,1,0,0,0.000,0,0,0.000
478,1,0,2,0,1,0.025,0,0,0.025
479,0,0,1,0,0,0.000,0,0,0.000
480,0,0,1,0,0,0.000,0,0,0.000
481,0,0,1,0,0,0.000,0,0,0.000
482,1,0,2,0,0,0.015,0,0,0.015
483,1,0,2,0,1,0.021,0,0,0.021
484,7,3,5,10,43,0.100,3,0,0.237
485,1,0,2,0,1,0.025,0,0,0.025
486,1,0,2,0,0,0.010,0,0,0.010
487,1,0,2,0,3,0.050,0,0,0.050
488,0,0,1,0,0,0.000,0,0,0.000
489,1,0,2,0,4,0.065,0,0,0.065
490,1,0,2,0,1,0.021,0,0,0.021
491,1,0,2,0,8,0.115,0,0,0.115
492,1,0,2,0,4,0.069,0,0,0.069
493,1,0,2,0,2,0.040,0,0,0.040
494,1,0,2,0,2,0.040,0,0,0.040
495,1,0,2,0,7,0.092,0,0,0.092
496,1,0,2,0,0,0.010,0,0,0.010
497,0,0,1,0,0,0.000,0,0,0.000
498,0,0,1,0,0,0.000,0,0,0.000
499,0,0,1,0,0,0.000,0,0,0.000
500,1,0,2,0,10,0.145,0,0,0.145
501,1,0,2,0,5,0.075,0,0,0.075
502,1,0,2,0,2,0.031,0,0,0.031
503,1,0,2,0,9,0.126,0,0,0.126
504,1,0,2,0,1,0.025,0,0,0.025
505,1,0,2,0,0,0.010,0,0,0.010
506,1,0,2,0,3,0.059,0,0,0.059
507,0,0,1,0,0,0.000,0,0,0.000
508,1,0,2,0,1,0.025,0,0,0.025
509,1,0,2,0,1,0.025,0,0,0.025
510,1,0,2,0,2,0.031,0,0,0.031
511,1,0,2,0,0,0.010,0,0,0.010
512,1,0,2,0,6,0.094,0,0,0.094
513,1,0,2,0,1,0.021,0,0,0.021
514,1,0,2,0,6,0.086,0,0,0.086
515,1,0,2,0,0,0.015,0,0,0.015
516,3,1,3,1,4,0.030,1,0,0.040
517,1,0,2,0,1,0.021,0,0,0.021
518,1,0,2,0,2,0.040,0,0,0.040
519,1,0,2,0,4,0.056,0,0,0.056
520,1,0,2,0,3,0.055,0,0,0.055
521,1,0,2,0,0,0.010,0,0,0.010
522,0,0,1,0,0,0.000,0,0,0.000
523,1,0,2,0,7,0.101,0,0,0.101
524,1,0,2,0,0,0.015,0,0,0.015
525,1,0,2,0,2,0.036,0,0,0.036
526,1,0,2,0,0,0.010,0,0,0.010
527,0,0,1,0,0,0.000,0,0,0.000
528,1,0,2,0,1,0.029,0,0,0.029
529,1,0,2,0,3,0.055,0,0,0.055
530,0,0,1,0,0,0.000,0,0,0.000
531,1,0,2,0,2,0.036,0,0,0.036
532,0,0,1,0,0,0.000,0,0,0.000
533,4,1,4,5,35,0.137,0,1,0.241
534,1,0,2,0,0,0.015,0,0,0.015
535,1,0,2,0,1,0.021,0,0,0.021
536,1,0,2,0,0,0.015,0,0,0.015
537,1,0,2,0,0,0.010,0,0,0.010
538,1,0,2,0,1,0.029,0,0,0.029
539,1,0,2,0,4,0.065,0,0,0.065
540,1,0,2,0,0,0.010,0,0,0.010
541,0,0,1,0,0,0.000,0,0,0.000
542,1,0,2,0,0,0.010,0,0,0.010
543,1,0,2,0,0,0.010,0,0,0.010
544,22,10,10,38,118,0.092,8,1,0.304
545,1,0,2,0,0,0.010,0,0,0.010
546,1,0,2,0,4,0.052,0,0,0.052
547,0,0,1,0,0,0.000,0,0,0.000
548,1,0,2,0,5,0.075,0,0,0.075
549,0,0,1,0,0,0.000,0,0,0.000
550,0,0,1,0,0,0.000,0,0,0.000
551,1,0,2,0,1,0.021,0,0,0.021
552,0,0,1,0,0,0.000,0,0,0.000
553,1,0,2,0,0,0.010,0,0,0.010
554,7,3,5,7,40,0.093,3,0,0.212
555,0,0,1,0,0,0.000,0,0,0.000
556,1,0,2,0,1,0.025,0,0,0.025
557,3,1,3,4,5,0.045,1,0,0.050
558,0,0,1,0,0,0.000,0,0,0.000
559,0,0,1,0,0,0.000,0,0,0.000
560,1,0,2,0,5,0.080,0,0,0.080
561,1,0,2,0,9,0.121,0,0,0.121
562,0,0,1,0,0,0.000,0,0,0.000
563,1,0,2,0,2,0.044,0,0,0.044
564,3,1,3,1,8,0.052,1,0,0.101
565,3,1,3,4,32,0.141,1,0,0.255
566,0,0,1,0,0,0.000,0,0,0.000
567,1,0,2,0,9,0.108,0,0,0.108
568,0,0,1,0,0,0.000,0,0,0.000
569,0,0,1,0,0,0.000,0,0,0.000
570,1,0,2,0,4,0.061,0,0,0.061
571,3,1,2,2,7,0.038,0,1,0.062
572,0,0,1,0,0,0.000,0,0,0.000
573,1,0,2,0,0,0.015,0,0,0.015
574,1,0,2,0,1,0.025,0,0,0.025
575,1,0,2,0,3,0.050,0,0,0.050
576,1,0,2,0,0,0.015,0,0,0.015
577,1,0,2,0,0,0.010,0,0,0.010
578,1,0,2,0,7,0.096,0,0,0.096
579,1,0,2,0,10,0.128,0,0,0.128
580,0,0,1,0,0,0.000,0,0,0.000
581,1,0,2,0,0,0.010,0,0,0.010
582,1,0,2,0,0,0.015,0,0,0.015
583,1,0,2,0,0,0.010,0,0,0.010
584,1,0,2,0,0,0.010,0,0,0.010
585,0,0,1,0,0,0.000,0,0,0.000
586,1,0,2,0,1,0.025,0,0,0.025
587,1,0,2,0,9,0.117,0,0,0.117
588,1,0,2,0,5,0.071,0,0,0.071
589,0,0,1,0,0,0.000,0,0,0.000
590,1,0,2,0,3,0.042,0,0,0.042
591,0,0,1,0,0,0.000,0,0,0.000
592,1,0,2,0,1,0.021,0,0,0.021
593,1,0,2,0,1,0.021,0,0,0.021
594,1,0,2,0,22,0.274,0,0,0.274
595,1,0,2,0,0,0.015,0,0,0.015
596,1,0,2,0,1,0.021,0,0,0.021
597,1,0,2,0,0,0.010,0,0,0.010
598,1,0,2,0,0,0.015,0,0,0.015
599,0,0,1,0,0,0.000,0,0,0.000
600,0,0,1,0,0,0.000,0,0,0.000
601,1,0,2,0,4,0.056,0,0,0.056
602,0,0,1,0,0,0.000,0,0,0.000
603,3,1,3,3,2,0.029,1,0,0.040
604,1,0,2,0,0,0.010,0,0,0.010
605,1,0,2,0,0,0.010,0,0,0.010
606,0,0,1,0,0,0.000,0,0,0.000
607,0,0,1,0,0,0.000,0,0,0.000
608,0,0,1,0,0,0.000,0,0,0.000
609,1,0,2,0,0,0.010,0,0,0.010
610,1,0,2,0,0,0.010,0,0,0.010
611,0,0,1,0,0,0.000,0,0,0.000
612,0,0,1,0,0,0.000,0,0,0.000
613,0,0,1,0,0,0.000,0,0,0.000
614,1,0,2,0,3,0.046,0,0,0.046
615,1,0,2,0,0,0.015,0,0,0.015
616,0,0,1,0,0,0.000,0,0,0.000
617,1,0,2,0,4,0.061,0,0,0.061
618,1,0,2,0,16,0.207,0,0,0.207
619,1,0,2,0,0,0.010,0,0,0.010
620,3,1,3,4,27,0.130,1,0,0.261
621,1,0,2,0,1,0.021,0,0,0.021
622,1,0,2,0,1,0.021,0,0,0.021
623,1,0,2,0,1,0.025,0,0,0.025
624,1,0,2,0,0,0.015,0,0,0.015
625,1,0,2,0,3,0.055,0,0,0.055
626,0,0,1,0,0,0.000,0,0,0.000
627,1,0,2,0,0,0.010,0,0,0.010
628,1,0,2,0,0,0.010,0,0,0.010
629,1,0,2,0,0,0.010,0,0,0.010
630,0,0,1,0,0,0.000,0,0,0.000
631,0,0,1,0,0,0.000,0,0,0.000
632,0,0,1,0,0,0.000,0,0,0.000
633,0,0,1,0,0,0.000,0,0,0.000
634,1,0,2,0,1,0.029,0,0,0.029
635,0,0,1,0,0,0.000,0,0,0.000
636,6,3,3,5,49,0.118,3,0,0.220
637,1,0,2,0,2,0.031,0,0,0.031
638,1,0,2,0,9,0.121,0,0,0.121
639,1,0,2,0,0,0.010,0,0,0.010
640,1,0,2,0,3,0.042,0,0,0.042
641,1,0,2,0,1,0.029,0,0,0.029
642,0,0,1,0,0,0.000,0,0,0.000
643,1,0,2,0,2,0.036,0,0,0.036
644,0,0,1,0,0,0.000,0,0,0.000
645,1,0,2,0,8,0.111,0,0,0.111
646,1,0,2,0,1,0.021,0,0,0.021
647,1,0,2,0,0,0.010,0,0,0.010
648,1,0,2,0,0,0.015,0,0,0.015
649,5,2,4,6,21,0.075,2,0,0.132
650,0,0,1,0,0,0.000,0,0,0.000
651,1,0,2,0,0,0.010,0,0,0.010
652,0,0,1,0,0,0.000,0,0,0.000
653,1,0,2,0,1,0.025,0,0,0.025
654,1,0,2,0,5,0.067,0,0,0.067
655,1,0,2,0,13,0.159,0,0,0.159
656,0,0,1,0,0,0.000,0,0,0.000
657,1,0,2,0,2,0.040,0,0,0.040
658,1,0,2,0,0,0.015,0,0,0.015
659,1,0,2,0,1,0.021,0,0,0.021
660,0,0,1,0,0,0.000,0,0,0.000
661,1,0,2,0,1,0.021,0,0,0.021
662,0,0,1,0,0,0.000,0,0,0.000
663,1,0,2,0,2,0.040,0,0,0.040
664,1,0,2,0,0,0.010,0,0,0.010
665,1,0,2,0,2,0.036,0,0,0.036
666,1,0,2,0,2,0.040,0,0,0.040
667,3,1,3,4,4,0.036,1,0,0.056
668,1,0,2,0,0,0.010,0,0,0.010
669,1,0,2,0,0,0.010,0,0,0.010
670,1,0,2,0,1,0.021,0,0,0.021
671,0,0,1,0,0,0.000,0,0,0.000
672,5,2,4,7,15,0.059,2,0,0.090
673,1,0,2,0,1,0.025,0,0,0.025
674,1,0,2,0,4,0.069,0,0,0.069
675,0,0,1,0,0,0.000,0,0,0.000
676,1,0,2,0,0,0.010,0,0,0.010
677,1,0,2,0,1,0.025,0,0,0.025
678,0,0,1,0,0,0.000,0,0,0.000
679,1,0,2,0,0,0.010,0,0,0.010
680,0,0,1,0,0,0.000,0,0,0.000
681,1,0,2,0,9,0.126,0,0,0.126
682,1,0,2,0,1,0.029,0,0,0.029
683,1,0,2,0,5,0.071,0,0,0.071
684,1,0,2,0,0,0.010,0,0,0.010
685,3,1,2,2,9,0.045,0,1,0.067
686,1,0,2,0,1,0.021,0,0,0.021
687,1,0,2,0,0,0.010,0,0,0.010
688,1,0,2,0,0,0.010,0,0,0.010
689,1,0,2,0,4,0.056,0,0,0.056
690,6,2,4,11,22,0.082,0,2,0.167
691,1,0,2,0,4,0.061,0,0,0.061
692,1,0,2,0,0,0.010,0,0,0.010
693,0,0,1,0,0,0.000,0,0,0.000
694,1,0,2,0,0,0.015,0,0,0.015
695,1,0,2,0,0,0.015,0,0,0.015
696,1,0,2,0,1,0.021,0,0,0.021
697,1,0,2,0,3,0.046,0,0,0.046
698,1,0,2,0,3,0.042,0,0,0.042
699,1,0,2,0,1,0.021,0,0,0.021
700,0,0,1,0,0,0.000,0,0,0.000
701,1,0,2,0,3,0.046,0,0,0.046
702,1,0,2,0,1,0.021,0,0,0.021
703,1,0,2,0,2,0.040,0,0,0.040
704,1,0,2,0,2,0.036,0,0,0.036
705,1,0,2,0,1,0.025,0,0,0.025
706,1,0,2,0,0,0.010,0,0,0.010
707,0,0,1,0,0,0.000,0,0,0.000
708,0,0,1,0,0,0.000,0,0,0.000
709,1,0,2,0,0,0.015,0,0,0.015
710,1,0,2,0,0,0.010,0,0,0.010
711,1,0,2,0,4,0.056,0,0,0.056
712,1,0,2,0,0,0.015,0,0,0.015
713,1,0,2,0,4,0.061,0,0,0.061
714,1,0,2,0,0,0.010,0,0,0.010
715,0,0,1,0,0,0.000,0,0,0.000
716,1,0,2,0,2,0.031,0,0,0.031
717,1,0,2,0,0,0.010,0,0,0.010
718,1,0,2,0,0,0.010,0,0,0.010
719,0,0,1,0,0,0.000,0,0,0.000
720,0,0,1,0,0,0.000,0,0,0.000
721,1,0,2,0,0,0.010,0,0,0.010
722,0,0,1,0,0,0.000,0,0,0.000
723,0,0,1,0,0,0.000,0,0,0.000
724,1,0,2,0,2,0.040,0,0,0.040
725,1,0,2,0,0,0.010,0,0,0.010
726,1,0,2,0,30,0.379,0,0,0.379
727,1,0,2,0,4,0.061,0,0,0.061
728,1,0,2,0,14,0.186,0,0,0.186
729,3,1,3,4,15,0.082,1,0,0.117
730,1,0,2,0,1,0.025,0,0,0.025
731,1,0,2,0,1,0.021,0,0,0.021
732,1,0,2,0,1,0.021,0,0,0.021
733,1,0,2,0,0,0.010,0,0,0.010
734,1,0,2,0,1,0.025,0,0,0.025
735,0,0,1,0,0,0.000,0,0,0.000
736,1,0,2,0,0,0.010,0,0,0.010
737,1,0,2,0,0,0.015,0,0,0.015
738,0,0,1,0,0,0.000,0,0,0.000
739,1,0,2,0,7,0.096,0,0,0.096
740,1,0,2,0,1,0.025,0,0,0.025
741,1,0,2,0,3,0.046,0,0,0.046
742,19,8,11,38,94,0.092,5,3,0.205
743,1,0,2,0,4,0.061,0,0,0.061
744,1,0,2,0,1,0.025,0,0,0.025
745,1,0,2,0,1,0.025,0,0,0.025
746,0,0,1,0,0,0.000,0,0,0.000
747,0,0,1,0,0,0.000,0,0,0.000
748,1,0,2,0,0,0.010,0,0,0.010
749,1,0,2,0,0,0.015,0,0,0.015
750,0,0,1,0,0,0.000,0,0,0.000
751,1,0,2,0,5,0.075,0,0,0.075
752,1,0,2,0,0,0.010,0,0,0.010
753,0,0,1,0,0,0.000,0,0,0.000
754,1,0,2,0,5,0.062,0,0,0.062
755,1,0,2,0,0,0.010,0,0,0.010
756,1,0,2,0,6,0.094,0,0,0.094
757,1,0,2,0,1,0.025,0,0,0.025
758,1,0,2,0,2,0.036,0,0,0.036
759,0,0,1,0,0,0.000,0,0,0.000
760,5,1,5,8,38,0.128,0,0,0.255
761,1,0,2,0,2,0.036,0,0,0.036
762,1,0,2,0,0,0.015,0,0,0.015
763,1,0,2,0,1,0.029,0,0,0.029
764,1,0,2,0,0,0.010,0,0,0.010
765,1,0,2,0,0,0.015,0,0,0.015
766,1,0,2,0,12,0.166,0,0,0.166
767,0,0,1,0,0,0.000,0,0,0.000
768,0,0,1,0,0,0.000,0,0,0.000
769,1,0,2,0,2,0.036,0,0,0.036
770,1,0,2,0,8,0.107,0,0,0.107
771,1,0,2,0,2,0.036,0,0,0.036
772,1,0,2,0,1,0.021,0,0,0.021
773,1,0,2,0,7,0.101,0,0,0.101
774,1,0,2,0,2,0.036,0,0,0.036
775,1,0,2,0,0,0.015,0,0,0.015
776,1,0,2,0,0,0.010,0,0,0.010
777,1,0,2,0,0,0.010,0,0,0.010
778,1,0,2,0,0,0.015,0,0,0.015
779,1,0,2,0,0,0.010,0,0,0.010
780,1,0,2,0,9,0.134,0,0,0.134
781,1,0,2,0,4,0.061,0,0,0.061
782,1,0,2,0,0,0.010,0,0,0.010
783,0,0,1,0,0,0.000,0,0,0.000
784,1,0,2,0,1,0.025,0,0,0.025
785,1,0,2,0,0,0.010,0,0,0.010
786,0,0,1,0,0,0.000,0,0,0.000
787,1,0,2,0,15,0.210,0,0,0.210
788,1,0,2,0,0,0.010,0,0,0.010
789,1,0,2,0,0,0.015,0,0,0.015
790,1,0,2,0,4,0.052,0,0,0.052
791,0,0,1,0,0,0.000,0,0,0.000
792,1,0,2,0,5,0.071,0,0,0.071
793,1,0,2,0,3,0.046,0,0,0.046
794,0,0,1,0,0,0.000,0,0,0.000
795,1,0,2,0,2,0.031,0,0,0.031
796,1,0,2,0,9,0.121,0,0,0.121
797,1,0,2,0,0,0.015,0,0,0.015
798,1,0,2,0,0,0.010,0,0,0.010
799,1,0,2,0,2,0.031,0,0,0.031
800,1,0,2,0,0,0.010,0,0,0.010
801,1,0,2,0,1,0.025,0,0,0.025
802,1,0,2,0,0,0.015,0,0,0.015
803,1,0,2,0,2,0.036,0,0,0.036
804,1,0,2,0,2,0.036,0,0,0.036
805,0,0,1,0,0,0.000,0,0,0.000
806,1,0,2,0,0,0.010,0,0,0.010
807,0,0,1,0,0,0.000,0,0,0.000
808,3,1,3,4,10,0.066,1,0,0.161
809,1,0,2,0,3,0.046,0,0,0.046
810,1,0,2,0,1,0.021,0,0,0.021
811,1,0,2,0,1,0.021,0,0,0.021
812,1,0,2,0,0,0.010,0,0,0.010
813,1,0,2,0,1,0.025,0,0,0.025
814,0,0,1,0,0,0.000,0,0,0.000
815,1,0,2,0,1,0.025,0,0,0.025
816,1,0,2,0,3,0.050,0,0,0.050
817,1,0,2,0,0,0.015,0,0,0.015
818,6,3,3,7,27,0.077,3,0,0.130
819,1,0,2,0,1,0.029,0,0,0.029
820,1,0,2,0,2,0.040,0,0,0.040
821,1,0,2,0,0,0.010,0,0,0.010
822,0,0,1,0,0,0.000,0,0,0.000
823,1,0,2,0,0,0.010,0,0,0.010
824,0,0,1,0,0,0.000,0,0,0.000
825,1,0,2,0,1,0.021,0,0,0.021
826,1,0,2,0,0,0.010,0,0,0.010
827,1,0,2,0,3,0.042,0,0,0.042
828,1,0,2,0,0,0.010,0,0,0.010
829,1,0,2,0,3,0.046,0,0,0.046
830,1,0,2,0,0,0.010,0,0,0.010
831,0,0,1,0,0,0.000,0,0,0.000
832,1,0,2,0,0,0.010,0,0,0.010
833,5,2,4,7,28,0.090,2,0,0.178
834,1,0,2,0,0,0.010,0,0,0.010
835,1,0,2,0,1,0.025,0,0,0.025
836,1,0,2,0,1,0.021,0,0,0.021
837,1,0,2,0,3,0.046,0,0,0.046
838,1,0,2,0,0,0.015,0,0,0.015
839,1,0,2,0,1,0.025,0,0,0.025
840,22,10,9,51,101,0.092,7,2,0.239
841,1,0,2,0,0,0.010,0,0,0.010
842,1,0,2,0,3,0.050,0,0,0.050
843,1,0,2,0,0,0.015,0,0,0.015
844,1,0,2,0,1,0.021,0,0,0.021
845,0,0,1,0,0,0.000,0,0,0.000
846,1,0,2,0,0,0.010,0,0,0.010
847,1,0,2,0,0,0.015,0,0,0.015
848,1,0,2,0,1,0.021,0,0,0.021
849,0,0,1,0,0,0.000,0,0,0.000
850,0,0,1,0,0,0.000,0,0,0.000
851,1,0,2,0,1,0.025,0,0,0.025
852,0,0,1,0,0,0.000,0,0,0.000
853,1,0,2,0,3,0.042,0,0,0.042
854,1,0,2,0,1,0.025,0,0,0.025
855,1,0,2,0,5,0.067,0,0,0.067
856,1,0,2,0,1,0.025,0,0,0.025
857,1,0,2,0,1,0.021,0,0,0.021
858,1,0,2,0,1,0.021,0,0,0.021
859,1,0,2,0,1,0.025,0,0,0.025
860,1,0,2,0,1,0.021,0,0,0.021
861,1,0,2,0,2,0.040,0,0,0.040
862,1,0,2,0,1,0.021,0,0,0.021
863,1,0,2,0,0,0.010,0,0,0.010
864,1,0,2,0,6,0.086,0,0,0.086
865,1,0,2,0,0,0.010,0,0,0.010
866,0,0,1,0,0,0.000,0,0,0.000
867,1,0,2,0,0,0.010,0,0,0.010
868,1,0,2,0,0,0.010,0,0,0.010
869,1,0,2,0,0,0.015,0,0,0.015
870,0,0,1,0,0,0.000,0,0,0.000
871,1,0,2,0,0,0.010,0,0,0.010
872,1,0,2,0,0,0.015,0,0,0.015
873,1,0,2,0,7,0.101,0,0,0.101
874,1,0,2,0,0,0.010,0,0,0.010
875,1,0,2,0,1,0.021,0,0,0.021
876,1,0,2,0,0,0.015,0,0,0.015
877,1,0,2,0,0,0.015,0,0,0.015
878,1,0,2,0,1,0.025,0,0,0.025
879,1,0,2,0,4,0.065,0,0,0.065
880,1,0,2,0,3,0.046,0,0,0.046
881,5,2,4,7,11,0.049,2,0,0.056
882,1,0,2,0,1,0.021,0,0,0.021
883,1,0,2,0,1,0.029,0,0,0.029
884,2,1,1,5,15,0.112,1,0,0.138
885,1,0,2,0,0,0.010,0,0,0.010
886,1,0,2,0,8,0.111,0,0,0.111
887,1,0,2,0,0,0.015,0,0,0.015
888,0,0,1,0,0,0.000,0,0,0.000
889,1,0,2,0,1,0.029,0,0,0.029
890,0,0,1,0,0,0.000,0,0,0.000
891,1,0,2,0,4,0.061,0,0,0.061
892,1,0,2,0,0,0.015,0,0,0.015
893,1,0,2,0,17,0.205,0,0,0.205
894,1,0,2,0,6,0.086,0,0,0.086
895,1,0,2,0,5,0.080,0,0,0.080
896,1,0,2,0,0,0.015,0,0,0.015
897,1,0,2,0,0,0.010,0,0,0.010
898,1,0,2,0,0,0.010,0,0,0.010
899,0,0,1,0,0,0.000,0,0,0.000
900,1,0,2,0,4,0.065,0,0,0.065
901,1,0,2,0,0,0.010,0,0,0.010
902,0,0,1,0,0,0.000,0,0,0.000
903,1,0,2,0,2,0.044,0,0,0.044
904,0,0,1,0,0,0.000,0,0,0.000
905,0,0,1,0,0,0.000,0,0,0.000
906,5,2,2,7,20,0.075,0,2,0.164
907,1,0,2,0,1,0.021,0,0,0.021
908,1,0,2,0,1,0.025,0,0,0.025
909,1,0,2,0,0,0.015,0,0,0.015
910,0,0,1,0,0,0.000,0,0,0.000
911,0,0,1,0,0,0.000,0,0,0.000
912,1,0,2,0,0,0.015,0,0,0.015
913,1,0,2,0,1,0.025,0,0,0.025
914,1,0,2,0,1,0.025,0,0,0.025
915,1,0,2,0,1,0.025,0,0,0.025
916,1,0,2,0,3,0.046,0,0,0.046
917,3,1,3,4,12,0.074,1,0,0.096
918,1,0,2,0,4,0.061,0,0,0.061
919,1,0,2,0,2,0.044,0,0,0.044
920,1,0,2,0,1,0.025,0,0,0.025
921,1,0,2,0,1,0.029,0,0,0.029
922,0,0,1,0,0,0.000,0,0,0.000
923,1,0,2,0,0,0.010,0,0,0.010
924,0,0,1,0,0,0.000,0,0,0.000
925,1,0,2,0,4,0.065,0,0,0.065
926,1,0,2,0,1,0.025,0,0,0.025
927,1,0,2,0,0,0.015,0,0,0.015
928,1,0,2,0,0,0.010,0,0,0.010
929,1,0,2,0,0,0.010,0,0,0.010
930,1,0,2,0,1,0.025,0,0,0.025
931,3,1,3,4,7,0.054,1,0,0.071
932,1,0,2,0,6,0.082,0,0,0.082
933,1,0,2,0,0,0.010,0,0,0.010
934,1,0,2,0,2,0.036,0,0,0.036
935,1,0,2,0,1,0.021,0,0,0.021
936,0,0,1,0,0,0.000,0,0,0.000
937,1,0,2,0,0,0.010,0,0,0.010
938,5,2,4,7,10,0.048,2,0,0.086
939,0,0,1,0,0,0.000,0,0,0.000
940,0,0,1,0,0,0.000,0,0,0.000
941,1,0,2,0,1,0.025,0,0,0.025
942,1,0,2,0,0,0.010,0,0,0.010
943,1,0,2,0,0,0.010,0,0,0.010
944,1,0,2,0,0,0.010,0,0,0.010
945,1,0,2,0,26,0.337,0,0,0.337
946,3,1,3,4,26,0.120,1,0,0.227
947,1,0,2,0,8,0.107,0,0,0.107
948,0,0,1,0,0,0.000,0,0,0.000
949,1,0,2,0,0,0.015,0,0,0.015
950,1,0,2,0,0,0.015,0,0,0.015
951,0,0,1,0,0,0.000,0,0,0.000
952,1,0,2,0,1,0.025,0,0,0.025
953,1,0,2,0,3,0.050,0,0,0.050
954,1,0,2,0,0,0.010,0,0,0.010
955,1,0,2,0,8,0.111,0,0,0.111
956,1,0,2,0,0,0.010,0,0,0.010
957,1,0,2,0,0,0.015,0,0,0.015
958,1,0,2,0,2,0.036,0,0,0.036
959,0,0,1,0,0,0.000,0,0,0.000
960,1,0,2,0,4,0.056,0,0,0.056
961,1,0,2,0,2,0.036,0,0,0.036
962,1,0,2,0,28,0.358,0,0,0.358
963,1,0,2,0,2,0.036,0,0,0.036
964,5,2,4,4,12,0.048,2,0,0.084
965,1,0,2,0,4,0.061,0,0,0.061
966,0,0,1,0,0,0.000,0,0,0.000
967,0,0,1,0,0,0.000,0,0,0.000
968,1,0,2,0,0,0.010,0,0,0.010
969,1,0,2,0,13,0.163,0,0,0.163
970,1,0,2,0,2,0.036,0,0,0.036
971,1,0,2,0,0,0.010,0,0,0.010
972,1,0,2,0,0,0.015,0,0,0.015
973,1,0,2,0,0,0.010,0,0,0.010
974,1,0,2,0,0,0.015,0,0,0.015
975,0,0,1,0,0,0.000,0,0,0.000
976,1,0,2,0,0,0.010,0,0,0.010
977,0,0,1,0,0,0.000,0,0,0.000
978,1,0,2,0,0,0.010,0,0,0.010
979,1,0,2,0,3,0.055,0,0,0.055
980,18,8,9,31,72,0.078,5,3,0.186
981,0,0,1,0,0,0.000,0,0,0.000
982,1,0,2,0,5,0.067,0,0,0.067
983,1,0,2,0,0,0.015,0,0,0.015
984,0,0,1,0,0,0.000,0,0,0.000
985,1,0,2,0,0,0.010,0,0,0.010
986,1,0,2,0,1,0.021,0,0,0.021
987,1,0,2,0,0,0.015,0,0,0.015
988,1,0,2,0,0,0.010,0,0,0.010
989,1,0,2,0,4,0.056,0,0,0.056
990,0,0,1,0,0,0.000,0,0,0.000
991,1,0,2,0,0,0.015,0,0,0.015
992,0,0,1,0,0,0.000,0,0,0.000
993,0,0,1,0,0,0.000,0,0,0.000
994,0,0,1,0,0,0.000,0,0,0.000
995,1,0,2,0,3,0.055,0,0,0.055
996,1,0,2,0,6,0.082,0,0,0.082
997,1,0,2,0,0,0.010,0,0,0.010
998,1,0,2,0,1,0.021,0,0,0.021
999,0,0,1,0,0,0.000,0,0,0.000
1000,1,0,2,0,7,0.088,0,0,0.088
1001,1,0,2,0,5,0.071,0,0,0.071
1002,12,5,8,17,83,0.107,4,1,0.247
1003,3,1,2,2,6,0.034,0,1,0.061
1004,1,0,2,0,1,0.025,0,0,0.025
1005,1,0,2,0,7,0.088,0,0,0.088
1006,1,0,2,0,0,0.010,0,0,0.010
1007,1,0,2,0,0,0.010,0,0,0.010
1008,1,0,2,0,7,0.092,0,0,0.092
1009,1,0,2,0,0,0.015,0,0,0.015
1010,9,4,5,16,72,0.123,3,1,0.322
1011,1,0,2,0,4,0.061,0,0,0.061
1012,1,0,2,0,0,0.015,0,0,0.015
1013,5,2,4,6,43,0.130,2,0,0.241
1014,1,0,2,0,0,0.010,0,0,0.010
1015,0,0,1,0,0,0.000,0,0,0.000
1016,0,0,1,0,0,0.000,0,0,0.000
1017,1,0,2,0,1,0.025,0,0,0.025
1018,1,0,2,0,0,0.010,0,0,0.010
1019,0,0,1,0,0,0.000,0,0,0.000
1020,0,0,1,0,0,0.000,0,0,0.000
1021,1,0,2,0,0,0.015,0,0,0.015
1022,3,1,3,3,5,0.040,1,0,0.086
1023,1,0,2,0,10,0.136,0,0,0.136
1024,0,0,1,0,0,0.000,0,0,0.000
1025,1,0,2,0,0,0.010,0,0,0.010
1026,1,0,2,0,0,0.010,0,0,0.010
1027,1,0,2,0,1,0.021,0,0,0.021
1028,0,0,1,0,0,0.000,0,0,0.000
1029,1,0,2,0,1,0.021,0,0,0.021
1030,1,0,2,0,1,0.021,0,0,0.021
1031,1,0,2,0,0,0.010,0,0,0.010
1032,1,0,2,0,0,0.015,0,0,0.015
1033,0,0,1,0,0,0.000,0,0,0.000
1034,1,0,2,0,4,0.065,0,0,0.065
1035,1,0,2,0,8,0.094,0,0,0.094
1036,1,0,2,0,6,0.086,0,0,0.086
1037,1,0,2,0,0,0.015,0,0,0.015
1038,1,0,2,0,2,0.036,0,0,0.036
1039,1,0,2,0,1,0.021,0,0,0.021
1040,1,0,2,0,1,0.025,0,0,0.025
1041,0,0,1,0,0,0.000,0,0,0.000
1042,3,1,3,3,9,0.059,1,0,0.101
1043,1,0,2,0,1,0.029,0,0,0.029
1044,1,0,2,0,2,0.036,0,0,0.036
1045,1,0,2,0,0,0.010,0,0,0.010
1046,1,0,2,0,0,0.010,0,0,0.010
1047,1,0,2,0,1,0.021,0,0,0.021
1048,1,0,2,0,0,0.015,0,0,0.015
1049,1,0,2,0,1,0.021,0,0,0.021
1050,1,0,2,0,0,0.010,0,0,0.010
1051,1,0,2,0,12,0.157,0,0,0.157
1052,0,0,1,0,0,0.000,0,0,0.000
1053,1,0,2,0,0,0.010,0,0,0.010
1054,1,0,2,0,1,0.021,0,0,0.021
1055,0,0,1,0,0,0.000,0,0,0.000
1056,4,2,2,6,17,0.077,2,0,0.107
1057,0,0,1,0,0,0.000,0,0,0.000
1058,1,0,2,0,0,0.010,0,0,0.010
1059,1,0,2,0,0,0.010,0,0,0.010
1060,1,0,2,0,3,0.046,0,0,0.046
1061,1,0,2,0,0,0.010,0,0,0.010
1062,1,0,2,0,2,0.040,0,0,0.040
1063,1,0,2,0,0,0.010,0,0,0.010
1064,1,0,2,0,0,0.010,0,0,0.010
1065,0,0,1,0,0,0.000,0,0,0.000
1066,1,0,2,0,6,0.082,0,0,0.082
1067,1,0,2,0,3,0.050,0,0,0.050
1068,1,0,2,0,6,0.086,0,0,0.086
1069,1,0,2,0,1,0.025,0,0,0.025
1070,0,0,1,0,0,0.000,0,0,0.000
1071,1,0,2,0,2,0.036,0,0,0.036
1072,1,0,2,0,4,0.061,0,0,0.061
1073,1,0,2,0,0,0.015,0,0,0.015
1074,1,0,2,0,1,0.021,0,0,0.021
1075,0,0,1,0,0,0.000,0,0,0.000
1076,0,0,1,0,0,0.000,0,0,0.000
1077,1,0,2,0,0,0.015,0,0,0.015
1078,1,0,2,0,1,0.029,0,0,0.029
1079,1,0,2,0,0,0.010,0,0,0.010
1080,0,0,1,0,0,0.000,0,0,0.000
1081,1,0,2,0,2,0.031,0,0,0.031
1082,1,0,2,0,2,0.040,0,0,0.040
1083,3,1,3,1,11,0.061,1,0,0.113
1084,7,4,2,12,54,0.126,4,0,0.285
1085,1,0,2,0,3,0.042,0,0,0.042
1086,1,0,2,0,20,0.245,0,0,0.245
1087,1,0,2,0,1,0.029,0,0,0.029
1088,0,0,1,0,0,0.000,0,0,0.000
1089,3,1,3,4,3,0.034,1,0,0.040
1090,1,0,2,0,0,0.015,0,0,0.015
1091,1,0,2,0,2,0.044,0,0,0.044
1092,1,0,2,0,1,0.021,0,0,0.021
1093,1,0,2,0,0,0.010,0,0,0.010
1094,1,0,2,0,3,0.055,0,0,0.055
1095,1,0,2,0,1,0.025,0,0,0.025
1096,0,0,1,0,0,0.000,0,0,0.000
1097,1,0,2,0,5,0.080,0,0,0.080
1098,0,0,1,0,0,0.000,0,0,0.000
1099,0,0,1,0,0,0.000,0,0,0.000
1100,1,0,2,0,19,0.256,0,0,0.256
1101,0,0,1,0,0,0.000,0,0,0.000
1102,1,0,2,0,0,0.015,0,0,0.015
1103,1,0,2,0,0,0.015,0,0,0.015
1104,1,0,2,0,2,0.040,0,0,0.040
1105,0,0,1,0,0,0.000,0,0,0.000
1106,1,0,2,0,20,0.240,0,0,0.240
1107,1,0,2,0,0,0.010,0,0,0.010
1108,0,0,1,0,0,0.000,0,0,0.000
1109,1,0,2,0,1,0.025,0,0,0.025
1110,1,0,2,0,0,0.015,0,0,0.015
1111,1,0,2,0,2,0.031,0,0,0.031
1112,1,0,2,0,0,0.010,0,0,0.010
1113,0,0,1,0,0,0.000,0,0,0.000
1114,1,0,2,0,15,0.180,0,0,0.180
1115,1,0,2,0,0,0.010,0,0,0.010
1116,1,0,2,0,6,0.082,0,0,0.082
1117,0,0,1,0,0,0.000,0,0,0.000
1118,1,0,2,0,1,0.021,0,0,0.021
1119,1,0,2,0,0,0.010,0,0,0.010
1120,1,0,2,0,0,0.015,0,0,0.015
1121,1,0,2,0,1,0.021,0,0,0.021
1122,1,0,2,0,14,0.182,0,0,0.182
1123,1,0,2,0,1,0.025,0,0,0.025
1124,1,0,2,0,3,0.050,0,0,0.050
1125,1,0,2,0,0,0.010,0,0,0.010
1126,1,0,2,0,1,0.021,0,0,0.021
1127,1,0,2,0,6,0.086,0,0,0.086
1128,3,1,2,2,5,0.035,0,1,0.055
1129,1,0,2,0,2,0.040,0,0,0.040
1130,0,0,1,0,0,0.000,0,0,0.000
1131,1,0,2,0,1,0.021,0,0,0.021
1132,0,0,1,0,0,0.000,0,0,0.000
1133,1,0,2,0,1,0.029,0,0,0.029
1134,0,0,1,0,0,0.000,0,0,0.000
1135,1,0,2,0,0,0.010,0,0,0.010
1136,1,0,2,0,1,0.025,0,0,0.025
1137,1,0,2,0,0,0.010,0,0,0.010
1138,1,0,2,0,0,0.010,0,0,0.010
1139,1,0,2,0,2,0.036,0,0,0.036
1140,0,0,1,0,0,0.000,0,0,0.000
1141,1,0,2,0,4,0.065,0,0,0.065
1142,1,0,2,0,9,0.130,0,0,0.130
1143,1,0,2,0,0,0.015,0,0,0.015
1144,1,0,2,0,1,0.021,0,0,0.021
1145,1,0,2,0,0,0.010,0,0,0.010
1146,1,0,2,0,1,0.025,0,0,0.025
1147,1,0,2,0,0,0.015,0,0,0.015
1148,1,0,2,0,1,0.021,0,0,0.021
1149,1,0,2,0,0,0.010,0,0,0.010
1150,1,0,2,0,5,0.067,0,0,0.067
1151,0,0,1,0,0,0.000,0,0,0.000
1152,0,0,1,0,0,0.000,0,0,0.000
1153,3,1,3,1,12,0.059,1,0,0.108
1154,1,0,2,0,0,0.010,0,0,0.010
1155,0,0,1,0,0,0.000,0,0,0.000
1156,1,0,2,0,1,0.025,0,0,0.025
1157,0,0,1,0,0,0.000,0,0,0.000
1158,1,0,2,0,1,0.021,0,0,0.021
1159,1,0,2,0,6,0.090,0,0,0.090
1160,1,0,2,0,0,0.015,0,0,0.015
1161,1,0,2,0,0,0.010,0,0,0.010
1162,1,0,2,0,4,0.061,0,0,0.061
1163,1,0,2,0,0,0.010,0,0,0.010
1164,5,2,3,10,23,0.088,1,1,0.166
1165,3,1,3,3,6,0.044,1,0,0.061
1166,0,0,1,0,0,0.000,0,0,0.000
1167,1,0,2,0,0,0.010,0,0,0.010
1168,1,0,2,0,0,0.010,0,0,0.010
1169,1,0,2,0,1,0.021,0,0,0.021
1170,1,0,2,0,5,0.067,0,0,0.067
1171,1,0,2,0,2,0.031,0,0,0.031
1172,1,0,2,0,0,0.010,0,0,0.010
1173,1,0,2,0,3,0.046,0,0,0.046
1174,1,0,2,0,0,0.010,0,0,0.010
1175,1,0,2,0,0,0.010,0,0,0.010
1176,1,0,2,0,1,0.021,0,0,0.021
1177,1,0,2,0,1,0.025,0,0,0.025
1178,0,0,1,0,0,0.000,0,0,0.000
1179,1,0,2,0,0,0.010,0,0,0.010
1180,34,17,15,60,255,0.119,15,2,0.287
1181,1,0,2,0,0,0.015,0,0,0.015
1182,1,0,2,0,18,0.228,0,0,0.228
1183,1,0,2,0,0,0.015,0,0,0.015
1184,0,0,1,0,0,0.000,0,0,0.000
1185,1,0,2,0,26,0.320,0,0,0.320
1186,19,9,10,32,64,0.065,8,1,0.167
1187,1,0,2,0,10,0.128,0,0,0.128
1188,1,0,2,0,6,0.086,0,0,0.086
1189,0,0,1,0,0,0.000,0,0,0.000
1190,0,0,1,0,0,0.000,0,0,0.000
1191,1,0,2,0,1,0.025,0,0,0.025
1192,0,0,1,0,0,0.000,0,0,0.000
1193,1,0,2,0,4,0.061,0,0,0.061
1194,0,0,1,0,0,0.000,0,0,0.000
1195,1,0,2,0,2,0.040,0,0,0.040
1196,1,0,2,0,1,0.025,0,0,0.025
1197,1,0,2,0,2,0.031,0,0,0.031
1198,0,0,1,0,0,0.000,0,0,0.000
1199,1,0,2,0,5,0.075,0,0,0.075
1200,1,0,2,0,2,0.036,0,0,0.036
1201,1,0,2,0,0,0.015,0,0,0.015
1202,1,0,2,0,14,0.178,0,0,0.178
1203,0,0,1,0,0,0.000,0,0,0.000
1204,1,0,2,0,2,0.031,0,0,0.031
1205,1,0,2,0,3,0.050,0,0,0.050
1206,0,0,1,0,0,0.000,0,0,0.000
1207,0,0,1,0,0,0.000,0,0,0.000
1208,0,0,1,0,0,0.000,0,0,0.000
1209,1,0,2,0,5,0.067,0,0,0.067
1210,0,0,1,0,0,0.000,0,0,0.000
1211,1,0,2,0,0,0.010,0,0,0.010
1212,1,0,2,0,0,0.010,0,0,0.010
1213,1,0,2,0,2,0.040,0,0,0.040
1214,1,0,2,0,0,0.010,0,0,0.010
1215,3,1,3,3,13,0.070,1,0,0.092
1216,1,0,2,0,0,0.010,0,0,0.010
1217,0,0,1,0,0,0.000,0,0,0.000
1218,0,0,1,0,0,0.000,0,0,0.000
1219,0,0,1,0,0,0.000,0,0,0.000
1220,1,0,2,0,0,0.015,0,0,0.015
1221,0,0,1,0,0,0.000,0,0,0.000
1222,3,1,3,1,16,0.092,1,0,0.218
1223,1,0,2,0,0,0.010,0,0,0.010
1224,5,2,4,5,23,0.077,2,0,0.153
1225,1,0,2,0,0,0.010,0,0,0.010
1226,1,0,2,0,6,0.090,0,0,0.090
1227,1,0,2,0,0,0.015,0,0,0.015
1228,1,0,2,0,0,0.010,0,0,0.010
1229,1,0,2,0,0,0.010,0,0,0.010
1230,1,0,2,0,0,0.010,0,0,0.010
1231,1,0,2,0,14,0.178,0,0,0.178
1232,0,0,1,0,0,0.000,0,0,0.000
1233,1,0,2,0,1,0.021,0,0,0.021
1234,1,0,2,0,3,0.055,0,0,0.055
1235,1,0,2,0,1,0.021,0,0,0.021
1236,1,0,2,0,2,0.036,0,0,0.036
1237,1,0,2,0,4,0.061,0,0,0.061
1238,0,0,1,0,0,0.000,0,0,0.000
1239,1,0,2,0,5,0.071,0,0,0.071
1240,1,0,2,0,0,0.010,0,0,0.010
1241,0,0,1,0,0,0.000,0,0,0.000
1242,1,0,2,0,1,0.025,0,0,0.025
1243,1,0,2,0,1,0.021,0,0,0.021
1244,1,0,2,0,0,0.010,0,0,0.010
1245,1,0,2,0,3,0.055,0,0,0.055
1246,1,0,2,0,14,0.178,0,0,0.178
1247,0,0,1,0,0,0.000,0,0,0.000
1248,1,0,2,0,0,0.010,0,0,0.010
1249,5,2,4,5,59,0.160,2,0,0.535
1250,3,1,3,1,22,0.100,1,0,0.163
1251,0,0,1,0,0,0.000,0,0,0.000
1252,1,0,2,0,6,0.077,0,0,0.077
1253,3,1,3,1,12,0.066,1,0,0.147
1254,0,0,1,0,0,0.000,0,0,0.000
1255,1,0,2,0,0,0.010,0,0,0.010
1256,1,0,2,0,1,0.025,0,0,0.025
1257,1,0,2,0,3,0.042,0,0,0.042
1258,0,0,1,0,0,0.000,0,0,0.000
1259,1,0,2,0,0,0.010,0,0,0.010
1260,1,0,2,0,1,0.025,0,0,0.025
1261,1,0,2,0,0,0.015,0,0,0.015
1262,1,0,2,0,1,0.025,0,0,0.025
1263,1,0,2,0,2,0.036,0,0,0.036
1264,1,0,2,0,7,0.096,0,0,0.096
1265,1,0,2,0,1,0.025,0,0,0.025
1266,1,0,2,0,3,0.042,0,0,0.042
1267,1,0,2,0,0,0.010,0,0,0.010
1268,1,0,2,0,0,0.010,0,0,0.010
1269,0,0,1,0,0,0.000,0,0,0.000
1270,1,0,2,0,0,0.010,0,0,0.010
1271,1,0,2,0,4,0.069,0,0,0.069
1272,1,0,2,0,2,0.036,0,0,0.036
1273,1,0,2,0,2,0.036,0,0,0.036
1274,0,0,1,0,0,0.000,0,0,0.000
1275,1,0,2,0,0,0.015,0,0,0.015
1276,1,0,2,0,0,0.015,0,0,0.015
1277,1,0,2,0,1,0.021,0,0,0.021
1278,1,0,2,0,1,0.021,0,0,0.021
1279,1,0,2,0,2,0.036,0,0,0.036
1280,1,0,2,0,0,0.010,0,0,0.010
1281,1,0,2,0,4,0.065,0,0,0.065
1282,3,1,3,4,7,0.052,1,0,0.107
1283,1,0,2,0,0,0.010,0,0,0.010
1284,1,0,2,0,21,0.268,0,0,0.268
1285,0,0,1,0,0,0.000,0,0,0.000
1286,1,0,2,0,0,0.015,0,0,0.015
1287,0,0,1,0,0,0.000,0,0,0.000
1288,4,1,4,6,20,0.090,0,1,0.112
1289,3,1,3,4,15,0.090,1,0,0.191
1290,1,0,2,0,2,0.036,0,0,0.036
1291,3,1,3,5,17,0.096,1,0,0.147
1292,0,0,1,0,0,0.000,0,0,0.000
1293,0,0,1,0,0,0.000,0,0,0.000
1294,0,0,1,0,0,0.000,0,0,0.000
1295,0,0,1,0,0,0.000,0,0,0.000
1296,4,1,4,3,12,0.062,0,1,0.115
1297,1,0,2,0,0,0.015,0,0,0.015
1298,1,0,2,0,0,0.015,0,0,0.015
1299,1,0,2,0,0,0.015,0,0,0.015
1300,0,0,1,0,0,0.000,0,0,0.000
1301,1,0,2,0,1,0.025,0,0,0.025
1302,1,0,2,0,2,0.036,0,0,0.036
1303,1,0,2,0,5,0.075,0,0,0.075
1304,1,0,2,0,0,0.010,0,0,0.010
1305,1,0,2,0,0,0.010,0,0,0.010
1306,1,0,2,0,5,0.084,0,0,0.084
1307,0,0,1,0,0,0.000,0,0,0.000
1308,1,0,2,0,1,0.021,0,0,0.021
1309,0,0,1,0,0,0.000,0,0,0.000
1310,1,0,2,0,1,0.025,0,0,0.025
1311,1,0,2,0,0,0.010,0,0,0.010
1312,1,0,2,0,2,0.044,0,0,0.044
1313,1,0,2,0,0,0.010,0,0,0.010
1314,1,0,2,0,1,0.029,0,0,0.029
1315,1,0,2,0,2,0.036,0,0,0.036
1316,0,0,1,0,0,0.000,0,0,0.000
1317,3,1,3,3,32,0.151,1,0,0.234
1318,3,1,3,3,11,0.064,1,0,0.092
1319,1,0,2,0,1,0.025,0,0,0.025
1320,1,0,2,0,1,0.025,0,0,0.025
1321,1,0,2,0,0,0.010,0,0,0.010
1322,0,0,1,0,0,0.000,0,0,0.000
1323,0,0,1,0,0,0.000,0,0,0.000
1324,1,0,2,0,0,0.010,0,0,0.010
1325,1,0,2,0,27,0.356,0,0,0.356
1326,1,0,2,0,5,0.084,0,0,0.084
1327,26,13,9,54,196,0.124,10,2,0.292
1328,1,0,2,0,1,0.025,0,0,0.025
1329,1,0,2,0,0,0.010,0,0,0.010
1330,0,0,1,0,0,0.000,0,0,0.000
1331,1,0,2,0,1,0.021,0,0,0.021
1332,1,0,2,0,2,0.036,0,0,0.036
1333,1,0,2,0,1,0.021,0,0,0.021
1334,1,0,2,0,0,0.015,0,0,0.015
1335,1,0,2,0,0,0.010,0,0,0.010
1336,1,0,2,0,0,0.010,0,0,0.010
1337,1,0,2,0,3,0.046,0,0,0.046
1338,0,0,1,0,0,0.000,0,0,0.000
1339,1,0,2,0,8,0.102,0,0,0.102
1340,1,0,2,0,2,0.036,0,0,0.036
1341,0,0,1,0,0,0.000,0,0,0.000
1342,1,0,2,0,0,0.015,0,0,0.015
1343,0,0,1,0,0,0.000,0,0,0.000
1344,13,5,9,23,137,0.149,3,2,0.489
1345,1,0,2,0,3,0.046,0,0,0.046
1346,0,0,1,0,0,0.000,0,0,0.000
1347,1,0,2,0,1,0.021,0,0,0.021
1348,0,0,1,0,0,0.000,0,0,0.000
1349,0,0,1,0,0,0.000,0,0,0.000
1350,1,0,2,0,3,0.050,0,0,0.050
1351,0,0,1,0,0,0.000,0,0,0.000
1352,1,0,2,0,0,0.015,0,0,0.015
1353,1,0,2,0,3,0.046,0,0,0.046
1354,1,0,2,0,0,0.010,0,0,0.010
1355,0,0,1,0,0,0.000,0,0,0.000
1356,1,0,2,0,4,0.065,0,0,0.065
1357,1,0,2,0,2,0.031,0,0,0.031
1358,1,0,2,0,8,0.107,0,0,0.107
1359,1,0,2,0,0,0.015,0,0,0.015
1360,1,0,2,0,1,0.025,0,0,0.025
1361,1,0,2,0,2,0.031,0,0,0.031
1362,1,0,2,0,3,0.050,0,0,0.050
1363,1,0,2,0,10,0.128,0,0,0.128
1364,1,0,2,0,1,0.025,0,0,0.025
1365,0,0,1,0,0,0.000,0,0,0.000
1366,1,0,2,0,0,0.010,0,0,0.010
1367,1,0,2,0,0,0.010,0,0,0.010
1368,1,0,2,0,0,0.015,0,0,0.015
1369,1,0,2,0,3,0.050,0,0,0.050
1370,1,0,2,0,0,0.010,0,0,0.010
1371,0,0,1,0,0,0.000,0,0,0.000
1372,1,0,2,0,5,0.075,0,0,0.075
1373,0,0,1,0,0,0.000,0,0,0.000
1374,1,0,2,0,7,0.105,0,0,0.105
1375,1,0,2,0,0,0.010,0,0,0.010
1376,1,0,2,0,1,0.029,0,0,0.029
1377,1,0,2,0,3,0.050,0,0,0.050
1378,1,0,2,0,1,0.021,0,0,0.021
1379,0,0,1,0,0,0.000,0,0,0.000
1380,1,0,2,0,7,0.101,0,0,0.101
1381,1,0,2,0,0,0.010,0,0,0.010
1382,0,0,1,0,0,0.000,0,0,0.000
1383,1,0,2,0,0,0.010,0,0,0.010
1384,1,0,2,0,9,0.130,0,0,0.130
1385,1,0,2,0,2,0.031,0,0,0.031
1386,0,0,1,0,0,0.000,0,0,0.000
1387,1,0,2,0,0,0.015,0,0,0.015
1388,1,0,2,0,0,0.010,0,0,0.010
1389,0,0,1,0,0,0.000,0,0,0.000
1390,0,0,1,0,0,0.000,0,0,0.000
1391,1,0,2,0,9,0.126,0,0,0.126
1392,3,1,2,2,3,0.024,0,1,0.050
1393,1,0,2,0,4,0.056,0,0,0.056
1394,1,0,2,0,9,0.134,0,0,0.134
1395,1,0,2,0,0,0.015,0,0,0.015
1396,1,0,2,0,1,0.021,0,0,0.021
1397,1,0,2,0,8,0.102,0,0,0.102
1398,3,1,3,1,19,0.085,1,0,0.138
1399,1,0,2,0,6,0.090,0,0,0.090
1400,1,0,2,0,1,0.025,0,0,0.025
1401,3,1,3,3,54,0.229,1,0,0.370
1402,1,0,2,0,1,0.025,0,0,0.025
1403,1,0,2,0,0,0.010,0,0,0.010
1404,1,0,2,0,6,0.086,0,0,0.086
1405,1,0,2,0,0,0.015,0,0,0.015
1406,1,0,2,0,0,0.010,0,0,0.010
1407,1,0,2,0,0,0.010,0,0,0.010
1408,24,13,9,47,129,0.093,13,0,0.262
1409,1,0,2,0,1,0.025,0,0,0.025
1410,1,0,2,0,1,0.021,0,0,0.021
1411,1,0,2,0,1,0.025,0,0,0.025
1412,1,0,2,0,0,0.010,0,0,0.010
1413,1,0,2,0,4,0.061,0,0,0.061
1414,1,0,2,0,4,0.061,0,0,0.061
1415,0,0,1,0,0,0.000,0,0,0.000
1416,0,0,1,0,0,0.000,0,0,0.000
1417,1,0,2,0,0,0.015,0,0,0.015
1418,0,0,1,0,0,0.000,0,0,0.000
1419,1,0,2,0,0,0.010,0,0,0.010
1420,1,0,2,0,3,0.046,0,0,0.046
1421,1,0,2,0,1,0.025,0,0,0.025
1422,0,0,1,0,0,0.000,0,0,0.000
1423,1,0,2,0,0,0.010,0,0,0.010
1424,1,0,2,0,1,0.025,0,0,0.025
1425,1,0,2,0,6,0.090,0,0,0.090
1426,1,0,2,0,0,0.010,0,0,0.010
1427,0,0,1,0,0,0.000,0,0,0.000
1428,1,0,2,0,1,0.025,0,0,0.025
1429,5,2,4,6,28,0.086,2,0,0.188
1430,1,0,2,0,3,0.046,0,0,0.046
1431,1,0,2,0,1,0.021,0,0,0.021
1432,0,0,1,0,0,0.000,0,0,0.000
1433,3,1,2,5,6,0.045,0,1,0.080
1434,0,0,1,0,0,0.000,0,0,0.000
1435,1,0,2,0,7,0.101,0,0,0.101
1436,1,0,2,0,1,0.025,0,0,0.025
1437,1,0,2,0,0,0.015,0,0,0.015
1438,1,0,2,0,0,0.010,0,0,0.010
1439,1,0,2,0,11,0.142,0,0,0.142
1440,1,0,2,0,2,0.031,0,0,0.031
1441,1,0,2,0,13,0.159,0,0,0.159
1442,1,0,2,0,0,0.010,0,0,0.010
1443,1,0,2,0,3,0.050,0,0,0.050
1444,0,0,1,0,0,0.000,0,0,0.000
1445,0,0,1,0,0,0.000,0,0,0.000
1446,1,0,2,0,6,0.073,0,0,0.073
1447,1,0,2,0,1,0.021,0,0,0.021
1448,1,0,2,0,1,0.021,0,0,0.021
1449,1,0,2,0,2,0.036,0,0,0.036
1450,1,0,2,0,0,0.015,0,0,0.015
1451,1,0,2,0,1,0.025,0,0,0.025
1452,1,0,2,0,0,0.010,0,0,0.010
1453,3,1,3,3,7,0.050,1,0,0.075
1454,1,0,2,0,0,0.010,0,0,0.010
1455,1,0,2,0,0,0.010,0,0,0.010
1456,1,0,2,0,0,0.010,0,0,0.010
1457,1,0,2,0,0,0.010,0,0,0.010
1458,1,0,2,0,0,0.010,0,0,0.010
1459,1,0,2,0,0,0.015,0,0,0.015
1460,1,0,2,0,1,0.025,0,0,0.025
1461,1,0,2,0,0,0.010,0,0,0.010
1462,3,1,3,3,10,0.058,1,0,0.092
1463,1,0,2,0,0,0.010,0,0,0.010
1464,9,4,5,16,52,0.101,3,1,0.155
1465,1,0,2,0,13,0.176,0,0,0.176
1466,1,0,2,0,4,0.056,0,0,0.056
1467,1,0,2,0,0,0.010,0,0,0.010
1468,1,0,2,0,12,0.144,0,0,0.144
1469,1,0,2,0,2,0.040,0,0,0.040
1470,1,0,2,0,4,0.061,0,0,0.061
1471,1,0,2,0,0,0.015,0,0,0.015
1472,1,0,2,0,3,0.042,0,0,0.042
1473,1,0,2,0,0,0.010,0,0,0.010
1474,1,0,2,0,0,0.010,0,0,0.010
1475,1,0,2,0,0,0.010,0,0,0.010
1476,1,0,2,0,0,0.010,0,0,0.010
1477,0,0,1,0,0,0.000,0,0,0.000
1478,1,0,2,0,0,0.010,0,0,0.010
1479,1,0,2,0,0,0.010,0,0,0.010
1480,1,0,2,0,0,0.010,0,0,0.010
1481,1,0,2,0,2,0.036,0,0,0.036
1482,1,0,2,0,0,0.015,0,0,0.015
1483,1,0,2,0,3,0.050,0,0,0.050
1484,1,0,2,0,0,0.010,0,0,0.010
1485,1,0,2,0,5,0.067,0,0,0.067
1486,1,0,2,0,1,0.025,0,0,0.025
1487,1,0,2,0,10,0.132,0,0,0.132
1488,1,0,2,0,1,0.025,0,0,0.025
1489,1,0,2,0,0,0.010,0,0,0.010
1490,1,0,2,0,3,0.042,0,0,0.042
1491,1,0,2,0,0,0.015,0,0,0.015
1492,3,1,3,3,38,0.174,1,0,0.188
1493,1,0,2,0,1,0.021,0,0,0.021
1494,0,0,1,0,0,0.000,0,0,0.000
1495,1,0,2,0,1,0.021,0,0,0.021
1496,0,0,1,0,0,0.000,0,0,0.000
1497,0,0,1,0,0,0.000,0,0,0.000
1498,1,0,2,0,0,0.010,0,0,0.010
1499,1,0,2,0,0,0.015,0,0,0.015
1500,0,0,1,0,0,0.000,0,0,0.000
1501,0,0,1,0,0,0.000,0,0,0.000
1502,0,0,1,0,0,0.000,0,0,0.000
1503,1,0,2,0,0,0.015,0,0,0.015
1504,3,1,3,3,13,0.074,1,0,0.121
1505,1,0,2,0,1,0.029,0,0,0.029
1506,1,0,2,0,1,0.025,0,0,0.025
1507,0,0,1,0,0,0.000,0,0,0.000
1508,0,0,1,0,0,0.000,0,0,0.000
1509,1,0,2,0,7,0.101,0,0,0.101
1510,1,0,2,0,5,0.075,0,0,0.075
1511,1,0,2,0,0,0.010,0,0,0.010
1512,0,0,1,0,0,0.000,0,0,0.000
1513,1,0,2,0,3,0.046,0,0,0.046
1514,1,0,2,0,0,0.015,0,0,0.015
1515,1,0,2,0,4,0.061,0,0,0.061
1516,1,0,2,0,1,0.029,0,0,0.029
1517,1,0,2,0,0,0.010,0,0,0.010
1518,0,0,1,0,0,0.000,0,0,0.000
1519,1,0,2,0,0,0.010,0,0,0.010
1520,1,0,2,0,1,0.025,0,0,0.025
1521,0,0,1,0,0,0.000,0,0,0.000
1522,3,1,3,3,18,0.094,1,0,0.140
1523,1,0,2,0,10,0.136,0,0,0.136
1524,1,0,2,0,0,0.010,0,0,0.010
1525,0,0,1,0,0,0.000,0,0,0.000
1526,1,0,2,0,4,0.069,0,0,0.069
1527,1,0,2,0,1,0.025,0,0,0.025
1528,0,0,1,0,0,0.000,0,0,0.000
1529,3,1,3,3,21,0.100,1,0,0.153
1530,1,0,2,0,1,0.025,0,0,0.025
1531,1,0,2,0,0,0.010,0,0,0.010
1532,1,0,2,0,6,0.077,0,0,0.077
1533,1,0,2,0,1,0.025,0,0,0.025
1534,1,0,2,0,0,0.010,0,0,0.010
1535,1,0,2,0,1,0.025,0,0,0.025
1536,1,0,2,0,1,0.025,0,0,0.025
1537,1,0,2,0,0,0.010,0,0,0.010
1538,1,0,2,0,1,0.021,0,0,0.021
1539,1,0,2,0,2,0.040,0,0,0.040
1540,1,0,2,0,3,0.050,0,0,0.050
1541,1,0,2,0,0,0.010,0,0,0.010
1542,1,0,2,0,0,0.010,0,0,0.010
1543,1,0,2,0,0,0.010,0,0,0.010
1544,1,0,2,0,0,0.010,0,0,0.010
1545,1,0,2,0,24,0.295,0,0,0.295
1546,1,0,2,0,6,0.086,0,0,0.086
1547,1,0,2,0,2,0.036,0,0,0.036
1548,1,0,2,0,0,0.010,0,0,0.010
1549,1,0,2,0,1,0.029,0,0,0.029
1550,1,0,2,0,1,0.021,0,0,0.021
1551,1,0,2,0,1,0.025,0,0,0.025
1552,1,0,2,0,1,0.025,0,0,0.025
1553,0,0,1,0,0,0.000,0,0,0.000
1554,1,0,2,0,1,0.021,0,0,0.021
1555,1,0,2,0,0,0.010,0,0,0.010
1556,1,0,2,0,0,0.010,0,0,0.010
1557,1,0,2,0,1,0.025,0,0,0.025
1558,3,1,3,4,16,0.089,1,0,0.199
1559,0,0,1,0,0,0.000,0,0,0.000
1560,1,0,2,0,3,0.059,0,0,0.059
1561,0,0,1,0,0,0.000,0,0,0.000
1562,0,0,1,0,0,0.000,0,0,0.000
1563,1,0,2,0,2,0.036,0,0,0.036
1564,0,0,1,0,0,0.000,0,0,0.000
1565,0,0,1,0,0,0.000,0,0,0.000
1566,1,0,2,0,0,0.010,0,0,0.010
1567,1,0,2,0,0,0.010,0,0,0.010
1568,1,0,2,0,4,0.061,0,0,0.061
1569,1,0,2,0,3,0.055,0,0,0.055
1570,0,0,1,0,0,0.000,0,0,0.000
1571,1,0,2,0,1,0.021,0,0,0.021
1572,1,0,2,0,1,0.021,0,0,0.021
1573,1,0,2,0,2,0.040,0,0,0.040
1574,1,0,2,0,4,0.052,0,0,0.052
1575,1,0,2,0,1,0.021,0,0,0.021
1576,0,0,1,0,0,0.000,0,0,0.000
1577,1,0,2,0,4,0.056,0,0,0.056
1578,1,0,2,0,0,0.010,0,0,0.010
1579,1,0,2,0,6,0.090,0,0,0.090
1580,0,0,1,0,0,0.000,0,0,0.000
1581,1,0,2,0,4,0.052,0,0,0.052
1582,1,0,2,0,2,0.040,0,0,0.040
1583,1,0,2,0,1,0.021,0,0,0.021
1584,1,0,2,0,0,0.010,0,0,0.010
1585,8,4,4,14,29,0.073,4,0,0.149
1586,1,0,2,0,3,0.055,0,0,0.055
1587,0,0,1,0,0,0.000,0,0,0.000
1588,0,0,1,0,0,0.000,0,0,0.000
1589,1,0,2,0,1,0.021,0,0,0.021
1590,1,0,2,0,0,0.015,0,0,0.015
1591,1,0,2,0,6,0.086,0,0,0.086
1592,1,0,2,0,1,0.021,0,0,0.021
1593,1,0,2,0,0,0.015,0,0,0.015
1594,1,0,2,0,3,0.046,0,0,0.046
1595,1,0,2,0,0,0.010,0,0,0.010
1596,1,0,2,0,0,0.010,0,0,0.010
1597,1,0,2,0,0,0.010,0,0,0.010
1598,1,0,2,0,3,0.042,0,0,0.042
1599,1,0,2,0,4,0.056,0,0,0.056
1600,0,0,1,0,0,0.000,0,0,0.000
1601,1,0,2,0,5,0.080,0,0,0.080
1602,1,0,2,0,0,0.015,0,0,0.015
1603,1,0,2,0,11,0.155,0,0,0.155
1604,0,0,1,0,0,0.000,0,0,0.000
1605,1,0,2,0,0,0.010,0,0,0.010
1606,1,0,2,0,0,0.010,0,0,0.010
1607,1,0,2,0,3,0.050,0,0,0.050
1608,0,0,1,0,0,0.000,0,0,0.000
1609,0,0,1,0,0,0.000,0,0,0.000
1610,1,0,2,0,0,0.015,0,0,0.015
1611,1,0,2,0,10,0.140,0,0,0.140
1612,0,0,1,0,0,0.000,0,0,0.000
1613,1,0,2,0,7,0.105,0,0,0.105
1614,0,0,1,0,0,0.000,0,0,0.000
1615,1,0,2,0,0,0.010,0,0,0.010
1616,0,0,1,0,0,0.000,0,0,0.000
1617,1,0,2,0,0,0.010,0,0,0.010
1618,0,0,1,0,0,0.000,0,0,0.000
1619,7,2,6,16,28,0.090,1,0,0.205
1620,1,0,2,0,0,0.015,0,0,0.015
1621,1,0,2,0,2,0.036,0,0,0.036
1622,5,2,4,6,9,0.044,2,0,0.056
1623,1,0,2,0,0,0.010,0,0,0.010
1624,1,0,2,0,3,0.046,0,0,0.046
1625,0,0,1,0,0,0.000,0,0,0.000
1626,1,0,2,0,1,0.021,0,0,0.021
1627,0,0,1,0,0,0.000,0,0,0.000
1628,0,0,1,0,0,0.000,0,0,0.000
1629,3,1,3,3,27,0.121,1,0,0.313
1630,1,0,2,0,0,0.015,0,0,0.015
1631,1,0,2,0,1,0.021,0,0,0.021
1632,0,0,1,0,0,0.000,0,0,0.000
1633,1,0,2,0,1,0.025,0,0,0.025
1634,1,0,2,0,5,0.075,0,0,0.075
1635,0,0,1,0,0,0.000,0,0,0.000
1636,1,0,2,0,1,0.025,0,0,0.025
1637,0,0,1,0,0,0.000,0,0,0.000
1638,1,0,2,0,1,0.021,0,0,0.021
1639,1,0,2,0,0,0.015,0,0,0.015
1640,1,0,2,0,4,0.065,0,0,0.065
1641,3,1,3,1,7,0.039,1,0,0.067
1642,0,0,1,0,0,0.000,0,0,0.000
1643,1,0,2,0,1,0.025,0,0,0.025
1644,1,0,2,0,0,0.010,0,0,0.010
1645,1,0,2,0,4,0.061,0,0,0.061
1646,1,0,2,0,1,0.021,0,0,0.021
1647,0,0,1,0,0,0.000,0,0,0.000
1648,1,0,2,0,0,0.010,0,0,0.010
1649,0,0,1,0,0,0.000,0,0,0.000
1650,1,0,2,0,1,0.029,0,0,0.029
1651,1,0,2,0,0,0.010,0,0,0.010
1652,1,0,2,0,0,0.010,0,0,0.010
1653,1,0,2,0,8,0.120,0,0,0.120
1654,0,0,1,0,0,0.000,0,0,0.000
1655,1,0,2,0,0,0.010,0,0,0.010
1656,1,0,2,0,0,0.010,0,0,0.010
1657,1,0,2,0,2,0.040,0,0,0.040
1658,1,0,2,0,2,0.031,0,0,0.031
1659,0,0,1,0,0,0.000,0,0,0.000
1660,3,1,3,1,20,0.096,1,0,0.101
1661,0,0,1,0,0,0.000,0,0,0.000
1662,1,0,2,0,1,0.025,0,0,0.025
1663,0,0,1,0,0,0.000,0,0,0.000
1664,0,0,1,0,0,0.000,0,0,0.000
1665,1,0,2,0,1,0.025,0,0,0.025
1666,1,0,2,0,3,0.050,0,0,0.050
1667,1,0,2,0,2,0.036,0,0,0.036
1668,1,0,2,0,0,0.010,0,0,0.010
1669,1,0,2,0,1,0.029,0,0,0.029
1670,1,0,2,0,1,0.025,0,0,0.025
1671,1,0,2,0,2,0.040,0,0,0.040
1672,1,0,2,0,2,0.036,0,0,0.036
1673,1,0,2,0,0,0.010,0,0,0.010
1674,1,0,2,0,0,0.010,0,0,0.010
1675,0,0,1,0,0,0.000,0,0,0.000
1676,1,0,2,0,2,0.031,0,0,0.031
1677,1,0,2,0,0,0.015,0,0,0.015
1678,1,0,2,0,1,0.021,0,0,0.021
1679,0,0,1,0,0,0.000,0,0,0.000
1680,0,0,1,0,0,0.000,0,0,0.000
1681,1,0,2,0,1,0.021,0,0,0.021
1682,1,0,2,0,16,0.229,0,0,0.229
1683,1,0,2,0,0,0.010,0,0,0.010
1684,1,0,2,0,0,0.010,0,0,0.010
1685,1,0,2,0,1,0.021,0,0,0.021
1686,1,0,2,0,1,0.021,0,0,0.021
1687,1,0,2,0,1,0.025,0,0,0.025
1688,1,0,2,0,0,0.010,0,0,0.010
1689,1,0,2,0,0,0.010,0,0,0.010
1690,1,0,2,0,1,0.025,0,0,0.025
1691,1,0,2,0,1,0.025,0,0,0.025
1692,1,0,2,0,0,0.015,0,0,0.015
1693,0,0,1,0,0,0.000,0,0,0.000
1694,1,0,2,0,8,0.115,0,0,0.115
1695,0,0,1,0,0,0.000,0,0,0.000
1696,1,0,2,0,3,0.050,0,0,0.050
1697,1,0,2,0,0,0.010,0,0,0.010
1698,1,0,2,0,1,0.021,0,0,0.021
1699,1,0,2,0,2,0.036,0,0,0.036
1700,1,0,2,0,3,0.046,0,0,0.046
1701,1,0,2,0,1,0.025,0,0,0.025
1702,0,0,1,0,0,0.000,0,0,0.000
1703,1,0,2,0,2,0.044,0,0,0.044
1704,1,0,2,0,0,0.015,0,0,0.015
1705,1,0,2,0,1,0.025,0,0,0.025
1706,1,0,2,0,3,0.046,0,0,0.046
1707,1,0,2,0,0,0.010,0,0,0.010
1708,1,0,2,0,0,0.010,0,0,0.010
1709,1,0,2,0,5,0.067,0,0,0.067
1710,1,0,2,0,0,0.015,0,0,0.015
1711,1,0,2,0,2,0.036,0,0,0.036
1712,1,0,2,0,2,0.040,0,0,0.040
1713,1,0,2,0,0,0.015,0,0,0.015
1714,1,0,2,0,0,0.015,0,0,0.015
1715,0,0,1,0,0,0.000,0,0,0.000
1716,1,0,2,0,0,0.010,0,0,0.010
1717,1,0,2,0,0,0.015,0,0,0.015
1718,1,0,2,0,2,0.031,0,0,0.031
1719,1,0,2,0,1,0.025,0,0,0.025
1720,1,0,2,0,6,0.086,0,0,0.086
1721,1,0,2,0,0,0.010,0,0,0.010
1722,1,0,2,0,2,0.036,0,0,0.036
1723,1,0,2,0,8,0.111,0,0,0.111
1724,0,0,1,0,0,0.000,0,0,0.000
1725,7,3,5,7,12,0.042,3,0,0.086
1726,0,0,1,0,0,0.000,0,0,0.000
1727,1,0,2,0,0,0.010,0,0,0.010
1728,1,0,2,0,2,0.036,0,0,0.036
1729,1,0,2,0,0,0.010,0,0,0.010
1730,1,0,2,0,0,0.015,0,0,0.015
1731,1,0,2,0,13,0.176,0,0,0.176
1732,1,0,2,0,0,0.015,0,0,0.015
1733,1,0,2,0,1,0.025,0,0,0.025
1734,1,0,2,0,1,0.025,0,0,0.025
1735,1,0,2,0,1,0.021,0,0,0.021
1736,1,0,2,0,0,0.010,0,0,0.010
1737,0,0,1,0,0,0.000,0,0,0.000
1738,0,0,1,0,0,0.000,0,0,0.000
1739,3,1,2,2,1,0.017,0,1,0.025
1740,1,0,2,0,5,0.067,0,0,0.067
1741,1,0,2,0,0,0.015,0,0,0.015
1742,1,0,2,0,0,0.015,0,0,0.015
1743,1,0,2,0,3,0.050,0,0,0.050
1744,0,0,1,0,0,0.000,0,0,0.000
1745,1,0,2,0,5,0.084,0,0,0.084
1746,0,0,1,0,0,0.000,0,0,0.000
1747,1,0,2,0,2,0.040,0,0,0.040
1748,1,0,2,0,1,0.021,0,0,0.021
1749,1,0,2,0,0,0.010,0,0,0.010
1750,1,0,2,0,0,0.015,0,0,0.015
1751,1,0,2,0,2,0.036,0,0,0.036
1752,1,0,2,0,0,0.010,0,0,0.010
1753,1,0,2,0,1,0.021,0,0,0.021
1754,1,0,2,0,1,0.025,0,0,0.025
1755,15,6,7,29,66,0.087,3,2,0.172
1756,1,0,2,0,0,0.015,0,0,0.015
1757,0,0,1,0,0,0.000,0,0,0.000
1758,1,0,2,0,0,0.015,0,0,0.015
1759,1,0,2,0,1,0.025,0,0,0.025
1760,1,0,2,0,1,0.025,0,0,0.025
1761,1,0,2,0,2,0.040,0,0,0.040
1762,0,0,1,0,0,0.000,0,0,0.000
1763,1,0,2,0,0,0.010,0,0,0.010
1764,1,0,2,0,1,0.025,0,0,0.025
1765,1,0,2,0,3,0.055,0,0,0.055
1766,1,0,2,0,7,0.092,0,0,0.092
1767,1,0,2,0,5,0.084,0,0,0.084
1768,1,0,2,0,2,0.031,0,0,0.031
1769,1,0,2,0,0,0.010,0,0,0.010
1770,1,0,2,0,0,0.010,0,0,0.010
1771,1,0,2,0,6,0.086,0,0,0.086
1772,1,0,2,0,15,0.193,0,0,0.193
1773,0,0,1,0,0,0.000,0,0,0.000
1774,1,0,2,0,1,0.021,0,0,0.021
1775,0,0,1,0,0,0.000,0,0,0.000
1776,3,1,3,3,9,0.059,1,0,0.075
1777,1,0,2,0,5,0.075,0,0,0.075
1778,1,0,2,0,4,0.065,0,0,0.065
1779,1,0,2,0,6,0.073,0,0,0.073
1780,1,0,2,0,4,0.061,0,0,0.061
1781,1,0,2,0,0,0.015,0,0,0.015
1782,0,0,1,0,0,0.000,0,0,0.000
1783,1,0,2,0,0,0.010,0,0,0.010
1784,1,0,2,0,3,0.050,0,0,0.050
1785,0,0,1,0,0,0.000,0,0,0.000
1786,1,0,2,0,2,0.036,0,0,0.036
1787,0,0,1,0,0,0.000,0,0,0.000
1788,0,0,1,0,0,0.000,0,0,0.000
1789,1,0,2,0,0,0.015,0,0,0.015
1790,1,0,2,0,1,0.021,0,0,0.021
1791,1,0,2,0,0,0.010,0,0,0.010
1792,1,0,2,0,2,0.031,0,0,0.031
1793,1,0,2,0,1,0.025,0,0,0.025
1794,1,0,2,0,0,0.010,0,0,0.010
1795,1,0,2,0,0,0.010,0,0,0.010
1796,1,0,2,0,0,0.010,0,0,0.010
1797,1,0,2,0,1,0.025,0,0,0.025
1798,0,0,1,0,0,0.000,0,0,0.000
1799,0,0,1,0,0,0.000,0,0,0.000
1800,0,0,1,0,0,0.000,0,0,0.000
1801,1,0,2,0,2,0.036,0,0,0.036
1802,1,0,2,0,0,0.015,0,0,0.015
1803,0,0,1,0,0,0.000,0,0,0.000
1804,0,0,1,0,0,0.000,0,0,0.000
1805,1,0,2,0,1,0.021,0,0,0.021
1806,1,0,2,0,0,0.010,0,0,0.010
1807,1,0,2,0,5,0.062,0,0,0.062
1808,3,1,3,4,8,0.052,1,0,0.082
1809,0,0,1,0,0,0.000,0,0,0.000
1810,1,0,2,0,1,0.025,0,0,0.025
1811,1,0,2,0,0,0.010,0,0,0.010
1812,1,0,2,0,0,0.010,0,0,0.010
1813,0,0,1,0,0,0.000,0,0,0.000
1814,1,0,2,0,2,0.044,0,0,0.044
1815,1,0,2,0,0,0.010,0,0,0.010
1816,16,8,7,30,42,0.058,7,1,0.113
1817,1,0,2,0,0,0.010,0,0,0.010
1818,1,0,2,0,0,0.010,0,0,0.010
1819,0,0,1,0,0,0.000,0,0,0.000
1820,1,0,2,0,1,0.029,0,0,0.029
1821,1,0,2,0,0,0.010,0,0,0.010
1822,1,0,2,0,1,0.025,0,0,0.025
1823,1,0,2,0,0,0.015,0,0,0.015
1824,1,0,2,0,0,0.015,0,0,0.015
1825,1,0,2,0,1,0.025,0,0,0.025
1826,1,0,2,0,1,0.021,0,0,0.021
1827,1,0,2,0,0,0.010,0,0,0.010
1828,1,0,2,0,1,0.021,0,0,0.021
1829,1,0,2,0,1,0.025,0,0,0.025
1830,1,0,2,0,0,0.010,0,0,0.010
1831,0,0,1,0,0,0.000,0,0,0.000
1832,1,0,2,0,0,0.015,0,0,0.015
1833,1,0,2,0,2,0.040,0,0,0.040
1834,1,0,2,0,0,0.010,0,0,0.010
1835,1,0,2,0,4,0.056,0,0,0.056
1836,1,0,2,0,0,0.010,0,0,0.010
1837,1,0,2,0,1,0.029,0,0,0.029
1838,1,0,2,0,2,0.031,0,0,0.031
1839,1,0,2,0,3,0.055,0,0,0.055
1840,1,0,2,0,5,0.075,0,0,0.075
1841,0,0,1,0,0,0.000,0,0,0.000
1842,0,0,1,0,0,0.000,0,0,0.000
1843,1,0,2,0,3,0.042,0,0,0.042
1844,1,0,2,0,0,0.010,0,0,0.010
1845,1,0,2,0,0,0.015,0,0,0.015
1846,4,1,4,6,15,0.073,0,1,0.153
1847,0,0,1,0,0,0.000,0,0,0.000
1848,1,0,2,0,0,0.015,0,0,0.015
1849,1,0,2,0,0,0.010,0,0,0.010
1850,0,0,1,0,0,0.000,0,0,0.000
1851,3,1,3,3,32,0.147,1,0,0.295
1852,1,0,2,0,6,0.082,0,0,0.082
1853,1,0,2,0,1,0.025,0,0,0.025
1854,1,0,2,0,1,0.025,0,0,0.025
1855,1,0,2,0,0,0.015,0,0,0.015
1856,1,0,2,0,0,0.015,0,0,0.015
1857,0,0,1,0,0,0.000,0,0,0.000
1858,1,0,2,0,1,0.021,0,0,0.021
1859,3,1,3,4,16,0.086,1,0,0.166
1860,1,0,2,0,5,0.071,0,0,0.071
1861,1,0,2,0,0,0.010,0,0,0.010
1862,0,0,1,0,0,0.000,0,0,0.000
1863,1,0,2,0,0,0.010,0,0,0.010
1864,1,0,2,0,0,0.015,0,0,0.015
1865,1,0,2,0,0,0.010,0,0,0.010
1866,0,0,1,0,0,0.000,0,0,0.000
1867,2,1,1,4,27,0.188,1,0,0.270
1868,1,0,2,0,1,0.029,0,0,0.029
1869,1,0,2,0,0,0.010,0,0,0.010
1870,5,2,4,8,30,0.098,2,0,0.142
1871,1,0,2,0,0,0.010,0,0,0.010
1872,1,0,2,0,6,0.090,0,0,0.090
1873,1,0,2,0,1,0.025,0,0,0.025
1874,1,0,2,0,0,0.015,0,0,0.015
1875,1,0,2,0,0,0.010,0,0,0.010
1876,3,1,3,3,37,0.176,1,0,0.337
1877,1,0,2,0,1,0.025,0,0,0.025
1878,0,0,1,0,0,0.000,0,0,0.000
1879,1,0,2,0,0,0.010,0,0,0.010
1880,1,0,2,0,0,0.015,0,0,0.015
1881,1,0,2,0,5,0.071,0,0,0.071
1882,1,0,2,0,3,0.046,0,0,0.046
1883,1,0,2,0,1,0.021,0,0,0.021
1884,1,0,2,0,1,0.021,0,0,0.021
1885,1,0,2,0,2,0.044,0,0,0.044
1886,1,0,2,0,1,0.029,0,0,0.029
1887,1,0,2,0,0,0.015,0,0,0.015
1888,1,0,2,0,3,0.055,0,0,0.055
1889,1,0,2,0,0,0.015,0,0,0.015
1890,0,0,1,0,0,0.000,0,0,0.000
1891,1,0,2,0,0,0.015,0,0,0.015
1892,1,0,2,0,5,0.075,0,0,0.075
1893,1,0,2,0,10,0.132,0,0,0.132
1894,1,0,2,0,0,0.010,0,0,0.010
1895,0,0,1,0,0,0.000,0,0,0.000
1896,0,0,1,0,0,0.000,0,0,0.000
1897,1,0,2,0,5,0.075,0,0,0.075
1898,4,1,4,4,17,0.073,0,1,0.107
1899,3,1,3,1,2,0.022,1,0,0.025
1900,1,0,2,0,3,0.050,0,0,0.050
1901,1,0,2,0,1,0.021,0,0,0.021
1902,1,0,2,0,2,0.031,0,0,0.031
1903,1,0,2,0,1,0.029,0,0,0.029
1904,1,0,2,0,4,0.061,0,0,0.061
1905,1,0,2,0,2,0.031,0,0,0.031
1906,1,0,2,0,0,0.010,0,0,0.010
1907,1,0,2,0,0,0.010,0,0,0.010
1908,1,0,2,0,3,0.050,0,0,0.050
1909,0,0,1,0,0,0.000,0,0,0.000
1910,0,0,1,0,0,0.000,0,0,0.000
1911,0,0,1,0,0,0.000,0,0,0.000
1912,1,0,2,0,5,0.071,0,0,0.071
1913,3,1,3,3,14,0.073,1,0,0.113
1914,0,0,1,0,0,0.000,0,0,0.000
1915,1,0,2,0,0,0.010,0,0,0.010
1916,1,0,2,0,12,0.153,0,0,0.153
1917,0,0,1,0,0,0.000,0,0,0.000
1918,3,1,3,4,40,0.188,1,0,0.278
1919,1,0,2,0,0,0.010,0,0,0.010
1920,1,0,2,0,2,0.040,0,0,0.040
1921,1,0,2,0,0,0.010,0,0,0.010
1922,7,2,5,12,31,0.088,0,1,0.178
1923,0,0,1,0,0,0.000,0,0,0.000
1924,1,0,2,0,0,0.015,0,0,0.015
1925,1,0,2,0,3,0.046,0,0,0.046
1926,14,6,9,29,102,0.122,5,1,0.342
1927,0,0,1,0,0,0.000,0,0,0.000
1928,1,0,2,0,3,0.046,0,0,0.046
1929,1,0,2,0,4,0.061,0,0,0.061
1930,1,0,2,0,1,0.025,0,0,0.025
1931,0,0,1,0,0,0.000,0,0,0.000
1932,1,0,2,0,1,0.021,0,0,0.021
1933,1,0,2,0,1,0.025,0,0,0.025
1934,0,0,1,0,0,0.000,0,0,0.000
1935,1,0,2,0,0,0.010,0,0,0.010
1936,1,0,2,0,10,0.119,0,0,0.119
1937,1,0,2,0,2,0.036,0,0,0.036
1938,0,0,1,0,0,0.000,0,0,0.000
1939,0,0,1,0,0,0.000,0,0,0.000
1940,1,0,2,0,1,0.025,0,0,0.025
1941,0,0,1,0,0,0.000,0,0,0.000
1942,0,0,1,0,0,0.000,0,0,0.000
1943,1,0,2,0,3,0.046,0,0,0.046
1944,1,0,2,0,4,0.056,0,0,0.056
1945,1,0,2,0,1,0.021,0,0,0.021
1946,0,0,1,0,0,0.000,0,0,0.000
1947,1,0,2,0,0,0.010,0,0,0.010
1948,1,0,2,0,0,0.010,0,0,0.010
1949,1,0,2,0,24,0.299,0,0,0.299
1950,1,0,2,0,0,0.015,0,0,0.015
1951,3,1,3,4,3,0.036,1,0,0.050
1952,1,0,2,0,0,0.010,0,0,0.010
1953,1,0,2,0,0,0.010,0,0,0.010
1954,1,0,2,0,6,0.094,0,0,0.094
1955,1,0,2,0,1,0.025,0,0,0.025
1956,0,0,1,0,0,0.000,0,0,0.000
1957,3,1,3,4,2,0.034,1,0,0.040
1958,1,0,2,0,2,0.040,0,0,0.040
1959,1,0,2,0,10,0.119,0,0,0.119
1960,1,0,2,0,0,0.015,0,0,0.015
1961,0,0,1,0,0,0.000,0,0,0.000
1962,1,0,2,0,1,0.025,0,0,0.025
1963,1,0,2,0,0,0.010,0,0,0.010
1964,1,0,2,0,0,0.010,0,0,0.010
1965,1,0,2,0,4,0.056,0,0,0.056
1966,0,0,1,0,0,0.000,0,0,0.000
1967,1,0,2,0,2,0.036,0,0,0.036
1968,0,0,1,0,0,0.000,0,0,0.000
1969,1,0,2,0,4,0.052,0,0,0.052
1970,1,0,2,0,0,0.010,0,0,0.010
1971,0,0,1,0,0,0.000,0,0,0.000
1972,1,0,2,0,0,0.015,0,0,0.015
1973,0,0,1,0,0,0.000,0,0,0.000
1974,1,0,2,0,2,0.036,0,0,0.036
1975,0,0,1,0,0,0.000,0,0,0.000
1976,1,0,2,0,0,0.010,0,0,0.010
1977,1,0,2,0,5,0.062,0,0,0.062
1978,0,0,1,0,0,0.000,0,0,0.000
1979,0,0,1,0,0,0.000,0,0,0.000
1980,1,0,2,0,1,0.021,0,0,0.021
1981,1,0,2,0,1,0.021,0,0,0.021
1982,1,0,2,0,7,0.101,0,0,0.101
1983,1,0,2,0,1,0.025,0,0,0.025
1984,1,0,2,0,3,0.042,0,0,0.042
1985,1,0,2,0,5,0.075,0,0,0.075
1986,1,0,2,0,1,0.025,0,0,0.025
1987,1,0,2,0,1,0.025,0,0,0.025
1988,1,0,0,0,21,0.247,0,0,0.247
1989,1,0,0,0,20,0.250,0,0,0.250
