# Branches,# Junctions,# End-point voxels,# Junction voxels,# Slab voxels,Average Branch Length,# Triple points,# Quadruple points,Maximum Branch Length
1,0,2,0,1,0.021,0,0,0.021
3,1,2,2,15,0.073,0,1,0.115
7,3,5,5,41,0.090,3,0,0.164
1,0,2,0,0,0.010,0,0,0.010
9,4,6,15,55,0.097,4,0,0.356
1,0,2,0,1,0.025,0,0,0.025
4,1,4,7,28,0.120,0,1,0.323
19,9,10,32,95,0.086,8,1,0.219
1,0,2,0,2,0.036,0,0,0.036
3,1,3,4,7,0.046,1,0,0.077
57,29,23,103,407,0.113,24,3,0.469
0,0,1,0,0,0.000,0,0,0.000
1,0,2,0,0,0.010,0,0,0.010
16,8,8,29,138,0.133,8,0,0.259
1,0,2,0,1,0.021,0,0,0.021
3,1,3,1,29,0.130,1,0,0.161
58,28,24,116,370,0.106,23,3,0.420
15,6,7,30,47,0.073,4,1,0.140
1,0,2,0,2,0.036,0,0,0.036
1,0,2,0,6,0.094,0,0,0.094
1,0,2,0,12,0.148,0,0,0.148
1,0,2,0,5,0.080,0,0,0.080
1,0,2,0,0,0.015,0,0,0.015
1,0,2,0,2,0.036,0,0,0.036
1,0,2,0,2,0.036,0,0,0.036
1,0,2,0,3,0.042,0,0,0.042
1,0,2,0,0,0.010,0,0,0.010
1,0,2,0,9,0.117,0,0,0.117
3,1,3,4,8,0.060,1,0,0.090
1,0,2,0,22,0.278,0,0,0.278
1,0,2,0,1,0.029,0,0,0.029
1,0,2,0,0,0.015,0,0,0.015
1,0,2,0,0,0.010,0,0,0.010
1,0,2,0,0,0.010,0,0,0.010
1,0,2,0,9,0.117,0,0,0.117
1,0,2,0,0,0.015,0,0,0.015
1,0,2,0,1,0.025,0,0,0.025
1,0,2,0,3,0.050,0,0,0.050
1,0,2,0,1,0.025,0,0,0.025
1,0,2,0,3,0.050,0,0,0.050
1,0,2,0,0,0.015,0,0,0.015
1,0,2,0,1,0.029,0,0,0.029
17,8,9,27,105,0.100,7,1,0.234
1,0,2,0,1,0.021,0,0,0.021
1,0,2,0,0,0.010,0,0,0.010
5,2,3,5,11,0.049,1,1,0.096
1,0,2,0,0,0.015,0,0,0.015
1,0,2,0,2,0.036,0,0,0.036
1,0,2,0,0,0.010,0,0,0.010
0,0,1,0,0,0.000,0,0,0.000
1,0,2,0,11,0.134,0,0,0.134
1,0,2,0,0,0.010,0,0,0.010
1,0,2,0,0,0.010,0,0,0.010
1,0,2,0,1,0.021,0,0,0.021
1,0,2,0,5,0.067,0,0,0.067
1,0,2,0,3,0.046,0,0,0.046
0,0,1,0,0,0.000,0,0,0.000
1,0,2,0,1,0.029,0,0,0.029
1,0,2,0,0,0.010,0,0,0.010
1,0,2,0,2,0.040,0,0,0.040
1,0,2,0,1,0.025,0,0,0.025
3,1,2,2,9,0.046,0,1,0.077
6,3,3,9,32,0.089,3,0,0.182
1,0,2,0,5,0.071,0,0,0.071
3,1,3,4,7,0.054,1,0,0.086
1,0,2,0,0,0.015,0,0,0.015
1,0,2,0,1,0.021,0,0,0.021
1,0,2,0,2,0.036,0,0,0.036
1,0,2,0,3,0.042,0,0,0.042
1,0,2,0,5,0.062,0,0,0.062
1,0,2,0,20,0.249,0,0,0.249
3,1,3,4,24,0.124,1,0,0.153
1,0,2,0,0,0.015,0,0,0.015
1,0,2,0,2,0.036,0,0,0.036
0,0,1,0,0,0.000,0,0,0.000
70,36,17,169,402,0.106,24,10,0.311
0,0,1,0,0,0.000,0,0,0.000
1,0,2,0,0,0.010,0,0,0.010
1,0,2,0,0,0.010,0,0,0.010
1,0,2,0,3,0.055,0,0,0.055
5,2,4,8,40,0.120,2,0,0.251
1,0,2,0,1,0.025,0,0,0.025
0,0,1,0,0,0.000,0,0,0.000
0,0,1,0,0,0.000,0,0,0.000
3,1,3,4,16,0.087,1,0,0.101
1,0,2,0,2,0.040,0,0,0.040
1,0,2,0,2,0.036,0,0,0.036
0,0,1,0,0,0.000,0,0,0.000
1,0,2,0,0,0.015,0,0,0.015
1,0,2,0,1,0.021,0,0,0.021
1,0,2,0,1,0.021,0,0,0.021
0,0,1,0,0,0.000,0,0,0.000
5,2,4,4,37,0.105,2,0,0.228
1,0,2,0,4,0.056,0,0,0.056
14,6,8,20,138,0.150,4,2,0.353
3,1,3,4,9,0.056,1,0,0.082
11,5,7,13,91,0.115,5,0,0.224
1,0,2,0,1,0.025,0,0,0.025
1,0,2,0,0,0.010,0,0,0.010
1,0,2,0,0,0.010,0,0,0.010
1,0,2,0,0,0.010,0,0,0.010
1,0,2,0,5,0.062,0,0,0.062
1,0,2,0,1,0.021,0,0,0.021
1,0,2,0,2,0.040,0,0,0.040
5,1,5,7,24,0.093,0,0,0.140
1,0,2,0,1,0.021,0,0,0.021
0,0,1,0,0,0.000,0,0,0.000
1,0,2,0,0,0.015,0,0,0.015
1,0,2,0,0,0.010,0,0,0.010
1,0,2,0,1,0.021,0,0,0.021
1,0,2,0,2,0.040,0,0,0.040
1,0,2,0,1,0.029,0,0,0.029
1,0,2,0,3,0.055,0,0,0.055
0,0,1,0,0,0.000,0,0,0.000
0,0,1,0,0,0.000,0,0,0.000
3,1,3,3,10,0.066,1,0,0.109
1,0,2,0,3,0.050,0,0,0.050
0,0,1,0,0,0.000,0,0,0.000
1,0,2,0,0,0.010,0,0,0.010
1,0,2,0,0,0.015,0,0,0.015
1,0,2,0,1,0.021,0,0,0.021
1,0,2,0,3,0.055,0,0,0.055
1,0,2,0,0,0.010,0,0,0.010
0,0,1,0,0,0.000,0,0,0.000
0,0,1,0,0,0.000,0,0,0.000
0,0,1,0,0,0.000,0,0,0.000
1,0,2,0,0,0.010,0,0,0.010
1,0,2,0,3,0.050,0,0,0.050
0,0,1,0,0,0.000,0,0,0.000
1,0,2,0,1,0.025,0,0,0.025
1,0,2,0,0,0.010,0,0,0.010
1,0,2,0,0,0.010,0,0,0.010
1,0,2,0,0,0.010,0,0,0.010
1,0,2,0,2,0.036,0,0,0.036
0,0,1,0,0,0.000,0,0,0.000
3,1,3,3,1,0.025,1,0,0.036
1,0,2,0,12,0.161,0,0,0.161
1,0,2,0,0,0.015,0,0,0.015
0,0,1,0,0,0.000,0,0,0.000
1,0,2,0,5,0.071,0,0,0.071
0,0,1,0,0,0.000,0,0,0.000
11,4,7,15,124,0.157,1,3,0.338
1,0,2,0,4,0.056,0,0,0.056
1,0,2,0,2,0.031,0,0,0.031
0,0,1,0,0,0.000,0,0,0.000
3,1,3,1,8,0.047,1,0,0.061
5,2,4,7,23,0.077,2,0,0.136
0,0,1,0,0,0.000,0,0,0.000
1,0,2,0,0,0.010,0,0,0.010
1,0,2,0,0,0.010,0,0,0.010
11,5,7,18,50,0.082,5,0,0.306
1,0,2,0,5,0.080,0,0,0.080
1,0,2,0,1,0.021,0,0,0.021
1,0,2,0,3,0.055,0,0,0.055
0,0,1,0,0,0.000,0,0,0.000
1,0,2,0,6,0.090,0,0,0.090
1,0,2,0,1,0.021,0,0,0.021
1,0,2,0,28,0.341,0,0,0.341
3,1,3,1,18,0.090,1,0,0.111
1,0,2,0,4,0.056,0,0,0.056
1,0,2,0,0,0.010,0,0,0.010
1,0,2,0,5,0.071,0,0,0.071
1,0,2,0,10,0.140,0,0,0.140
5,2,4,4,22,0.074,2,0,0.157
1,0,2,0,0,0.015,0,0,0.015
1,0,2,0,2,0.036,0,0,0.036
0,0,1,0,0,0.000,0,0,0.000
1,0,2,0,1,0.021,0,0,0.021
50,23,26,80,430,0.130,19,3,0.858
1,0,2,0,1,0.025,0,0,0.025
1,0,2,0,2,0.040,0,0,0.040
1,0,2,0,8,0.111,0,0,0.111
1,0,2,0,0,0.010,0,0,0.010
1,0,2,0,0,0.010,0,0,0.010
1,0,2,0,0,0.015,0,0,0.015
1,0,2,0,0,0.010,0,0,0.010
1,0,2,0,0,0.015,0,0,0.015
1,0,2,0,25,0.318,0,0,0.318
5,2,4,7,31,0.097,2,0,0.115
1,0,2,0,17,0.209,0,0,0.209
1,0,2,0,4,0.061,0,0,0.061
1,0,2,0,3,0.050,0,0,0.050
1,0,2,0,0,0.015,0,0,0.015
1,0,2,0,30,0.379,0,0,0.379
1,0,2,0,9,0.126,0,0,0.126
1,0,2,0,0,0.015,0,0,0.015
5,2,3,3,18,0.056,1,1,0.167
10,4,6,14,52,0.087,2,2,0.251
0,0,1,0,0,0.000,0,0,0.000
1,0,2,0,0,0.010,0,0,0.010
1,0,2,0,1,0.021,0,0,0.021
3,1,3,3,4,0.036,1,0,0.046
1,0,2,0,0,0.010,0,0,0.010
1,0,2,0,0,0.010,0,0,0.010
1,0,2,0,0,0.010,0,0,0.010
0,0,1,0,0,0.000,0,0,0.000
1,0,2,0,10,0.128,0,0,0.128
0,0,1,0,0,0.000,0,0,0.000
1,0,2,0,17,0.218,0,0,0.218
1,0,2,0,1,0.029,0,0,0.029
1,0,2,0,3,0.046,0,0,0.046
1,0,2,0,0,0.015,0,0,0.015
1,0,2,0,0,0.010,0,0,0.010
1,0,2,0,0,0.010,0,0,0.010
1,0,2,0,0,0.010,0,0,0.010
3,1,3,3,4,0.037,1,0,0.061
1,0,2,0,0,0.010,0,0,0.010
1,0,2,0,0,0.010,0,0,0.010
1,0,2,0,3,0.046,0,0,0.046
0,0,1,0,0,0.000,0,0,0.000
1,0,2,0,2,0.036,0,0,0.036
121,60,47,249,673,0.100,46,13,0.270
1,0,2,0,1,0.025,0,0,0.025
1,0,2,0,4,0.056,0,0,0.056
0,0,1,0,0,0.000,0,0,0.000
1,0,2,0,6,0.086,0,0,0.086
1,0,2,0,0,0.015,0,0,0.015
1,0,2,0,0,0.015,0,0,0.015
0,0,1,0,0,0.000,0,0,0.000
5,2,3,5,32,0.091,1,1,0.351
1,0,2,0,7,0.096,0,0,0.096
0,0,1,0,0,0.000,0,0,0.000
1,0,2,0,1,0.021,0,0,0.021
0,0,1,0,0,0.000,0,0,0.000
1,0,2,0,10,0.136,0,0,0.136
1,0,2,0,0,0.010,0,0,0.010
1,0,2,0,2,0.036,0,0,0.036
1,0,2,0,1,0.021,0,0,0.021
1,0,2,0,1,0.021,0,0,0.021
0,0,1,0,0,0.000,0,0,0.000
9,4,6,14,50,0.091,4,0,0.157
1,0,2,0,1,0.025,0,0,0.025
1,0,2,0,1,0.021,0,0,0.021
1,0,2,0,8,0.111,0,0,0.111
1,0,2,0,1,0.025,0,0,0.025
3,1,3,4,22,0.113,1,0,0.136
1,0,2,0,0,0.015,0,0,0.015
1,0,2,0,0,0.010,0,0,0.010
1,0,2,0,2,0.036,0,0,0.036
1,0,2,0,0,0.010,0,0,0.010
1,0,2,0,11,0.142,0,0,0.142
3,1,3,1,10,0.058,1,0,0.094
3,1,2,2,4,0.029,0,1,0.055
1,0,2,0,1,0.025,0,0,0.025
0,0,1,0,0,0.000,0,0,0.000
1,0,2,0,1,0.025,0,0,0.025
1,0,2,0,0,0.010,0,0,0.010
1,0,2,0,2,0.040,0,0,0.040
24,12,10,39,130,0.092,10,2,0.247
1,0,2,0,1,0.025,0,0,0.025
1,0,2,0,1,0.025,0,0,0.025
0,0,1,0,0,0.000,0,0,0.000
1,0,2,0,3,0.042,0,0,0.042
1,0,2,0,1,0.025,0,0,0.025
1,0,2,0,1,0.021,0,0,0.021
0,0,1,0,0,0.000,0,0,0.000
3,1,3,1,54,0.231,1,0,0.369
1,0,2,0,6,0.090,0,0,0.090
1,0,2,0,1,0.021,0,0,0.021
3,1,3,4,12,0.071,1,0,0.111
3,1,2,2,10,0.054,0,1,0.090
1,0,2,0,0,0.010,0,0,0.010
1,0,2,0,0,0.015,0,0,0.015
1,0,2,0,0,0.015,0,0,0.015
9,3,7,19,66,0.131,2,0,0.266
1,0,2,0,0,0.015,0,0,0.015
1,0,2,0,3,0.050,0,0,0.050
1,0,2,0,0,0.015,0,0,0.015
1,0,2,0,19,0.243,0,0,0.243
1,0,2,0,1,0.021,0,0,0.021
2,1,2,7,3,0.051,0,0,0.052
1,0,2,0,7,0.101,0,0,0.101
1,0,2,0,2,0.036,0,0,0.036
1,0,2,0,1,0.021,0,0,0.021
1,0,2,0,0,0.015,0,0,0.015
1,0,2,0,0,0.015,0,0,0.015
1,0,2,0,1,0.025,0,0,0.025
1,0,2,0,0,0.010,0,0,0.010
1,0,2,0,3,0.055,0,0,0.055
1,0,2,0,3,0.042,0,0,0.042
0,0,1,0,0,0.000,0,0,0.000
0,0,1,0,0,0.000,0,0,0.000
1,0,2,0,2,0.031,0,0,0.031
6,3,3,11,32,0.093,3,0,0.186
0,0,1,0,0,0.000,0,0,0.000
0,0,1,0,0,0.000,0,0,0.000
1,0,2,0,0,0.010,0,0,0.010
1,0,2,0,0,0.010,0,0,0.010
1,0,2,0,15,0.184,0,0,0.184
3,1,3,3,6,0.043,1,0,0.071
1,0,2,0,1,0.029,0,0,0.029
0,0,1,0,0,0.000,0,0,0.000
0,0,1,0,0,0.000,0,0,0.000
1,0,2,0,2,0.036,0,0,0.036
1,0,2,0,0,0.010,0,0,0.010
1,0,2,0,0,0.015,0,0,0.015
1,0,2,0,2,0.031,0,0,0.031
0,0,1,0,0,0.000,0,0,0.000
3,1,3,3,14,0.073,1,0,0.096
1,0,2,0,2,0.031,0,0,0.031
1,0,2,0,0,0.015,0,0,0.015
1,0,2,0,0,0.010,0,0,0.010
1,0,2,0,3,0.046,0,0,0.046
0,0,1,0,0,0.000,0,0,0.000
1,0,2,0,0,0.010,0,0,0.010
1,0,2,0,2,0.036,0,0,0.036
1,0,2,0,0,0.010,0,0,0.010
1,0,2,0,0,0.010,0,0,0.010
3,1,3,4,12,0.077,1,0,0.090
3,1,3,4,5,0.047,1,0,0.071
1,0,2,0,3,0.055,0,0,0.055
1,0,2,0,6,0.086,0,0,0.086
7,3,5,11,35,0.085,3,0,0.128
1,0,2,0,8,0.098,0,0,0.098
1,0,2,0,0,0.010,0,0,0.010
1,0,2,0,1,0.025,0,0,0.025
5,2,4,4,25,0.078,2,0,0.157
1,0,2,0,17,0.218,0,0,0.218
15,7,9,21,60,0.071,7,0,0.153
0,0,1,0,0,0.000,0,0,0.000
1,0,2,0,0,0.010,0,0,0.010
1,0,2,0,17,0.200,0,0,0.200
1,0,2,0,1,0.029,0,0,0.029
1,0,2,0,1,0.021,0,0,0.021
3,1,3,3,15,0.080,1,0,0.132
9,4,5,11,26,0.059,3,1,0.104
1,0,2,0,0,0.010,0,0,0.010
26,12,14,36,172,0.104,10,2,0.320
1,0,2,0,2,0.036,0,0,0.036
0,0,1,0,0,0.000,0,0,0.000
1,0,2,0,0,0.010,0,0,0.010
0,0,1,0,0,0.000,0,0,0.000
1,0,2,0,0,0.010,0,0,0.010
1,0,2,0,0,0.010,0,0,0.010
1,0,2,0,1,0.021,0,0,0.021
1,0,2,0,6,0.077,0,0,0.077
1,0,2,0,0,0.015,0,0,0.015
1,0,2,0,1,0.025,0,0,0.025
1,0,2,0,3,0.046,0,0,0.046
1,0,2,0,25,0.323,0,0,0.323
1,0,2,0,9,0.121,0,0,0.121
1,0,2,0,0,0.015,0,0,0.015
0,0,1,0,0,0.000,0,0,0.000
1,0,2,0,0,0.015,0,0,0.015
0,0,1,0,0,0.000,0,0,0.000
1,0,2,0,0,0.015,0,0,0.015
1,0,2,0,0,0.010,0,0,0.010
1,0,2,0,2,0.031,0,0,0.031
1,0,2,0,3,0.059,0,0,0.059
1,0,2,0,3,0.046,0,0,0.046
3,1,3,1,3,0.031,1,0,0.040
0,0,1,0,0,0.000,0,0,0.000
1,0,2,0,1,0.025,0,0,0.025
1,0,2,0,1,0.021,0,0,0.021
1,0,2,0,6,0.090,0,0,0.090
3,1,3,4,9,0.056,1,0,0.086
1,0,2,0,2,0.031,0,0,0.031
0,0,1,0,0,0.000,0,0,0.000
1,0,2,0,0,0.010,0,0,0.010
0,0,1,0,0,0.000,0,0,0.000
1,0,2,0,0,0.010,0,0,0.010
1,0,2,0,0,0.015,0,0,0.015
1,0,2,0,5,0.075,0,0,0.075
1,0,2,0,0,0.010,0,0,0.010
1,0,2,0,0,0.010,0,0,0.010
1,0,2,0,9,0.121,0,0,0.121
1,0,2,0,3,0.046,0,0,0.046
1,0,2,0,1,0.021,0,0,0.021
1,0,2,0,0,0.015,0,0,0.015
3,1,3,4,20,0.095,1,0,0.123
1,0,2,0,3,0.050,0,0,0.050
1,0,2,0,1,0.025,0,0,0.025
1,0,2,0,1,0.021,0,0,0.021
7,3,5,12,12,0.049,3,0,0.094
1,0,2,0,5,0.071,0,0,0.071
1,0,2,0,0,0.010,0,0,0.010
1,0,2,0,1,0.025,0,0,0.025
1,0,2,0,0,0.015,0,0,0.015
1,0,2,0,0,0.010,0,0,0.010
191,100,64,362,1021,0.094,84,14,0.288
1,0,2,0,0,0.010,0,0,0.010
1,0,2,0,0,0.015,0,0,0.015
0,0,1,0,0,0.000,0,0,0.000
1,0,2,0,6,0.086,0,0,0.086
1,0,2,0,3,0.050,0,0,0.050
0,0,1,0,0,0.000,0,0,0.000
1,0,2,0,0,0.015,0,0,0.015
1,0,2,0,3,0.046,0,0,0.046
1,0,2,0,2,0.044,0,0,0.044
1,0,2,0,10,0.132,0,0,0.132
1,0,2,0,1,0.025,0,0,0.025
0,0,1,0,0,0.000,0,0,0.000
0,0,1,0,0,0.000,0,0,0.000
0,0,1,0,0,0.000,0,0,0.000
1,0,2,0,5,0.067,0,0,0.067
5,2,4,7,37,0.116,2,0,0.218
1,0,2,0,1,0.021,0,0,0.021
1,0,2,0,1,0.025,0,0,0.025
1,0,2,0,2,0.036,0,0,0.036
1,0,2,0,1,0.021,0,0,0.021
1,0,2,0,5,0.062,0,0,0.062
0,0,1,0,0,0.000,0,0,0.000
1,0,2,0,1,0.021,0,0,0.021
0,0,1,0,0,0.000,0,0,0.000
1,0,2,0,1,0.025,0,0,0.025
1,0,2,0,2,0.036,0,0,0.036
1,0,2,0,0,0.010,0,0,0.010
7,3,5,10,48,0.106,3,0,0.178
1,0,2,0,10,0.136,0,0,0.136
1,0,2,0,0,0.010,0,0,0.010
1,0,2,0,3,0.046,0,0,0.046
1,0,2,0,2,0.036,0,0,0.036
1,0,2,0,5,0.084,0,0,0.084
1,0,2,0,1,0.021,0,0,0.021
1,0,2,0,0,0.010,0,0,0.010
1,0,2,0,1,0.021,0,0,0.021
3,1,3,3,20,0.095,1,0,0.169
1,0,2,0,2,0.036,0,0,0.036
1,0,2,0,1,0.025,0,0,0.025
1,0,2,0,0,0.015,0,0,0.015
1,0,2,0,0,0.010,0,0,0.010
1,0,2,0,1,0.021,0,0,0.021
0,0,1,0,0,0.000,0,0,0.000
1,0,2,0,1,0.021,0,0,0.021
3,1,3,4,22,0.111,1,0,0.176
1,0,2,0,0,0.010,0,0,0.010
0,0,1,0,0,0.000,0,0,0.000
0,0,1,0,0,0.000,0,0,0.000
1,0,2,0,3,0.046,0,0,0.046
0,0,1,0,0,0.000,0,0,0.000
1,0,2,0,3,0.042,0,0,0.042
0,0,1,0,0,0.000,0,0,0.000
3,1,3,1,19,0.092,1,0,0.115
1,0,2,0,1,0.025,0,0,0.025
1,0,2,0,1,0.025,0,0,0.025
1,0,2,0,1,0.025,0,0,0.025
1,0,2,0,0,0.015,0,0,0.015
1,0,2,0,4,0.056,0,0,0.056
2,1,1,4,16,0.112,1,0,0.163
10,3,5,21,99,0.161,1,0,0.527
1,0,2,0,0,0.010,0,0,0.010
1,0,2,0,2,0.040,0,0,0.040
1,0,2,0,0,0.010,0,0,0.010
1,0,2,0,11,0.155,0,0,0.155
1,0,2,0,7,0.105,0,0,0.105
1,0,2,0,0,0.010,0,0,0.010
0,0,1,0,0,0.000,0,0,0.000
1,0,2,0,0,0.010,0,0,0.010
1,0,2,0,6,0.077,0,0,0.077
1,0,2,0,3,0.059,0,0,0.059
1,0,2,0,8,0.111,0,0,0.111
1,0,2,0,1,0.025,0,0,0.025
1,0,2,0,0,0.015,0,0,0.015
1,0,2,0,4,0.052,0,0,0.052
1,0,2,0,4,0.061,0,0,0.061
1,0,2,0,0,0.010,0,0,0.010
3,1,3,3,2,0.027,1,0,0.036
1,0,2,0,10,0.136,0,0,0.136
1,0,2,0,2,0.036,0,0,0.036
3,1,3,3,6,0.045,1,0,0.075
1,0,2,0,1,0.025,0,0,0.025
1,0,2,0,2,0.036,0,0,0.036
1,0,2,0,0,0.010,0,0,0.010
1,0,2,0,3,0.046,0,0,0.046
1,0,2,0,2,0.031,0,0,0.031
1,0,2,0,1,0.021,0,0,0.021
1,0,2,0,14,0.178,0,0,0.178
0,0,1,0,0,0.000,0,0,0.000
1,0,2,0,2,0.031,0,0,0.031
0,0,1,0,0,0.000,0,0,0.000
0,0,1,0,0,0.000,0,0,0.000
3,1,3,3,1,0.024,1,0,0.025
1,0,2,0,5,0.062,0,0,0.062
1,0,2,0,7,0.092,0,0,0.092
1,0,2,0,4,0.065,0,0,0.065
1,0,2,0,1,0.021,0,0,0.021
1,0,2,0,0,0.010,0,0,0.010
0,0,1,0,0,0.000,0,0,0.000
1,0,2,0,10,0.123,0,0,0.123
8,4,4,11,34,0.077,4,0,0.111
1,0,2,0,1,0.025,0,0,0.025
1,0,2,0,19,0.251,0,0,0.251
0,0,1,0,0,0.000,0,0,0.000
3,1,3,3,7,0.050,1,0,0.071
1,0,2,0,1,0.025,0,0,0.025
1,0,2,0,25,0.340,0,0,0.340
0,0,1,0,0,0.000,0,0,0.000
1,0,2,0,0,0.010,0,0,0.010
0,0,1,0,0,0.000,0,0,0.000
1,0,2,0,3,0.059,0,0,0.059
1,0,2,0,3,0.055,0,0,0.055
1,0,2,0,0,0.010,0,0,0.010
1,0,2,0,1,0.025,0,0,0.025
0,0,1,0,0,0.000,0,0,0.000
1,0,2,0,6,0.086,0,0,0.086
25,12,14,41,198,0.122,12,0,0.287
1,0,2,0,0,0.010,0,0,0.010
0,0,1,0,0,0.000,0,0,0.000
1,0,2,0,3,0.050,0,0,0.050
23,10,11,50,112,0.093,5,5,0.425
1,0,2,0,0,0.015,0,0,0.015
1,0,2,0,1,0.021,0,0,0.021
6,2,5,7,16,0.061,1,1,0.146
1,0,2,0,0,0.015,0,0,0.015
0,0,1,0,0,0.000,0,0,0.000
1,0,2,0,0,0.015,0,0,0.015
3,1,3,1,9,0.050,1,0,0.090
0,0,1,0,0,0.000,0,0,0.000
0,0,1,0,0,0.000,0,0,0.000
1,0,2,0,1,0.021,0,0,0.021
1,0,2,0,8,0.102,0,0,0.102
1,0,2,0,1,0.021,0,0,0.021
1,0,2,0,3,0.042,0,0,0.042
1,0,2,0,0,0.015,0,0,0.015
1,0,2,0,2,0.040,0,0,0.040
1,0,2,0,0,0.010,0,0,0.010
1,0,2,0,0,0.010,0,0,0.010
1,0,2,0,0,0.015,0,0,0.015
0,0,1,0,0,0.000,0,0,0.000
1,0,2,0,6,0.086,0,0,0.086
1,0,2,0,4,0.069,0,0,0.069
1,0,2,0,2,0.031,0,0,0.031
1,0,2,0,1,0.021,0,0,0.021
1,0,2,0,1,0.025,0,0,0.025
1,0,2,0,4,0.061,0,0,0.061
0,0,1,0,0,0.000,0,0,0.000
1,0,2,0,2,0.036,0,0,0.036
1,0,2,0,4,0.056,0,0,0.056
0,0,1,0,0,0.000,0,0,0.000
1,0,2,0,5,0.071,0,0,0.071
1,0,2,0,14,0.165,0,0,0.165
1,0,2,0,7,0.101,0,0,0.101
0,0,1,0,0,0.000,0,0,0.000
1,0,2,0,0,0.010,0,0,0.010
1,0,2,0,0,0.010,0,0,0.010
1,0,2,0,0,0.010,0,0,0.010
1,0,2,0,6,0.082,0,0,0.082
1,0,2,0,0,0.010,0,0,0.010
1,0,2,0,4,0.061,0,0,0.061
1,0,2,0,10,0.128,0,0,0.128
1,0,2,0,3,0.050,0,0,0.050
1,0,2,0,1,0.025,0,0,0.025
1,0,2,0,1,0.021,0,0,0.021
3,1,3,1,25,0.120,1,0,0.195
1,0,2,0,0,0.010,0,0,0.010
1,0,2,0,12,0.166,0,0,0.166
3,1,3,1,7,0.045,1,0,0.077
1,0,2,0,1,0.025,0,0,0.025
1,0,2,0,0,0.015,0,0,0.015
0,0,1,0,0,0.000,0,0,0.000
1,0,2,0,2,0.031,0,0,0.031
1,0,2,0,5,0.067,0,0,0.067
1,0,2,0,0,0.010,0,0,0.010
1,0,2,0,1,0.025,0,0,0.025
1,0,2,0,0,0.010,0,0,0.010
1,0,2,0,1,0.025,0,0,0.025
3,1,3,3,24,0.109,1,0,0.180
0,0,1,0,0,0.000,0,0,0.000
1,0,2,0,1,0.021,0,0,0.021
3,1,3,4,11,0.066,1,0,0.088
1,0,2,0,4,0.061,0,0,0.061
1,0,2,0,0,0.010,0,0,0.010
9,4,6,8,130,0.195,4,0,0.656
1,0,2,0,0,0.010,0,0,0.010
0,0,1,0,0,0.000,0,0,0.000
1,0,2,0,2,0.036,0,0,0.036
1,0,2,0,5,0.075,0,0,0.075
1,0,2,0,3,0.055,0,0,0.055
3,1,2,2,24,0.104,0,1,0.199
3,1,3,4,32,0.153,1,0,0.272
1,0,2,0,5,0.084,0,0,0.084
0,0,1,0,0,0.000,0,0,0.000
1,0,2,0,2,0.031,0,0,0.031
1,0,2,0,5,0.080,0,0,0.080
0,0,1,0,0,0.000,0,0,0.000
1,0,2,0,1,0.021,0,0,0.021
38,17,20,67,196,0.091,12,5,0.285
1,0,2,0,0,0.010,0,0,0.010
1,0,2,0,5,0.080,0,0,0.080
1,0,2,0,5,0.080,0,0,0.080
3,1,3,3,3,0.034,1,0,0.050
3,1,3,4,3,0.036,1,0,0.050
1,0,2,0,1,0.021,0,0,0.021
1,0,2,0,2,0.036,0,0,0.036
0,0,1,0,0,0.000,0,0,0.000
0,0,1,0,0,0.000,0,0,0.000
0,0,1,0,0,0.000,0,0,0.000
0,0,1,0,0,0.000,0,0,0.000
1,0,2,0,0,0.010,0,0,0.010
22,9,13,32,133,0.102,5,4,0.410
1,0,2,0,2,0.036,0,0,0.036
5,2,4,7,19,0.072,2,0,0.186
1,0,2,0,0,0.010,0,0,0.010
1,0,2,0,3,0.050,0,0,0.050
1,0,2,0,0,0.015,0,0,0.015
1,0,2,0,0,0.010,0,0,0.010
1,0,2,0,1,0.029,0,0,0.029
3,1,2,2,1,0.017,0,1,0.025
0,0,1,0,0,0.000,0,0,0.000
1,0,2,0,2,0.040,0,0,0.040
38,19,16,74,261,0.111,16,3,0.334
0,0,1,0,0,0.000,0,0,0.000
1,0,2,0,3,0.046,0,0,0.046
1,0,2,0,35,0.435,0,0,0.435
5,2,4,7,50,0.140,2,0,0.329
1,0,2,0,12,0.157,0,0,0.157
1,0,2,0,0,0.015,0,0,0.015
1,0,2,0,2,0.040,0,0,0.040
0,0,1,0,0,0.000,0,0,0.000
1,0,2,0,1,0.025,0,0,0.025
40,22,11,90,175,0.086,20,1,0.203
1,0,2,0,13,0.176,0,0,0.176
1,0,2,0,0,0.010,0,0,0.010
1,0,2,0,0,0.010,0,0,0.010
1,0,2,0,0,0.010,0,0,0.010
5,2,4,8,24,0.086,2,0,0.239
0,0,1,0,0,0.000,0,0,0.000
5,2,4,2,21,0.063,2,0,0.138
1,0,2,0,1,0.021,0,0,0.021
1,0,2,0,0,0.010,0,0,0.010
1,0,2,0,3,0.050,0,0,0.050
1,0,2,0,1,0.021,0,0,0.021
0,0,1,0,0,0.000,0,0,0.000
1,0,2,0,10,0.132,0,0,0.132
1,0,2,0,1,0.021,0,0,0.021
1,0,2,0,2,0.040,0,0,0.040
0,0,1,0,0,0.000,0,0,0.000
1,0,2,0,15,0.175,0,0,0.175
0,0,1,0,0,0.000,0,0,0.000
6,2,5,9,31,0.088,1,1,0.174
0,0,1,0,0,0.000,0,0,0.000
1,0,2,0,1,0.025,0,0,0.025
0,0,1,0,0,0.000,0,0,0.000
1,0,2,0,0,0.010,0,0,0.010
0,0,1,0,0,0.000,0,0,0.000
1,0,2,0,2,0.031,0,0,0.031
1,0,2,0,10,0.140,0,0,0.140
1,0,2,0,0,0.015,0,0,0.015
1,0,2,0,2,0.040,0,0,0.040
1,0,2,0,2,0.040,0,0,0.040
1,0,2,0,7,0.105,0,0,0.105
1,0,2,0,0,0.010,0,0,0.010
0,0,1,0,0,0.000,0,0,0.000
5,2,4,7,17,0.063,2,0,0.071
1,0,2,0,0,0.010,0,0,0.010
1,0,2,0,0,0.010,0,0,0.010
0,0,1,0,0,0.000,0,0,0.000
1,0,2,0,0,0.010,0,0,0.010
1,0,2,0,0,0.015,0,0,0.015
1,0,2,0,4,0.065,0,0,0.065
0,0,1,0,0,0.000,0,0,0.000
1,0,2,0,3,0.055,0,0,0.055
0,0,1,0,0,0.000,0,0,0.000
1,0,2,0,0,0.015,0,0,0.015
1,0,2,0,17,0.218,0,0,0.218
1,0,2,0,5,0.075,0,0,0.075
1,0,2,0,6,0.077,0,0,0.077
1,0,2,0,12,0.148,0,0,0.148
1,0,2,0,3,0.046,0,0,0.046
1,0,2,0,4,0.065,0,0,0.065
1,0,2,0,5,0.071,0,0,0.071
1,0,2,0,1,0.025,0,0,0.025
26,13,11,45,91,0.069,11,2,0.117
1,0,2,0,0,0.010,0,0,0.010
1,0,2,0,0,0.010,0,0,0.010
1,0,2,0,3,0.046,0,0,0.046
1,0,2,0,0,0.010,0,0,0.010
1,0,2,0,14,0.191,0,0,0.191
3,1,3,4,48,0.222,1,0,0.421
0,0,1,0,0,0.000,0,0,0.000
1,0,2,0,1,0.025,0,0,0.025
1,0,2,0,2,0.036,0,0,0.036
1,0,2,0,4,0.056,0,0,0.056
1,0,2,0,1,0.025,0,0,0.025
3,1,3,3,15,0.077,1,0,0.098
7,3,5,8,28,0.071,3,0,0.121
1,0,2,0,1,0.025,0,0,0.025
1,0,2,0,1,0.025,0,0,0.025
1,0,2,0,2,0.036,0,0,0.036
1,0,2,0,12,0.153,0,0,0.153
1,0,2,0,0,0.010,0,0,0.010
1,0,2,0,6,0.094,0,0,0.094
1,0,2,0,6,0.086,0,0,0.086
1,0,2,0,4,0.056,0,0,0.056
1,0,2,0,10,0.140,0,0,0.140
1,0,2,0,3,0.046,0,0,0.046
1,0,2,0,0,0.010,0,0,0.010
1,0,2,0,0,0.010,0,0,0.010
3,1,3,3,27,0.128,1,0,0.197
1,0,2,0,1,0.021,0,0,0.021
0,0,1,0,0,0.000,0,0,0.000
1,0,2,0,0,0.015,0,0,0.015
1,0,2,0,5,0.075,0,0,0.075
3,1,3,1,13,0.068,1,0,0.101
1,0,2,0,0,0.015,0,0,0.015
6,2,5,9,16,0.060,1,1,0.105
0,0,1,0,0,0.000,0,0,0.000
3,1,3,1,11,0.060,1,0,0.136
1,0,2,0,6,0.082,0,0,0.082
0,0,1,0,0,0.000,0,0,0.000
1,0,2,0,3,0.046,0,0,0.046
1,0,2,0,2,0.036,0,0,0.036
0,0,1,0,0,0.000,0,0,0.000
0,0,1,0,0,0.000,0,0,0.000
1,0,2,0,4,0.056,0,0,0.056
4,1,4,7,24,0.103,0,1,0.185
1,0,2,0,4,0.056,0,0,0.056
10,4,6,15,61,0.102,2,2,0.201
1,0,2,0,1,0.021,0,0,0.021
0,0,1,0,0,0.000,0,0,0.000
1,0,2,0,0,0.010,0,0,0.010
5,2,4,7,46,0.138,2,0,0.386
1,0,2,0,6,0.082,0,0,0.082
1,0,2,0,17,0.213,0,0,0.213
1,0,2,0,0,0.015,0,0,0.015
1,0,2,0,2,0.031,0,0,0.031
1,0,2,0,4,0.061,0,0,0.061
1,0,2,0,0,0.010,0,0,0.010
1,0,2,0,0,0.010,0,0,0.010
1,0,2,0,0,0.010,0,0,0.010
1,0,2,0,0,0.010,0,0,0.010
1,0,2,0,0,0.010,0,0,0.010
0,0,1,0,0,0.000,0,0,0.000
3,1,3,3,30,0.140,1,0,0.185
0,0,1,0,0,0.000,0,0,0.000
1,0,2,0,2,0.036,0,0,0.036
1,0,2,0,25,0.297,0,0,0.297
1,0,2,0,10,0.132,0,0,0.132
1,0,2,0,0,0.010,0,0,0.010
1,0,2,0,0,0.015,0,0,0.015
1,0,2,0,0,0.010,0,0,0.010
1,0,2,0,4,0.056,0,0,0.056
1,0,2,0,0,0.010,0,0,0.010
1,0,2,0,1,0.025,0,0,0.025
1,0,2,0,1,0.025,0,0,0.025
1,0,2,0,9,0.117,0,0,0.117
1,0,2,0,0,0.010,0,0,0.010
1,0,2,0,0,0.015,0,0,0.015
1,0,2,0,9,0.126,0,0,0.126
1,0,2,0,0,0.010,0,0,0.010
1,0,2,0,0,0.010,0,0,0.010
0,0,1,0,0,0.000,0,0,0.000
1,0,2,0,1,0.025,0,0,0.025
1,0,2,0,2,0.040,0,0,0.040
0,0,1,0,0,0.000,0,0,0.000
1,0,2,0,2,0.031,0,0,0.031
1,0,2,0,6,0.090,0,0,0.090
1,0,2,0,0,0.010,0,0,0.010
0,0,1,0,0,0.000,0,0,0.000
0,0,1,0,0,0.000,0,0,0.000
1,0,2,0,5,0.075,0,0,0.075
1,0,2,0,3,0.042,0,0,0.042
8,4,4,11,62,0.114,4,0,0.310
1,0,2,0,2,0.036,0,0,0.036
1,0,2,0,0,0.015,0,0,0.015
1,0,2,0,1,0.025,0,0,0.025
1,0,2,0,8,0.115,0,0,0.115
1,0,2,0,0,0.010,0,0,0.010
3,1,2,2,6,0.036,0,1,0.082
3,1,2,2,6,0.033,0,1,0.056
1,0,2,0,0,0.015,0,0,0.015
0,0,1,0,0,0.000,0,0,0.000
1,0,2,0,3,0.050,0,0,0.050
1,0,2,0,0,0.010,0,0,0.010
7,3,5,8,28,0.071,3,0,0.117
12,5,8,15,65,0.086,4,1,0.182
3,1,3,1,12,0.065,1,0,0.086
1,0,2,0,2,0.040,0,0,0.040
1,0,2,0,5,0.075,0,0,0.075
1,0,2,0,0,0.010,0,0,0.010
1,0,2,0,1,0.029,0,0,0.029
4,1,4,7,8,0.060,0,1,0.117
0,0,1,0,0,0.000,0,0,0.000
1,0,2,0,1,0.029,0,0,0.029
0,0,1,0,0,0.000,0,0,0.000
1,0,2,0,1,0.025,0,0,0.025
1,0,2,0,0,0.010,0,0,0.010
1,0,2,0,0,0.010,0,0,0.010
1,0,2,0,1,0.025,0,0,0.025
9,4,6,11,116,0.182,4,0,0.526
3,1,3,3,14,0.077,1,0,0.090
1,0,2,0,2,0.036,0,0,0.036
13,6,7,21,60,0.080,5,1,0.205
0,0,1,0,0,0.000,0,0,0.000
5,2,4,4,39,0.117,2,0,0.210
0,0,1,0,0,0.000,0,0,0.000
1,0,2,0,3,0.046,0,0,0.046
1,0,2,0,6,0.086,0,0,0.086
1,0,2,0,1,0.021,0,0,0.021
1,0,2,0,0,0.010,0,0,0.010
1,0,2,0,23,0.302,0,0,0.302
1,0,2,0,2,0.031,0,0,0.031
1,0,2,0,1,0.025,0,0,0.025
1,0,2,0,15,0.201,0,0,0.201
55,26,25,88,300,0.093,20,5,0.204
1,0,2,0,1,0.029,0,0,0.029
0,0,1,0,0,0.000,0,0,0.000
1,0,2,0,0,0.010,0,0,0.010
1,0,2,0,2,0.036,0,0,0.036
0,0,1,0,0,0.000,0,0,0.000
1,0,2,0,2,0.036,0,0,0.036
1,0,2,0,1,0.025,0,0,0.025
10,4,7,15,45,0.081,3,1,0.142
1,0,2,0,1,0.025,0,0,0.025
0,0,1,0,0,0.000,0,0,0.000
1,0,2,0,18,0.219,0,0,0.219
0,0,1,0,0,0.000,0,0,0.000
3,1,2,2,3,0.024,0,1,0.036
1,0,2,0,1,0.021,0,0,0.021
0,0,1,0,0,0.000,0,0,0.000
0,0,1,0,0,0.000,0,0,0.000
1,0,2,0,4,0.065,0,0,0.065
1,0,2,0,3,0.046,0,0,0.046
3,1,3,3,14,0.073,1,0,0.159
0,0,1,0,0,0.000,0,0,0.000
4,1,4,7,27,0.114,0,1,0.172
1,0,2,0,2,0.036,0,0,0.036
0,0,1,0,0,0.000,0,0,0.000
4,1,4,4,26,0.104,0,1,0.166
5,2,4,7,16,0.060,2,0,0.123
0,0,1,0,0,0.000,0,0,0.000
1,0,2,0,0,0.015,0,0,0.015
0,0,1,0,0,0.000,0,0,0.000
1,0,2,0,12,0.153,0,0,0.153
1,0,2,0,0,0.010,0,0,0.010
1,0,2,0,0,0.010,0,0,0.010
1,0,2,0,19,0.243,0,0,0.243
1,0,2,0,2,0.031,0,0,0.031
6,2,5,6,44,0.115,1,1,0.243
1,0,2,0,0,0.010,0,0,0.010
3,1,3,4,30,0.151,1,0,0.199
1,0,2,0,1,0.029,0,0,0.029
1,0,2,0,10,0.140,0,0,0.140
18,8,9,32,137,0.118,6,1,0.251
1,0,2,0,2,0.031,0,0,0.031
58,28,27,102,428,0.118,23,5,0.357
0,0,1,0,0,0.000,0,0,0.000
1,0,2,0,2,0.040,0,0,0.040
1,0,2,0,14,0.174,0,0,0.174
5,2,4,4,50,0.134,2,0,0.220
113,53,53,192,846,0.118,41,11,0.763
1,0,2,0,1,0.029,0,0,0.029
1,0,2,0,0,0.015,0,0,0.015
1,0,2,0,1,0.021,0,0,0.021
1,0,2,0,0,0.015,0,0,0.015
0,0,1,0,0,0.000,0,0,0.000
1,0,2,0,1,0.025,0,0,0.025
5,2,4,16,24,0.100,2,0,0.147
1,0,2,0,1,0.025,0,0,0.025
1,0,2,0,5,0.080,0,0,0.080
1,0,2,0,1,0.021,0,0,0.021
1,0,2,0,2,0.040,0,0,0.040
1,0,2,0,12,0.166,0,0,0.166
1,0,2,0,0,0.015,0,0,0.015
3,1,3,3,0,0.020,1,0,0.025
1,0,2,0,0,0.010,0,0,0.010
1,0,2,0,1,0.025,0,0,0.025
1,0,2,0,1,0.025,0,0,0.025
3,1,3,1,48,0.207,1,0,0.271
0,0,1,0,0,0.000,0,0,0.000
0,0,1,0,0,0.000,0,0,0.000
1,0,2,0,0,0.015,0,0,0.015
0,0,1,0,0,0.000,0,0,0.000
0,0,1,0,0,0.000,0,0,0.000
1,0,2,0,0,0.010,0,0,0.010
0,0,1,0,0,0.000,0,0,0.000
1,0,2,0,1,0.025,0,0,0.025
1,0,2,0,10,0.128,0,0,0.128
1,0,2,0,1,0.025,0,0,0.025
1,0,2,0,1,0.025,0,0,0.025
1,0,2,0,0,0.010,0,0,0.010
5,2,4,10,13,0.057,2,0,0.120
1,0,2,0,6,0.094,0,0,0.094
1,0,2,0,2,0.036,0,0,0.036
1,0,2,0,0,0.010,0,0,0.010
3,1,3,3,8,0.057,1,0,0.080
1,0,2,0,9,0.126,0,0,0.126
1,0,2,0,0,0.010,0,0,0.010
1,0,2,0,1,0.021,0,0,0.021
1,0,2,0,9,0.117,0,0,0.117
1,0,2,0,0,0.015,0,0,0.015
0,0,1,0,0,0.000,0,0,0.000
1,0,2,0,3,0.050,0,0,0.050
1,0,2,0,2,0.036,0,0,0.036
1,0,2,0,3,0.046,0,0,0.046
1,0,2,0,0,0.010,0,0,0.010
3,1,3,3,27,0.125,1,0,0.163
1,0,2,0,1,0.021,0,0,0.021
1,0,2,0,10,0.128,0,0,0.128
1,0,2,0,0,0.015,0,0,0.015
0,0,1,0,0,0.000,0,0,0.000
1,0,2,0,0,0.010,0,0,0.010
0,0,1,0,0,0.000,0,0,0.000
1,0,2,0,6,0.086,0,0,0.086
1,0,2,0,12,0.157,0,0,0.157
1,0,2,0,1,0.021,0,0,0.021
1,0,2,0,0,0.010,0,0,0.010
1,0,2,0,0,0.015,0,0,0.015
1,0,2,0,0,0.015,0,0,0.015
1,0,2,0,1,0.025,0,0,0.025
1,0,2,0,6,0.086,0,0,0.086
1,0,2,0,7,0.092,0,0,0.092
1,0,2,0,0,0.010,0,0,0.010
0,0,1,0,0,0.000,0,0,0.000
1,0,2,0,0,0.010,0,0,0.010
1,0,2,0,3,0.046,0,0,0.046
1,0,2,0,6,0.090,0,0,0.090
1,0,2,0,1,0.025,0,0,0.025
1,0,2,0,3,0.042,0,0,0.042
1,0,2,0,15,0.193,0,0,0.193
1,0,2,0,1,0.021,0,0,0.021
1,0,2,0,5,0.075,0,0,0.075
0,0,1,0,0,0.000,0,0,0.000
1,0,2,0,1,0.025,0,0,0.025
1,0,2,0,0,0.010,0,0,0.010
1,0,2,0,3,0.046,0,0,0.046
1,0,2,0,8,0.111,0,0,0.111
1,0,2,0,4,0.052,0,0,0.052
1,0,2,0,6,0.094,0,0,0.094
1,0,2,0,0,0.010,0,0,0.010
1,0,2,0,6,0.090,0,0,0.090
1,0,2,0,0,0.010,0,0,0.010
1,0,2,0,13,0.163,0,0,0.163
1,0,2,0,0,0.010,0,0,0.010
3,1,3,1,14,0.072,1,0,0.086
1,0,2,0,1,0.025,0,0,0.025
1,0,2,0,13,0.189,0,0,0.189
9,3,6,23,39,0.098,0,3,0.174
1,0,2,0,0,0.010,0,0,0.010
1,0,2,0,10,0.119,0,0,0.119
44,22,15,88,274,0.107,16,5,0.429
4,1,4,5,31,0.127,0,1,0.302
1,0,2,0,12,0.161,0,0,0.161
1,0,2,0,0,0.015,0,0,0.015
0,0,1,0,0,0.000,0,0,0.000
116,56,51,233,761,0.111,44,6,0.469
1,0,2,0,11,0.142,0,0,0.142
0,0,1,0,0,0.000,0,0,0.000
1,0,2,0,19,0.234,0,0,0.234
8,3,6,9,18,0.051,2,1,0.102
1,0,2,0,1,0.025,0,0,0.025
1,0,2,0,1,0.029,0,0,0.029
1,0,2,0,0,0.010,0,0,0.010
1,0,2,0,2,0.031,0,0,0.031
1,0,2,0,0,0.010,0,0,0.010
1,0,2,0,3,0.050,0,0,0.050
1,0,2,0,0,0.015,0,0,0.015
1,0,2,0,2,0.044,0,0,0.044
7,3,5,11,73,0.152,3,0,0.352
1,0,2,0,5,0.071,0,0,0.071
1,0,2,0,2,0.040,0,0,0.040
1,0,2,0,2,0.040,0,0,0.040
1,0,2,0,7,0.105,0,0,0.105
0,0,1,0,0,0.000,0,0,0.000
1,0,2,0,0,0.010,0,0,0.010
0,0,1,0,0,0.000,0,0,0.000
3,1,3,3,10,0.059,1,0,0.107
0,0,1,0,0,0.000,0,0,0.000
1,0,2,0,1,0.021,0,0,0.021
1,0,2,0,1,0.025,0,0,0.025
3,1,3,4,18,0.093,1,0,0.144
1,0,2,0,0,0.015,0,0,0.015
1,0,2,0,0,0.010,0,0,0.010
0,0,1,0,0,0.000,0,0,0.000
1,0,2,0,3,0.050,0,0,0.050
1,0,2,0,2,0.036,0,0,0.036
1,0,2,0,23,0.297,0,0,0.297
1,0,2,0,7,0.096,0,0,0.096
1,0,2,0,6,0.090,0,0,0.090
1,0,2,0,1,0.029,0,0,0.029
1,0,2,0,0,0.015,0,0,0.015
1,0,2,0,6,0.090,0,0,0.090
1,0,2,0,1,0.021,0,0,0.021
3,1,3,3,21,0.106,1,0,0.161
1,0,2,0,0,0.010,0,0,0.010
3,1,3,3,11,0.067,1,0,0.075
3,1,3,3,15,0.084,1,0,0.126
1,0,2,0,1,0.021,0,0,0.021
3,1,2,2,13,0.067,0,1,0.161
1,0,2,0,0,0.010,0,0,0.010
1,0,2,0,4,0.065,0,0,0.065
1,0,2,0,10,0.136,0,0,0.136
0,0,1,0,0,0.000,0,0,0.000
1,0,2,0,7,0.105,0,0,0.105
1,0,2,0,6,0.086,0,0,0.086
0,0,1,0,0,0.000,0,0,0.000
13,6,8,19,54,0.076,6,0,0.172
1,0,2,0,1,0.025,0,0,0.025
0,0,1,0,0,0.000,0,0,0.000
1,0,2,0,0,0.015,0,0,0.015
1,0,2,0,13,0.172,0,0,0.172
1,0,2,0,12,0.166,0,0,0.166
1,0,2,0,4,0.061,0,0,0.061
3,1,3,3,26,0.125,1,0,0.209
1,0,2,0,3,0.050,0,0,0.050
1,0,2,0,0,0.010,0,0,0.010
1,0,2,0,1,0.025,0,0,0.025
1,0,2,0,2,0.036,0,0,0.036
1,0,2,0,1,0.025,0,0,0.025
1,0,2,0,0,0.015,0,0,0.015
3,1,3,1,14,0.071,1,0,0.080
0,0,1,0,0,0.000,0,0,0.000
5,2,4,7,19,0.074,2,0,0.153
1,0,2,0,7,0.092,0,0,0.092
1,0,2,0,0,0.010,0,0,0.010
1,0,2,0,5,0.062,0,0,0.062
3,1,3,1,2,0.027,1,0,0.025
1,0,2,0,10,0.136,0,0,0.136
1,0,2,0,3,0.046,0,0,0.046
0,0,1,0,0,0.000,0,0,0.000
1,0,2,0,1,0.021,0,0,0.021
1,0,2,0,0,0.015,0,0,0.015
0,0,1,0,0,0.000,0,0,0.000
0,0,1,0,0,0.000,0,0,0.000
7,3,5,9,21,0.057,3,0,0.082
1,0,2,0,12,0.179,0,0,0.179
1,0,2,0,0,0.015,0,0,0.015
0,0,1,0,0,0.000,0,0,0.000
1,0,2,0,0,0.010,0,0,0.010
1,0,2,0,0,0.015,0,0,0.015
1,0,2,0,6,0.073,0,0,0.073
1,0,2,0,1,0.029,0,0,0.029
0,0,1,0,0,0.000,0,0,0.000
3,1,2,2,3,0.024,0,1,0.036
0,0,1,0,0,0.000,0,0,0.000
16,8,7,26,84,0.089,7,1,0.352
1,0,2,0,1,0.025,0,0,0.025
1,0,2,0,0,0.015,0,0,0.015
1,0,2,0,0,0.010,0,0,0.010
1,0,2,0,0,0.010,0,0,0.010
1,0,2,0,1,0.025,0,0,0.025
1,0,2,0,2,0.040,0,0,0.040
0,0,1,0,0,0.000,0,0,0.000
1,0,2,0,1,0.025,0,0,0.025
1,0,2,0,0,0.015,0,0,0.015
1,0,2,0,4,0.065,0,0,0.065
1,0,2,0,6,0.090,0,0,0.090
5,2,4,7,28,0.091,2,0,0.169
1,0,2,0,0,0.010,0,0,0.010
1,0,2,0,2,0.044,0,0,0.044
5,2,3,10,21,0.088,1,1,0.213
1,0,2,0,0,0.015,0,0,0.015
1,0,2,0,0,0.010,0,0,0.010
0,0,1,0,0,0.000,0,0,0.000
1,0,2,0,0,0.010,0,0,0.010
0,0,1,0,0,0.000,0,0,0.000
1,0,2,0,1,0.021,0,0,0.021
1,0,2,0,2,0.044,0,0,0.044
1,0,2,0,0,0.015,0,0,0.015
1,0,2,0,1,0.025,0,0,0.025
1,0,2,0,0,0.015,0,0,0.015
1,0,2,0,8,0.115,0,0,0.115
1,0,2,0,0,0.010,0,0,0.010
1,0,2,0,0,0.015,0,0,0.015
1,0,2,0,6,0.077,0,0,0.077
1,0,2,0,4,0.065,0,0,0.065
1,0,2,0,5,0.075,0,0,0.075
1,0,2,0,6,0.082,0,0,0.082
1,0,2,0,0,0.010,0,0,0.010
1,0,2,0,11,0.155,0,0,0.155
1,0,2,0,2,0.031,0,0,0.031
1,0,2,0,2,0.040,0,0,0.040
7,3,5,10,62,0.130,3,0,0.481
3,1,3,1,20,0.097,1,0,0.205
1,0,2,0,9,0.117,0,0,0.117
1,0,2,0,0,0.010,0,0,0.010
0,0,1,0,0,0.000,0,0,0.000
1,0,2,0,14,0.178,0,0,0.178
3,1,2,2,1,0.017,0,1,0.029
0,0,1,0,0,0.000,0,0,0.000
1,0,2,0,0,0.015,0,0,0.015
1,0,2,0,1,0.021,0,0,0.021
1,0,2,0,2,0.036,0,0,0.036
1,0,2,0,6,0.094,0,0,0.094
1,0,2,0,1,0.025,0,0,0.025
1,0,2,0,14,0.169,0,0,0.169
1,0,2,0,1,0.025,0,0,0.025
1,0,2,0,0,0.015,0,0,0.015
6,3,3,8,15,0.053,3,0,0.075
0,0,1,0,0,0.000,0,0,0.000
0,0,1,0,0,0.000,0,0,0.000
1,0,2,0,3,0.046,0,0,0.046
1,0,2,0,1,0.025,0,0,0.025
1,0,2,0,19,0.239,0,0,0.239
1,0,2,0,0,0.015,0,0,0.015
1,0,2,0,1,0.025,0,0,0.025
1,0,2,0,0,0.015,0,0,0.015
1,0,2,0,7,0.096,0,0,0.096
1,0,2,0,0,0.015,0,0,0.015
1,0,2,0,1,0.029,0,0,0.029
9,4,6,10,52,0.090,4,0,0.272
1,0,2,0,12,0.140,0,0,0.140
1,0,2,0,0,0.015,0,0,0.015
1,0,2,0,2,0.031,0,0,0.031
1,0,2,0,3,0.050,0,0,0.050
1,0,2,0,0,0.015,0,0,0.015
1,0,2,0,5,0.067,0,0,0.067
8,3,6,10,61,0.117,2,1,0.195
1,0,2,0,8,0.107,0,0,0.107
9,4,6,14,56,0.103,4,0,0.234
1,0,2,0,3,0.050,0,0,0.050
0,0,1,0,0,0.000,0,0,0.000
1,0,2,0,13,0.172,0,0,0.172
1,0,2,0,0,0.015,0,0,0.015
1,0,2,0,11,0.142,0,0,0.142
0,0,1,0,0,0.000,0,0,0.000
1,0,2,0,6,0.082,0,0,0.082
1,0,2,0,3,0.050,0,0,0.050
1,0,2,0,0,0.010,0,0,0.010
1,0,2,0,0,0.010,0,0,0.010
0,0,1,0,0,0.000,0,0,0.000
1,0,2,0,1,0.021,0,0,0.021
1,0,2,0,0,0.010,0,0,0.010
1,0,2,0,0,0.015,0,0,0.015
1,0,2,0,0,0.010,0,0,0.010
1,0,2,0,18,0.250,0,0,0.250
1,0,2,0,3,0.050,0,0,0.050
0,0,1,0,0,0.000,0,0,0.000
1,0,2,0,0,0.010,0,0,0.010
14,6,9,23,115,0.127,5,1,0.304
1,0,2,0,0,0.015,0,0,0.015
1,0,2,0,1,0.021,0,0,0.021
48,21,25,88,440,0.141,16,2,0.652
0,0,1,0,0,0.000,0,0,0.000
0,0,1,0,0,0.000,0,0,0.000
1,0,2,0,3,0.050,0,0,0.050
1,0,2,0,2,0.031,0,0,0.031
1,0,2,0,7,0.092,0,0,0.092
1,0,2,0,1,0.021,0,0,0.021
1,0,2,0,2,0.031,0,0,0.031
1,0,2,0,9,0.117,0,0,0.117
1,0,2,0,2,0.036,0,0,0.036
1,0,2,0,0,0.010,0,0,0.010
1,0,2,0,0,0.010,0,0,0.010
1,0,2,0,1,0.021,0,0,0.021
1,0,2,0,0,0.010,0,0,0.010
1,0,2,0,0,0.010,0,0,0.010
1,0,2,0,0,0.015,0,0,0.015
3,1,3,4,1,0.029,1,0,0.050
1,0,2,0,3,0.050,0,0,0.050
56,26,27,106,379,0.110,19,7,0.477
1,0,2,0,4,0.056,0,0,0.056
1,0,2,0,19,0.243,0,0,0.243
1,0,2,0,0,0.010,0,0,0.010
1,0,2,0,12,0.153,0,0,0.153
1,0,2,0,0,0.010,0,0,0.010
0,0,1,0,0,0.000,0,0,0.000
1,0,2,0,0,0.010,0,0,0.010
3,1,3,3,22,0.105,1,0,0.163
1,0,2,0,0,0.010,0,0,0.010
1,0,2,0,0,0.010,0,0,0.010
1,0,2,0,1,0.029,0,0,0.029
1,0,2,0,0,0.015,0,0,0.015
1,0,2,0,14,0.204,0,0,0.204
1,0,2,0,0,0.010,0,0,0.010
0,0,1,0,0,0.000,0,0,0.000
1,0,2,0,0,0.015,0,0,0.015
0,0,1,0,0,0.000,0,0,0.000
1,0,2,0,1,0.025,0,0,0.025
1,0,2,0,1,0.025,0,0,0.025
1,0,2,0,0,0.010,0,0,0.010
1,0,2,0,4,0.056,0,0,0.056
1,0,2,0,9,0.121,0,0,0.121
0,0,1,0,0,0.000,0,0,0.000
1,0,2,0,2,0.036,0,0,0.036
1,0,2,0,2,0.040,0,0,0.040
1,0,2,0,9,0.130,0,0,0.130
1,0,2,0,0,0.010,0,0,0.010
1,0,2,0,2,0.040,0,0,0.040
1,0,2,0,4,0.056,0,0,0.056
1,0,2,0,1,0.025,0,0,0.025
1,0,2,0,0,0.010,0,0,0.010
3,1,3,3,13,0.071,1,0,0.153
1,0,2,0,0,0.010,0,0,0.010
1,0,2,0,20,0.262,0,0,0.262
1,0,2,0,0,0.010,0,0,0.010
0,0,1,0,0,0.000,0,0,0.000
14,7,7,17,59,0.071,7,0,0.180
1,0,2,0,4,0.061,0,0,0.061
1,0,2,0,0,0.015,0,0,0.015
1,0,2,0,0,0.010,0,0,0.010
79,40,32,146,536,0.112,34,4,0.439
13,6,7,16,76,0.092,5,1,0.302
1,0,2,0,5,0.071,0,0,0.071
1,0,2,0,2,0.036,0,0,0.036
3,1,3,3,19,0.105,1,0,0.174
1,0,2,0,1,0.025,0,0,0.025
0,0,1,0,0,0.000,0,0,0.000
1,0,2,0,3,0.042,0,0,0.042
1,0,2,0,5,0.071,0,0,0.071
0,0,1,0,0,0.000,0,0,0.000
3,1,3,4,17,0.086,1,0,0.098
1,0,2,0,2,0.036,0,0,0.036
1,0,2,0,0,0.010,0,0,0.010
7,3,5,11,28,0.077,3,0,0.222
1,0,2,0,0,0.015,0,0,0.015
1,0,2,0,10,0.132,0,0,0.132
1,0,2,0,1,0.021,0,0,0.021
1,0,2,0,0,0.015,0,0,0.015
1,0,2,0,0,0.010,0,0,0.010
1,0,2,0,1,0.029,0,0,0.029
1,0,2,0,3,0.050,0,0,0.050
3,1,3,3,10,0.059,1,0,0.092
1,0,2,0,3,0.050,0,0,0.050
0,0,1,0,0,0.000,0,0,0.000
1,0,2,0,4,0.065,0,0,0.065
0,0,1,0,0,0.000,0,0,0.000
1,0,2,0,1,0.025,0,0,0.025
1,0,2,0,6,0.086,0,0,0.086
1,0,2,0,16,0.203,0,0,0.203
3,1,3,4,14,0.080,1,0,0.102
0,0,1,0,0,0.000,0,0,0.000
0,0,1,0,0,0.000,0,0,0.000
0,0,1,0,0,0.000,0,0,0.000
3,1,3,4,5,0.043,1,0,0.077
1,0,2,0,0,0.010,0,0,0.010
12,5,8,16,77,0.102,4,1,0.229
1,0,2,0,1,0.025,0,0,0.025
1,0,2,0,1,0.021,0,0,0.021
1,0,2,0,0,0.015,0,0,0.015
1,0,2,0,1,0.025,0,0,0.025
1,0,2,0,5,0.075,0,0,0.075
0,0,1,0,0,0.000,0,0,0.000
1,0,2,0,12,0.144,0,0,0.144
1,0,2,0,1,0.021,0,0,0.021
0,0,1,0,0,0.000,0,0,0.000
3,1,3,4,4,0.037,1,0,0.065
3,1,3,3,5,0.042,1,0,0.050
1,0,2,0,1,0.025,0,0,0.025
1,0,2,0,7,0.101,0,0,0.101
1,0,2,0,1,0.021,0,0,0.021
3,1,3,3,20,0.101,1,0,0.142
1,0,2,0,0,0.015,0,0,0.015
1,0,2,0,1,0.021,0,0,0.021
1,0,2,0,4,0.065,0,0,0.065
1,0,2,0,1,0.029,0,0,0.029
0,0,1,0,0,0.000,0,0,0.000
1,0,2,0,0,0.015,0,0,0.015
3,1,3,4,12,0.071,1,0,0.121
1,0,2,0,1,0.021,0,0,0.021
3,1,3,3,8,0.054,1,0,0.096
1,0,2,0,1,0.025,0,0,0.025
1,0,2,0,0,0.010,0,0,0.010
1,0,2,0,0,0.015,0,0,0.015
3,1,3,3,27,0.128,1,0,0.188
1,0,2,0,11,0.142,0,0,0.142
0,0,1,0,0,0.000,0,0,0.000
3,1,3,3,22,0.111,1,0,0.218
1,0,2,0,0,0.010,0,0,0.010
9,4,6,13,60,0.107,4,0,0.264
1,0,2,0,6,0.086,0,0,0.086
1,0,2,0,3,0.050,0,0,0.050
1,0,2,0,8,0.120,0,0,0.120
1,0,2,0,0,0.015,0,0,0.015
0,0,1,0,0,0.000,0,0,0.000
7,3,5,9,42,0.098,3,0,0.241
1,0,2,0,1,0.021,0,0,0.021
1,0,2,0,3,0.050,0,0,0.050
5,2,4,6,36,0.105,2,0,0.193
1,0,2,0,4,0.061,0,0,0.061
1,0,2,0,5,0.067,0,0,0.067
1,0,2,0,1,0.025,0,0,0.025
1,0,2,0,0,0.015,0,0,0.015
1,0,2,0,0,0.015,0,0,0.015
1,0,2,0,0,0.010,0,0,0.010
1,0,2,0,4,0.056,0,0,0.056
0,0,1,0,0,0.000,0,0,0.000
1,0,2,0,0,0.010,0,0,0.010
10,4,7,11,64,0.101,3,1,0.253
0,0,1,0,0,0.000,0,0,0.000
1,0,2,0,5,0.067,0,0,0.067
3,1,3,4,7,0.052,1,0,0.080
1,0,2,0,1,0.029,0,0,0.029
1,0,2,0,2,0.036,0,0,0.036
1,0,2,0,0,0.010,0,0,0.010
1,0,2,0,0,0.010,0,0,0.010
1,0,2,0,19,0.226,0,0,0.226
1,0,2,0,1,0.021,0,0,0.021
0,0,1,0,0,0.000,0,0,0.000
1,0,2,0,0,0.010,0,0,0.010
1,0,2,0,2,0.031,0,0,0.031
3,1,3,4,16,0.091,1,0,0.191
1,0,2,0,0,0.010,0,0,0.010
1,0,2,0,1,0.021,0,0,0.021
8,3,6,15,53,0.107,2,1,0.280
1,0,2,0,0,0.010,0,0,0.010
1,0,2,0,3,0.046,0,0,0.046
1,0,2,0,4,0.052,0,0,0.052
1,0,2,0,0,0.010,0,0,0.010
0,0,1,0,0,0.000,0,0,0.000
0,0,1,0,0,0.000,0,0,0.000
1,0,2,0,0,0.010,0,0,0.010
1,0,2,0,0,0.015,0,0,0.015
1,0,2,0,2,0.036,0,0,0.036
1,0,2,0,0,0.015,0,0,0.015
1,0,2,0,0,0.010,0,0,0.010
1,0,2,0,5,0.075,0,0,0.075
4,1,4,6,36,0.134,0,1,0.203
1,0,2,0,9,0.121,0,0,0.121
1,0,2,0,0,0.010,0,0,0.010
1,0,2,0,0,0.015,0,0,0.015
1,0,2,0,3,0.046,0,0,0.046
1,0,2,0,0,0.015,0,0,0.015
1,0,2,0,0,0.010,0,0,0.010
0,0,1,0,0,0.000,0,0,0.000
1,0,2,0,0,0.015,0,0,0.015
7,3,5,11,35,0.084,3,0,0.117
1,0,2,0,8,0.102,0,0,0.102
0,0,1,0,0,0.000,0,0,0.000
1,0,2,0,5,0.071,0,0,0.071
1,0,2,0,0,0.010,0,0,0.010
3,1,3,4,16,0.091,1,0,0.136
1,0,2,0,9,0.121,0,0,0.121
3,1,3,4,11,0.066,1,0,0.102
1,0,2,0,16,0.194,0,0,0.194
0,0,1,0,0,0.000,0,0,0.000
0,0,1,0,0,0.000,0,0,0.000
3,1,3,1,12,0.061,1,0,0.080
1,0,2,0,0,0.010,0,0,0.010
1,0,2,0,0,0.015,0,0,0.015
3,1,2,7,4,0.044,0,1,0.075
5,2,3,11,18,0.076,1,1,0.115
1,0,2,0,1,0.025,0,0,0.025
9,3,6,20,50,0.107,1,1,0.219
0,0,1,0,0,0.000,0,0,0.000
8,3,6,14,37,0.085,2,1,0.178
1,0,2,0,1,0.025,0,0,0.025
1,0,2,0,0,0.010,0,0,0.010
1,0,2,0,0,0.015,0,0,0.015
4,1,4,5,23,0.097,0,1,0.174
1,0,2,0,1,0.021,0,0,0.021
1,0,2,0,2,0.036,0,0,0.036
1,0,2,0,5,0.075,0,0,0.075
1,0,2,0,6,0.082,0,0,0.082
0,0,1,0,0,0.000,0,0,0.000
1,0,2,0,0,0.015,0,0,0.015
1,0,2,0,0,0.010,0,0,0.010
1,0,2,0,7,0.092,0,0,0.092
1,0,2,0,0,0.010,0,0,0.010
1,0,2,0,1,0.025,0,0,0.025
1,0,2,0,1,0.025,0,0,0.025
1,0,2,0,1,0.025,0,0,0.025
1,0,2,0,0,0.010,0,0,0.010
1,0,2,0,0,0.015,0,0,0.015
20,9,10,39,135,0.116,7,1,0.318
1,0,2,0,0,0.015,0,0,0.015
1,0,2,0,1,0.025,0,0,0.025
1,0,2,0,0,0.015,0,0,0.015
1,0,2,0,10,0.132,0,0,0.132
0,0,1,0,0,0.000,0,0,0.000
1,0,2,0,0,0.010,0,0,0.010
1,0,2,0,0,0.015,0,0,0.015
1,0,2,0,0,0.010,0,0,0.010
0,0,1,0,0,0.000,0,0,0.000
1,0,2,0,1,0.021,0,0,0.021
1,0,2,0,10,0.132,0,0,0.132
1,0,2,0,8,0.115,0,0,0.115
1,0,2,0,27,0.339,0,0,0.339
1,0,2,0,8,0.102,0,0,0.102
1,0,2,0,0,0.010,0,0,0.010
1,0,2,0,1,0.025,0,0,0.025
3,1,3,3,16,0.086,1,0,0.201
1,0,2,0,1,0.029,0,0,0.029
1,0,2,0,2,0.031,0,0,0.031
1,0,2,0,6,0.086,0,0,0.086
1,0,2,0,4,0.061,0,0,0.061
0,0,1,0,0,0.000,0,0,0.000
1,0,2,0,1,0.021,0,0,0.021
0,0,1,0,0,0.000,0,0,0.000
20,9,11,36,122,0.103,7,2,0.324
1,0,2,0,0,0.015,0,0,0.015
1,0,2,0,2,0.040,0,0,0.040
1,0,2,0,2,0.040,0,0,0.040
1,0,2,0,0,0.010,0,0,0.010
1,0,2,0,1,0.025,0,0,0.025
1,0,2,0,15,0.201,0,0,0.201
1,0,2,0,1,0.025,0,0,0.025
1,0,2,0,1,0.025,0,0,0.025
12,6,6,17,45,0.070,6,0,0.170
5,2,3,10,25,0.094,1,1,0.230
110,52,44,214,735,0.114,40,8,0.425
1,0,2,0,4,0.056,0,0,0.056
1,0,2,0,11,0.138,0,0,0.138
1,0,2,0,4,0.056,0,0,0.056
3,1,3,3,13,0.077,1,0,0.134
1,0,2,0,0,0.010,0,0,0.010
1,0,2,0,1,0.025,0,0,0.025
15,7,7,32,52,0.074,5,2,0.163
1,0,2,0,1,0.025,0,0,0.025
0,0,1,0,0,0.000,0,0,0.000
0,0,1,0,0,0.000,0,0,0.000
3,1,3,4,9,0.062,1,0,0.090
0,0,1,0,0,0.000,0,0,0.000
1,0,2,0,0,0.010,0,0,0.010
1,0,2,0,2,0.031,0,0,0.031
1,0,2,0,21,0.259,0,0,0.259
1,0,2,0,0,0.015,0,0,0.015
0,0,1,0,0,0.000,0,0,0.000
47,22,24,73,310,0.106,18,4,0.459
5,2,4,7,22,0.079,2,0,0.151
1,0,2,0,3,0.042,0,0,0.042
0,0,1,0,0,0.000,0,0,0.000
1,0,2,0,7,0.101,0,0,0.101
1,0,2,0,5,0.075,0,0,0.075
1,0,2,0,3,0.055,0,0,0.055
7,3,5,12,25,0.068,3,0,0.121
0,0,1,0,0,0.000,0,0,0.000
1,0,2,0,7,0.096,0,0,0.096
1,0,2,0,1,0.025,0,0,0.025
1,0,2,0,4,0.061,0,0,0.061
0,0,1,0,0,0.000,0,0,0.000
1,0,2,0,3,0.050,0,0,0.050
1,0,2,0,0,0.015,0,0,0.015
1,0,2,0,2,0.040,0,0,0.040
1,0,2,0,1,0.025,0,0,0.025
1,0,2,0,7,0.092,0,0,0.092
0,0,1,0,0,0.000,0,0,0.000
7,3,5,8,67,0.136,3,0,0.354
1,0,2,0,1,0.021,0,0,0.021
1,0,2,0,1,0.025,0,0,0.025
1,0,2,0,0,0.015,0,0,0.015
0,0,1,0,0,0.000,0,0,0.000
1,0,2,0,14,0.174,0,0,0.174
1,0,2,0,0,0.010,0,0,0.010
1,0,2,0,2,0.036,0,0,0.036
13,6,7,21,55,0.077,5,1,0.147
3,1,3,4,29,0.149,1,0,0.275
1,0,2,0,5,0.075,0,0,0.075
1,0,2,0,0,0.010,0,0,0.010
1,0,2,0,0,0.010,0,0,0.010
0,0,1,0,0,0.000,0,0,0.000
0,0,1,0,0,0.000,0,0,0.000
1,0,2,0,2,0.036,0,0,0.036
1,0,2,0,0,0.015,0,0,0.015
1,0,2,0,13,0.150,0,0,0.150
1,0,2,0,3,0.046,0,0,0.046
1,0,2,0,1,0.025,0,0,0.025
1,0,2,0,1,0.029,0,0,0.029
3,1,2,2,9,0.047,0,1,0.071
1,0,2,0,8,0.111,0,0,0.111
3,1,3,4,7,0.049,1,0,0.061
1,0,2,0,0,0.010,0,0,0.010
1,0,2,0,0,0.010,0,0,0.010
1,0,2,0,7,0.092,0,0,0.092
1,0,2,0,0,0.015,0,0,0.015
3,1,3,3,16,0.086,1,0,0.132
13,6,8,18,92,0.109,6,0,0.237
1,0,2,0,0,0.015,0,0,0.015
1,0,2,0,5,0.067,0,0,0.067
1,0,2,0,11,0.138,0,0,0.138
3,1,3,3,13,0.077,1,0,0.160
0,0,1,0,0,0.000,0,0,0.000
1,0,2,0,0,0.015,0,0,0.015
1,0,2,0,0,0.010,0,0,0.010
3,1,3,4,10,0.064,1,0,0.075
1,0,2,0,0,0.010,0,0,0.010
1,0,2,0,0,0.010,0,0,0.010
34,15,20,58,265,0.124,13,1,0.492
1,0,2,0,0,0.015,0,0,0.015
1,0,2,0,2,0.031,0,0,0.031
5,2,4,7,36,0.105,2,0,0.205
1,0,2,0,2,0.040,0,0,0.040
1,0,2,0,2,0.040,0,0,0.040
0,0,1,0,0,0.000,0,0,0.000
1,0,2,0,0,0.015,0,0,0.015
1,0,2,0,3,0.042,0,0,0.042
14,7,6,25,67,0.088,6,1,0.199
3,1,3,4,23,0.117,1,0,0.140
1,0,2,0,0,0.010,0,0,0.010
1,0,2,0,1,0.025,0,0,0.025
1,0,2,0,0,0.010,0,0,0.010
1,0,2,0,3,0.050,0,0,0.050
1,0,2,0,1,0.025,0,0,0.025
0,0,1,0,0,0.000,0,0,0.000
1,0,2,0,9,0.130,0,0,0.130
5,2,4,6,19,0.073,2,0,0.176
1,0,2,0,2,0.040,0,0,0.040
1,0,2,0,0,0.010,0,0,0.010
3,1,3,1,14,0.069,1,0,0.086
1,0,2,0,1,0.021,0,0,0.021
1,0,2,0,4,0.065,0,0,0.065
1,0,2,0,0,0.010,0,0,0.010
1,0,2,0,0,0.010,0,0,0.010
1,0,2,0,1,0.021,0,0,0.021
8,3,6,10,40,0.082,2,1,0.153
1,0,2,0,0,0.015,0,0,0.015
1,0,2,0,1,0.025,0,0,0.025
64,31,30,106,457,0.111,27,3,0.299
0,0,1,0,0,0.000,0,0,0.000
1,0,2,0,5,0.067,0,0,0.067
1,0,2,0,7,0.101,0,0,0.101
1,0,2,0,1,0.029,0,0,0.029
1,0,2,0,8,0.111,0,0,0.111
1,0,2,0,0,0.015,0,0,0.015
1,0,2,0,0,0.015,0,0,0.015
1,0,2,0,13,0.172,0,0,0.172
0,0,1,0,0,0.000,0,0,0.000
8,3,6,15,49,0.106,2,1,0.218
1,0,2,0,1,0.025,0,0,0.025
1,0,2,0,0,0.015,0,0,0.015
0,0,1,0,0,0.000,0,0,0.000
7,3,5,8,39,0.088,3,0,0.147
1,0,2,0,0,0.010,0,0,0.010
1,0,2,0,2,0.040,0,0,0.040
0,0,1,0,0,0.000,0,0,0.000
1,0,2,0,3,0.042,0,0,0.042
0,0,1,0,0,0.000,0,0,0.000
1,0,2,0,6,0.090,0,0,0.090
0,0,1,0,0,0.000,0,0,0.000
1,0,2,0,0,0.010,0,0,0.010
1,0,2,0,0,0.010,0,0,0.010
1,0,2,0,4,0.065,0,0,0.065
1,0,2,0,2,0.036,0,0,0.036
1,0,2,0,0,0.010,0,0,0.010
1,0,2,0,17,0.209,0,0,0.209
1,0,2,0,3,0.055,0,0,0.055
1,0,2,0,1,0.029,0,0,0.029
1,0,2,0,4,0.056,0,0,0.056
1,0,2,0,8,0.107,0,0,0.107
1,0,2,0,0,0.010,0,0,0.010
1,0,2,0,3,0.046,0,0,0.046
1,0,2,0,0,0.010,0,0,0.010
1,0,2,0,1,0.025,0,0,0.025
0,0,1,0,0,0.000,0,0,0.000
1,0,2,0,17,0.196,0,0,0.196
7,3,5,11,16,0.053,3,0,0.092
1,0,2,0,7,0.088,0,0,0.088
1,0,2,0,3,0.042,0,0,0.042
1,0,2,0,4,0.061,0,0,0.061
1,0,2,0,0,0.010,0,0,0.010
1,0,2,0,47,0.608,0,0,0.608
1,0,2,0,7,0.096,0,0,0.096
1,0,2,0,2,0.036,0,0,0.036
0,0,1,0,0,0.000,0,0,0.000
0,0,1,0,0,0.000,0,0,0.000
21,10,10,36,96,0.085,8,2,0.170
1,0,2,0,0,0.010,0,0,0.010
1,0,2,0,1,0.025,0,0,0.025
1,0,2,0,3,0.050,0,0,0.050
1,0,2,0,3,0.046,0,0,0.046
1,0,2,0,0,0.015,0,0,0.015
1,0,2,0,2,0.040,0,0,0.040
1,0,2,0,4,0.052,0,0,0.052
1,0,2,0,0,0.010,0,0,0.010
1,0,2,0,0,0.010,0,0,0.010
1,0,2,0,0,0.010,0,0,0.010
1,0,2,0,5,0.067,0,0,0.067
1,0,2,0,1,0.025,0,0,0.025
5,2,4,7,12,0.053,2,0,0.082
1,0,2,0,3,0.050,0,0,0.050
3,1,3,3,4,0.037,1,0,0.046
1,0,2,0,0,0.015,0,0,0.015
1,0,2,0,0,0.010,0,0,0.010
1,0,2,0,3,0.046,0,0,0.046
1,0,2,0,0,0.015,0,0,0.015
1,0,2,0,8,0.115,0,0,0.115
1,0,2,0,0,0.010,0,0,0.010
5,2,4,6,45,0.131,2,0,0.264
0,0,1,0,0,0.000,0,0,0.000
1,0,2,0,3,0.055,0,0,0.055
1,0,2,0,0,0.015,0,0,0.015
3,1,3,3,11,0.067,1,0,0.115
0,0,1,0,0,0.000,0,0,0.000
3,1,3,4,29,0.140,1,0,0.216
1,0,2,0,1,0.025,0,0,0.025
1,0,2,0,2,0.036,0,0,0.036
0,0,1,0,0,0.000,0,0,0.000
1,0,2,0,2,0.036,0,0,0.036
1,0,2,0,7,0.096,0,0,0.096
1,0,2,0,0,0.015,0,0,0.015
1,0,2,0,1,0.025,0,0,0.025
10,5,5,17,37,0.072,5,0,0.132
1,0,2,0,2,0.031,0,0,0.031
1,0,2,0,0,0.010,0,0,0.010
1,0,2,0,2,0.031,0,0,0.031
1,0,2,0,20,0.253,0,0,0.253
1,0,2,0,0,0.010,0,0,0.010
1,0,2,0,1,0.021,0,0,0.021
1,0,2,0,1,0.025,0,0,0.025
1,0,2,0,2,0.040,0,0,0.040
1,0,2,0,2,0.036,0,0,0.036
1,0,2,0,0,0.010,0,0,0.010
1,0,2,0,1,0.021,0,0,0.021
1,0,2,0,8,0.102,0,0,0.102
3,1,3,3,19,0.095,1,0,0.157
5,2,3,5,33,0.094,1,1,0.316
1,0,2,0,3,0.042,0,0,0.042
1,0,2,0,0,0.010,0,0,0.010
5,2,4,7,26,0.086,2,0,0.142
0,0,1,0,0,0.000,0,0,0.000
1,0,2,0,9,0.121,0,0,0.121
1,0,2,0,0,0.015,0,0,0.015
1,0,2,0,5,0.067,0,0,0.067
1,0,2,0,1,0.025,0,0,0.025
1,0,2,0,0,0.015,0,0,0.015
1,0,2,0,2,0.036,0,0,0.036
1,0,2,0,2,0.031,0,0,0.031
1,0,2,0,1,0.021,0,0,0.021
0,0,1,0,0,0.000,0,0,0.000
0,0,1,0,0,0.000,0,0,0.000
1,0,2,0,3,0.050,0,0,0.050
1,0,2,0,1,0.021,0,0,0.021
1,0,2,0,0,0.010,0,0,0.010
1,0,2,0,2,0.040,0,0,0.040
2,1,2,4,41,0.278,0,0,0.281
68,32,32,126,534,0.124,26,5,0.556
3,1,3,1,15,0.073,1,0,0.150
3,1,3,4,5,0.045,1,0,0.050
1,0,2,0,1,0.025,0,0,0.025
0,0,1,0,0,0.000,0,0,0.000
1,0,2,0,21,0.259,0,0,0.259
1,0,2,0,1,0.025,0,0,0.025
1,0,2,0,1,0.029,0,0,0.029
1,0,2,0,0,0.015,0,0,0.015
77,40,30,130,530,0.110,36,4,0.630
1,0,2,0,0,0.015,0,0,0.015
8,3,6,8,55,0.102,2,1,0.193
0,0,1,0,0,0.000,0,0,0.000
1,0,2,0,2,0.044,0,0,0.044
1,0,2,0,7,0.088,0,0,0.088
3,1,3,1,13,0.067,1,0,0.105
1,0,2,0,1,0.021,0,0,0.021
1,0,2,0,0,0.015,0,0,0.015
1,0,2,0,0,0.010,0,0,0.010
1,0,2,0,1,0.021,0,0,0.021
0,0,1,0,0,0.000,0,0,0.000
3,1,3,3,22,0.110,1,0,0.172
1,0,2,0,1,0.021,0,0,0.021
1,0,2,0,1,0.021,0,0,0.021
0,0,1,0,0,0.000,0,0,0.000
1,0,2,0,3,0.046,0,0,0.046
1,0,2,0,1,0.021,0,0,0.021
1,0,2,0,1,0.025,0,0,0.025
1,0,2,0,2,0.036,0,0,0.036
1,0,2,0,1,0.025,0,0,0.025
0,0,1,0,0,0.000,0,0,0.000
0,0,1,0,0,0.000,0,0,0.000
1,0,2,0,0,0.010,0,0,0.010
0,0,1,0,0,0.000,0,0,0.000
3,1,3,1,18,0.082,1,0,0.117
0,0,1,0,0,0.000,0,0,0.000
1,0,2,0,0,0.010,0,0,0.010
1,0,2,0,4,0.056,0,0,0.056
1,0,2,0,1,0.025,0,0,0.025
1,0,2,0,6,0.086,0,0,0.086
3,1,3,1,5,0.032,1,0,0.050
0,0,1,0,0,0.000,0,0,0.000
1,0,2,0,0,0.010,0,0,0.010
1,0,2,0,1,0.025,0,0,0.025
1,0,2,0,1,0.029,0,0,0.029
1,0,2,0,2,0.036,0,0,0.036
0,0,1,0,0,0.000,0,0,0.000
1,0,2,0,3,0.050,0,0,0.050
0,0,1,0,0,0.000,0,0,0.000
1,0,2,0,0,0.010,0,0,0.010
1,0,2,0,0,0.015,0,0,0.015
1,0,2,0,2,0.036,0,0,0.036
3,1,3,1,6,0.042,1,0,0.061
1,0,2,0,1,0.025,0,0,0.025
1,0,2,0,3,0.046,0,0,0.046
1,0,2,0,1,0.025,0,0,0.025
1,0,2,0,1,0.029,0,0,0.029
1,0,2,0,0,0.010,0,0,0.010
1,0,2,0,0,0.015,0,0,0.015
1,0,2,0,4,0.065,0,0,0.065
1,0,2,0,0,0.015,0,0,0.015
1,0,2,0,10,0.119,0,0,0.119
1,0,2,0,4,0.056,0,0,0.056
5,2,4,7,15,0.058,2,0,0.107
1,0,2,0,0,0.010,0,0,0.010
1,0,2,0,1,0.029,0,0,0.029
1,0,2,0,9,0.121,0,0,0.121
1,0,2,0,7,0.092,0,0,0.092
1,0,2,0,9,0.108,0,0,0.108
1,0,2,0,0,0.010,0,0,0.010
1,0,2,0,1,0.021,0,0,0.021
1,0,2,0,1,0.029,0,0,0.029
0,0,1,0,0,0.000,0,0,0.000
1,0,2,0,0,0.010,0,0,0.010
1,0,2,0,0,0.015,0,0,0.015
1,0,2,0,5,0.067,0,0,0.067
0,0,1,0,0,0.000,0,0,0.000
1,0,2,0,4,0.069,0,0,0.069
0,0,1,0,0,0.000,0,0,0.000
5,2,4,7,42,0.127,2,0,0.277
0,0,1,0,0,0.000,0,0,0.000
1,0,2,0,0,0.010,0,0,0.010
1,0,2,0,6,0.082,0,0,0.082
1,0,2,0,4,0.052,0,0,0.052
1,0,2,0,12,0.157,0,0,0.157
5,2,3,11,12,0.064,1,1,0.119
1,0,2,0,1,0.025,0,0,0.025
1,0,2,0,2,0.040,0,0,0.040
5,2,4,6,20,0.073,2,0,0.180
0,0,1,0,0,0.000,0,0,0.000
1,0,2,0,2,0.036,0,0,0.036
1,0,2,0,4,0.056,0,0,0.056
1,0,2,0,5,0.067,0,0,0.067
1,0,2,0,0,0.010,0,0,0.010
0,0,1,0,0,0.000,0,0,0.000
1,0,2,0,0,0.010,0,0,0.010
1,0,2,0,7,0.096,0,0,0.096
1,0,2,0,0,0.010,0,0,0.010
1,0,2,0,0,0.015,0,0,0.015
14,6,8,22,106,0.119,5,0,0.270
5,2,4,5,35,0.103,2,0,0.172
1,0,2,0,0,0.010,0,0,0.010
1,0,2,0,2,0.031,0,0,0.031
1,0,2,0,3,0.055,0,0,0.055
0,0,1,0,0,0.000,0,0,0.000
3,1,3,4,19,0.102,1,0,0.160
0,0,1,0,0,0.000,0,0,0.000
1,0,2,0,1,0.029,0,0,0.029
1,0,2,0,7,0.092,0,0,0.092
3,1,3,3,12,0.071,1,0,0.090
1,0,2,0,0,0.015,0,0,0.015
1,0,2,0,0,0.015,0,0,0.015
1,0,2,0,1,0.021,0,0,0.021
3,1,3,4,11,0.066,1,0,0.117
1,0,2,0,1,0.021,0,0,0.021
0,0,1,0,0,0.000,0,0,0.000
1,0,2,0,1,0.021,0,0,0.021
1,0,2,0,0,0.010,0,0,0.010
1,0,2,0,0,0.015,0,0,0.015
69,35,25,117,467,0.111,30,4,0.393
1,0,2,0,0,0.010,0,0,0.010
0,0,1,0,0,0.000,0,0,0.000
1,0,2,0,9,0.117,0,0,0.117
0,0,1,0,0,0.000,0,0,0.000
3,1,3,3,10,0.056,1,0,0.088
1,0,2,0,1,0.025,0,0,0.025
1,0,2,0,0,0.010,0,0,0.010
1,0,2,0,1,0.025,0,0,0.025
1,0,2,0,0,0.010,0,0,0.010
1,0,2,0,7,0.092,0,0,0.092
1,0,2,0,0,0.010,0,0,0.010
1,0,2,0,2,0.040,0,0,0.040
0,0,1,0,0,0.000,0,0,0.000
1,0,2,0,0,0.010,0,0,0.010
1,0,2,0,1,0.025,0,0,0.025
10,4,7,17,60,0.104,3,1,0.167
1,0,2,0,1,0.029,0,0,0.029
0,0,1,0,0,0.000,0,0,0.000
0,0,1,0,0,0.000,0,0,0.000
1,0,2,0,5,0.075,0,0,0.075
1,0,2,0,7,0.088,0,0,0.088
5,2,4,7,57,0.161,2,0,0.265
0,0,1,0,0,0.000,0,0,0.000
1,0,2,0,1,0.025,0,0,0.025
1,0,2,0,0,0.010,0,0,0.010
0,0,1,0,0,0.000,0,0,0.000
10,4,7,17,125,0.182,3,1,0.301
0,0,1,0,0,0.000,0,0,0.000
1,0,2,0,2,0.031,0,0,0.031
1,0,2,0,1,0.025,0,0,0.025
1,0,2,0,1,0.025,0,0,0.025
1,0,2,0,0,0.015,0,0,0.015
3,1,3,4,14,0.078,1,0,0.107
1,0,2,0,6,0.082,0,0,0.082
1,0,2,0,1,0.025,0,0,0.025
1,0,2,0,9,0.130,0,0,0.130
1,0,2,0,15,0.197,0,0,0.197
1,0,2,0,3,0.050,0,0,0.050
0,0,1,0,0,0.000,0,0,0.000
1,0,2,0,0,0.010,0,0,0.010
1,0,2,0,1,0.021,0,0,0.021
1,0,2,0,0,0.015,0,0,0.015
1,0,2,0,7,0.088,0,0,0.088
1,0,2,0,1,0.029,0,0,0.029
3,1,3,4,25,0.134,1,0,0.254
1,0,2,0,2,0.036,0,0,0.036
0,0,1,0,0,0.000,0,0,0.000
0,0,1,0,0,0.000,0,0,0.000
1,0,2,0,5,0.071,0,0,0.071
0,0,1,0,0,0.000,0,0,0.000
1,0,2,0,2,0.036,0,0,0.036
9,4,5,18,68,0.119,3,1,0.359
1,0,2,0,2,0.036,0,0,0.036
1,0,2,0,4,0.052,0,0,0.052
3,1,3,4,36,0.175,1,0,0.369
1,0,2,0,0,0.010,0,0,0.010
1,0,2,0,1,0.021,0,0,0.021
0,0,1,0,0,0.000,0,0,0.000
1,0,2,0,7,0.096,0,0,0.096
3,1,3,3,6,0.043,1,0,0.086
1,0,2,0,6,0.077,0,0,0.077
1,0,2,0,0,0.010,0,0,0.010
1,0,2,0,1,0.025,0,0,0.025
1,0,2,0,0,0.010,0,0,0.010
1,0,2,0,0,0.015,0,0,0.015
1,0,2,0,7,0.096,0,0,0.096
1,0,2,0,6,0.090,0,0,0.090
1,0,2,0,5,0.075,0,0,0.075
1,0,2,0,0,0.010,0,0,0.010
7,3,5,12,42,0.097,3,0,0.174
1,0,2,0,0,0.010,0,0,0.010
1,0,2,0,2,0.040,0,0,0.040
1,0,2,0,16,0.190,0,0,0.190
0,0,1,0,0,0.000,0,0,0.000
1,0,2,0,0,0.010,0,0,0.010
1,0,2,0,5,0.080,0,0,0.080
1,0,2,0,4,0.069,0,0,0.069
1,0,2,0,6,0.073,0,0,0.073
1,0,2,0,0,0.015,0,0,0.015
1,0,2,0,2,0.040,0,0,0.040
1,0,2,0,0,0.015,0,0,0.015
1,0,2,0,0,0.010,0,0,0.010
1,0,2,0,0,0.010,0,0,0.010
0,0,1,0,0,0.000,0,0,0.000
1,0,2,0,0,0.010,0,0,0.010
0,0,1,0,0,0.000,0,0,0.000
1,0,2,0,8,0.111,0,0,0.111
0,0,1,0,0,0.000,0,0,0.000
1,0,2,0,5,0.080,0,0,0.080
1,0,2,0,2,0.040,0,0,0.040
1,0,2,0,0,0.010,0,0,0.010
1,0,2,0,0,0.010,0,0,0.010
3,1,3,3,20,0.103,1,0,0.142
1,0,2,0,1,0.025,0,0,0.025
1,0,2,0,0,0.010,0,0,0.010
1,0,2,0,2,0.031,0,0,0.031
1,0,2,0,0,0.010,0,0,0.010
3,1,3,3,9,0.059,1,0,0.075
1,0,2,0,1,0.025,0,0,0.025
1,0,2,0,5,0.071,0,0,0.071
1,0,2,0,3,0.050,0,0,0.050
0,0,1,0,0,0.000,0,0,0.000
1,0,2,0,1,0.021,0,0,0.021
1,0,2,0,5,0.075,0,0,0.075
1,0,2,0,2,0.031,0,0,0.031
1,0,2,0,1,0.025,0,0,0.025
0,0,1,0,0,0.000,0,0,0.000
1,0,2,0,1,0.025,0,0,0.025
0,0,1,0,0,0.000,0,0,0.000
1,0,2,0,1,0.025,0,0,0.025
1,0,2,0,1,0.021,0,0,0.021
1,0,2,0,0,0.010,0,0,0.010
12,5,8,14,67,0.092,4,1,0.278
1,0,2,0,2,0.036,0,0,0.036
0,0,1,0,0,0.000,0,0,0.000
0,0,1,0,0,0.000,0,0,0.000
1,0,2,0,0,0.010,0,0,0.010
0,0,1,0,0,0.000,0,0,0.000
1,0,2,0,1,0.025,0,0,0.025
0,0,1,0,0,0.000,0,0,0.000
1,0,2,0,1,0.025,0,0,0.025
1,0,2,0,1,0.021,0,0,0.021
1,0,2,0,2,0.040,0,0,0.040
1,0,2,0,0,0.010,0,0,0.010
1,0,2,0,8,0.115,0,0,0.115
1,0,2,0,0,0.010,0,0,0.010
1,0,2,0,0,0.010,0,0,0.010
1,0,2,0,3,0.050,0,0,0.050
1,0,2,0,17,0.252,0,0,0.252
0,0,1,0,0,0.000,0,0,0.000
0,0,1,0,0,0.000,0,0,0.000
1,0,2,0,20,0.258,0,0,0.258
5,2,4,5,6,0.033,2,0,0.061
1,0,2,0,0,0.015,0,0,0.015
1,0,2,0,0,0.010,0,0,0.010
1,0,2,0,1,0.025,0,0,0.025
0,0,1,0,0,0.000,0,0,0.000
1,0,2,0,4,0.065,0,0,0.065
6,2,5,8,61,0.147,1,1,0.234
1,0,2,0,1,0.025,0,0,0.025
0,0,1,0,0,0.000,0,0,0.000
1,0,2,0,1,0.025,0,0,0.025
1,0,2,0,0,0.015,0,0,0.015
0,0,1,0,0,0.000,0,0,0.000
1,0,2,0,0,0.010,0,0,0.010
1,0,2,0,0,0.015,0,0,0.015
1,0,2,0,9,0.121,0,0,0.121
1,0,2,0,0,0.010,0,0,0.010
1,0,2,0,2,0.036,0,0,0.036
1,0,2,0,2,0.036,0,0,0.036
1,0,2,0,0,0.015,0,0,0.015
3,1,3,3,5,0.039,1,0,0.056
1,0,2,0,1,0.025,0,0,0.025
1,0,2,0,2,0.036,0,0,0.036
1,0,2,0,2,0.036,0,0,0.036
1,0,2,0,15,0.197,0,0,0.197
1,0,2,0,1,0.025,0,0,0.025
1,0,2,0,0,0.010,0,0,0.010
1,0,2,0,0,0.010,0,0,0.010
1,0,2,0,8,0.115,0,0,0.115
3,1,3,3,8,0.051,1,0,0.067
1,0,2,0,1,0.021,0,0,0.021
0,0,1,0,0,0.000,0,0,0.000
1,0,2,0,2,0.036,0,0,0.036
1,0,2,0,0,0.010,0,0,0.010
9,4,5,13,51,0.089,3,1,0.283
1,0,2,0,0,0.015,0,0,0.015
1,0,2,0,5,0.071,0,0,0.071
1,0,2,0,0,0.010,0,0,0.010
1,0,2,0,4,0.052,0,0,0.052
0,0,1,0,0,0.000,0,0,0.000
0,0,1,0,0,0.000,0,0,0.000
1,0,2,0,0,0.015,0,0,0.015
1,0,2,0,18,0.211,0,0,0.211
1,0,2,0,2,0.036,0,0,0.036
3,1,3,3,13,0.073,1,0,0.115
10,5,5,14,50,0.085,5,0,0.115
1,0,2,0,0,0.010,0,0,0.010
0,0,1,0,0,0.000,0,0,0.000
1,0,2,0,1,0.025,0,0,0.025
3,1,3,9,5,0.055,1,0,0.082
1,0,2,0,3,0.046,0,0,0.046
1,0,2,0,1,0.021,0,0,0.021
1,0,2,0,10,0.140,0,0,0.140
1,0,2,0,5,0.080,0,0,0.080
1,0,2,0,1,0.021,0,0,0.021
1,0,2,0,3,0.055,0,0,0.055
1,0,2,0,1,0.025,0,0,0.025
0,0,1,0,0,0.000,0,0,0.000
20,8,12,36,87,0.086,5,2,0.266
1,0,2,0,0,0.010,0,0,0.010
1,0,2,0,3,0.046,0,0,0.046
0,0,1,0,0,0.000,0,0,0.000
3,1,3,4,18,0.093,1,0,0.153
1,0,2,0,3,0.050,0,0,0.050
1,0,2,0,2,0.031,0,0,0.031
1,0,2,0,0,0.010,0,0,0.010
1,0,2,0,1,0.029,0,0,0.029
1,0,2,0,0,0.010,0,0,0.010
1,0,2,0,0,0.010,0,0,0.010
1,0,2,0,1,0.025,0,0,0.025
0,0,1,0,0,0.000,0,0,0.000
1,0,2,0,12,0.170,0,0,0.170
1,0,2,0,1,0.021,0,0,0.021
1,0,2,0,0,0.010,0,0,0.010
1,0,2,0,0,0.010,0,0,0.010
1,0,2,0,16,0.203,0,0,0.203
1,0,2,0,1,0.021,0,0,0.021
0,0,1,0,0,0.000,0,0,0.000
1,0,2,0,3,0.050,0,0,0.050
1,0,2,0,0,0.010,0,0,0.010
0,0,1,0,0,0.000,0,0,0.000
1,0,2,0,1,0.021,0,0,0.021
1,0,2,0,1,0.021,0,0,0.021
1,0,2,0,1,0.029,0,0,0.029
1,0,2,0,1,0.029,0,0,0.029
0,0,1,0,0,0.000,0,0,0.000
1,0,2,0,3,0.050,0,0,0.050
1,0,2,0,0,0.010,0,0,0.010
1,0,2,0,10,0.136,0,0,0.136
0,0,1,0,0,0.000,0,0,0.000
1,0,2,0,9,0.121,0,0,0.121
1,0,2,0,2,0.036,0,0,0.036
1,0,2,0,2,0.044,0,0,0.044
140,70,56,254,792,0.097,56,14,0.407
1,0,2,0,0,0.015,0,0,0.015
1,0,2,0,5,0.075,0,0,0.075
1,0,2,0,10,0.128,0,0,0.128
1,0,2,0,0,0.010,0,0,0.010
1,0,2,0,7,0.101,0,0,0.101
24,11,11,48,172,0.120,8,2,0.375
1,0,2,0,15,0.197,0,0,0.197
1,0,2,0,7,0.105,0,0,0.105
3,1,3,3,11,0.063,1,0,0.113
1,0,2,0,9,0.126,0,0,0.126
9,4,6,16,45,0.088,4,0,0.151
1,0,2,0,1,0.021,0,0,0.021
1,0,2,0,0,0.010,0,0,0.010
0,0,1,0,0,0.000,0,0,0.000
1,0,2,0,3,0.050,0,0,0.050
1,0,2,0,0,0.010,0,0,0.010
1,0,2,0,9,0.121,0,0,0.121
1,0,2,0,3,0.050,0,0,0.050
1,0,2,0,14,0.191,0,0,0.191
1,0,2,0,6,0.077,0,0,0.077
1,0,2,0,0,0.010,0,0,0.010
1,0,2,0,5,0.071,0,0,0.071
1,0,2,0,4,0.065,0,0,0.065
5,2,4,6,18,0.066,2,0,0.096
1,0,2,0,5,0.075,0,0,0.075
1,0,2,0,0,0.010,0,0,0.010
1,0,2,0,5,0.075,0,0,0.075
5,2,4,4,20,0.067,2,0,0.114
10,4,7,18,48,0.089,3,1,0.180
1,0,2,0,0,0.015,0,0,0.015
1,0,2,0,1,0.021,0,0,0.021
1,0,2,0,1,0.021,0,0,0.021
3,1,2,2,12,0.059,0,1,0.102
3,1,2,2,20,0.093,0,1,0.228
3,1,3,3,24,0.125,1,0,0.315
0,0,1,0,0,0.000,0,0,0.000
1,0,2,0,1,0.025,0,0,0.025
1,0,2,0,0,0.015,0,0,0.015
1,0,2,0,1,0.025,0,0,0.025
4,2,2,6,12,0.062,2,0,0.096
1,0,2,0,1,0.025,0,0,0.025
1,0,2,0,1,0.021,0,0,0.021
1,0,2,0,14,0.204,0,0,0.204
1,0,2,0,1,0.021,0,0,0.021
1,0,2,0,3,0.046,0,0,0.046
1,0,2,0,1,0.021,0,0,0.021
1,0,2,0,2,0.036,0,0,0.036
1,0,2,0,3,0.050,0,0,0.050
1,0,2,0,7,0.105,0,0,0.105
1,0,2,0,0,0.015,0,0,0.015
1,0,2,0,0,0.010,0,0,0.010
0,0,1,0,0,0.000,0,0,0.000
1,0,2,0,3,0.055,0,0,0.055
1,0,2,0,1,0.025,0,0,0.025
1,0,2,0,1,0.021,0,0,0.021
1,0,2,0,1,0.025,0,0,0.025
1,0,2,0,9,0.113,0,0,0.113
1,0,2,0,1,0.025,0,0,0.025
1,0,2,0,9,0.126,0,0,0.126
1,0,2,0,1,0.025,0,0,0.025
1,0,2,0,0,0.010,0,0,0.010
88,44,38,154,539,0.101,39,4,0.305
0,0,1,0,0,0.000,0,0,0.000
1,0,2,0,10,0.136,0,0,0.136
1,0,2,0,3,0.046,0,0,0.046
1,0,2,0,0,0.010,0,0,0.010
0,0,1,0,0,0.000,0,0,0.000
1,0,2,0,4,0.056,0,0,0.056
1,0,2,0,0,0.010,0,0,0.010
1,0,2,0,2,0.040,0,0,0.040
3,1,3,3,15,0.082,1,0,0.124
1,0,2,0,14,0.199,0,0,0.199
1,0,2,0,4,0.056,0,0,0.056
1,0,2,0,2,0.040,0,0,0.040
1,0,2,0,1,0.021,0,0,0.021
1,0,2,0,13,0.159,0,0,0.159
1,0,2,0,1,0.021,0,0,0.021
1,0,2,0,0,0.010,0,0,0.010
0,0,1,0,0,0.000,0,0,0.000
1,0,2,0,7,0.096,0,0,0.096
1,0,2,0,4,0.056,0,0,0.056
1,0,2,0,6,0.077,0,0,0.077
1,0,2,0,11,0.142,0,0,0.142
0,0,1,0,0,0.000,0,0,0.000
1,0,2,0,6,0.086,0,0,0.086
3,1,3,3,15,0.078,1,0,0.140
1,0,2,0,0,0.010,0,0,0.010
0,0,1,0,0,0.000,0,0,0.000
1,0,2,0,7,0.105,0,0,0.105
1,0,2,0,1,0.025,0,0,0.025
1,0,2,0,0,0.010,0,0,0.010
1,0,2,0,1,0.025,0,0,0.025
3,1,3,3,22,0.108,1,0,0.259
1,0,2,0,0,0.010,0,0,0.010
1,0,2,0,3,0.055,0,0,0.055
1,0,2,0,4,0.061,0,0,0.061
1,0,2,0,1,0.021,0,0,0.021
0,0,1,0,0,0.000,0,0,0.000
1,0,2,0,12,0.148,0,0,0.148
1,0,2,0,4,0.065,0,0,0.065
1,0,2,0,0,0.010,0,0,0.010
1,0,2,0,1,0.025,0,0,0.025
1,0,2,0,19,0.221,0,0,0.221
1,0,2,0,0,0.010,0,0,0.010
1,0,2,0,7,0.101,0,0,0.101
1,0,2,0,0,0.015,0,0,0.015
1,0,2,0,5,0.071,0,0,0.071
3,1,2,2,12,0.061,0,1,0.126
1,0,2,0,0,0.015,0,0,0.015
1,0,2,0,3,0.042,0,0,0.042
1,0,2,0,5,0.080,0,0,0.080
1,0,2,0,5,0.071,0,0,0.071
1,0,2,0,7,0.092,0,0,0.092
7,3,5,10,52,0.116,3,0,0.203
1,0,2,0,12,0.148,0,0,0.148
1,0,2,0,0,0.010,0,0,0.010
0,0,1,0,0,0.000,0,0,0.000
1,0,2,0,0,0.015,0,0,0.015
1,0,2,0,13,0.163,0,0,0.163
1,0,2,0,1,0.025,0,0,0.025
26,13,11,39,181,0.112,11,2,0.342
3,1,2,2,11,0.056,0,1,0.117
1,0,2,0,2,0.036,0,0,0.036
3,1,3,3,28,0.136,1,0,0.220
1,0,2,0,0,0.010,0,0,0.010
1,0,2,0,0,0.010,0,0,0.010
1,0,2,0,0,0.010,0,0,0.010
3,1,3,3,17,0.092,1,0,0.145
1,0,2,0,0,0.010,0,0,0.010
1,0,2,0,0,0.010,0,0,0.010
1,0,2,0,0,0.015,0,0,0.015
1,0,2,0,4,0.065,0,0,0.065
0,0,1,0,0,0.000,0,0,0.000
25,12,14,38,191,0.119,12,0,0.394
1,0,2,0,1,0.025,0,0,0.025
1,0,2,0,12,0.153,0,0,0.153
0,0,1,0,0,0.000,0,0,0.000
0,0,1,0,0,0.000,0,0,0.000
1,0,2,0,11,0.151,0,0,0.151
1,0,2,0,1,0.025,0,0,0.025
1,0,2,0,0,0.010,0,0,0.010
0,0,1,0,0,0.000,0,0,0.000
1,0,2,0,0,0.010,0,0,0.010
3,1,3,4,13,0.077,1,0,0.142
3,1,3,3,10,0.056,1,0,0.071
1,0,2,0,3,0.055,0,0,0.055
1,0,2,0,8,0.111,0,0,0.111
0,0,1,0,0,0.000,0,0,0.000
1,0,2,0,5,0.067,0,0,0.067
3,1,3,3,6,0.043,1,0,0.071
1,0,2,0,0,0.010,0,0,0.010
1,0,2,0,1,0.021,0,0,0.021
0,0,1,0,0,0.000,0,0,0.000
1,0,2,0,0,0.015,0,0,0.015
1,0,2,0,12,0.166,0,0,0.166
5,2,4,7,23,0.079,2,0,0.121
16,9,5,30,72,0.083,9,0,0.188
1,0,2,0,0,0.010,0,0,0.010
1,0,2,0,1,0.025,0,0,0.025
1,0,2,0,7,0.092,0,0,0.092
1,0,2,0,1,0.029,0,0,0.029
1,0,2,0,6,0.082,0,0,0.082
1,0,2,0,2,0.044,0,0,0.044
1,0,2,0,10,0.132,0,0,0.132
1,0,2,0,0,0.010,0,0,0.010
1,0,2,0,0,0.015,0,0,0.015
33,16,17,51,167,0.089,15,1,0.291
1,0,2,0,0,0.010,0,0,0.010
1,0,2,0,0,0.010,0,0,0.010
1,0,2,0,32,0.408,0,0,0.408
1,0,2,0,3,0.046,0,0,0.046
0,0,1,0,0,0.000,0,0,0.000
1,0,2,0,0,0.010,0,0,0.010
1,0,2,0,0,0.010,0,0,0.010
1,0,2,0,15,0.188,0,0,0.188
1,0,2,0,6,0.090,0,0,0.090
1,0,2,0,8,0.115,0,0,0.115
1,0,2,0,1,0.025,0,0,0.025
1,0,2,0,0,0.010,0,0,0.010
20,10,10,30,123,0.098,10,0,0.278
0,0,1,0,0,0.000,0,0,0.000
3,1,3,4,22,0.109,1,0,0.132
1,0,2,0,1,0.025,0,0,0.025
1,0,2,0,1,0.029,0,0,0.029
1,0,2,0,6,0.082,0,0,0.082
1,0,2,0,0,0.010,0,0,0.010
1,0,2,0,0,0.010,0,0,0.010
1,0,2,0,2,0.040,0,0,0.040
88,44,37,165,492,0.097,37,7,0.586
1,0,2,0,0,0.010,0,0,0.010
1,0,2,0,10,0.123,0,0,0.123
5,2,4,7,18,0.063,2,0,0.088
1,0,2,0,2,0.036,0,0,0.036
1,0,2,0,4,0.069,0,0,0.069
3,1,2,7,37,0.187,0,1,0.270
1,0,2,0,23,0.272,0,0,0.272
0,0,1,0,0,0.000,0,0,0.000
1,0,2,0,11,0.142,0,0,0.142
1,0,2,0,20,0.245,0,0,0.245
1,0,2,0,0,0.015,0,0,0.015
0,0,1,0,0,0.000,0,0,0.000
1,0,2,0,7,0.105,0,0,0.105
1,0,2,0,5,0.075,0,0,0.075
0,0,1,0,0,0.000,0,0,0.000
1,0,2,0,29,0.386,0,0,0.386
47,22,22,87,236,0.091,17,4,0.251
0,0,1,0,0,0.000,0,0,0.000
1,0,2,0,2,0.031,0,0,0.031
1,0,2,0,0,0.015,0,0,0.015
0,0,1,0,0,0.000,0,0,0.000
1,0,2,0,2,0.036,0,0,0.036
1,0,2,0,0,0.010,0,0,0.010
1,0,2,0,4,0.069,0,0,0.069
1,0,2,0,0,0.010,0,0,0.010
0,0,1,0,0,0.000,0,0,0.000
0,0,1,0,0,0.000,0,0,0.000
0,0,1,0,0,0.000,0,0,0.000
1,0,2,0,1,0.029,0,0,0.029
1,0,2,0,2,0.040,0,0,0.040
3,1,3,3,57,0.256,1,0,0.528
1,0,2,0,2,0.036,0,0,0.036
1,0,2,0,3,0.050,0,0,0.050
4,1,4,8,38,0.163,0,1,0.317
0,0,1,0,0,0.000,0,0,0.000
1,0,2,0,0,0.015,0,0,0.015
3,1,3,3,12,0.066,1,0,0.071
1,0,2,0,0,0.015,0,0,0.015
1,0,2,0,0,0.010,0,0,0.010
1,0,2,0,0,0.015,0,0,0.015
1,0,2,0,1,0.021,0,0,0.021
1,0,2,0,3,0.046,0,0,0.046
1,0,2,0,0,0.010,0,0,0.010
1,0,2,0,3,0.055,0,0,0.055
1,0,2,0,2,0.040,0,0,0.040
3,1,3,4,10,0.062,1,0,0.105
1,0,2,0,3,0.042,0,0,0.042
1,0,2,0,0,0.010,0,0,0.010
1,0,2,0,0,0.010,0,0,0.010
0,0,1,0,0,0.000,0,0,0.000
1,0,2,0,7,0.101,0,0,0.101
1,0,2,0,0,0.010,0,0,0.010
7,3,5,16,15,0.057,3,0,0.134
7,3,5,7,43,0.096,3,0,0.161
3,1,3,3,7,0.052,1,0,0.071
1,0,2,0,0,0.010,0,0,0.010
1,0,2,0,4,0.056,0,0,0.056
1,0,2,0,3,0.046,0,0,0.046
1,0,2,0,2,0.036,0,0,0.036
1,0,2,0,1,0.025,0,0,0.025
1,0,2,0,1,0.025,0,0,0.025
1,0,2,0,0,0.015,0,0,0.015
1,0,2,0,0,0.010,0,0,0.010
1,0,2,0,0,0.015,0,0,0.015
1,0,2,0,0,0.015,0,0,0.015
0,0,1,0,0,0.000,0,0,0.000
1,0,2,0,0,0.015,0,0,0.015
1,0,2,0,5,0.080,0,0,0.080
1,0,2,0,0,0.015,0,0,0.015
1,0,2,0,17,0.222,0,0,0.222
0,0,1,0,0,0.000,0,0,0.000
1,0,2,0,1,0.021,0,0,0.021
3,1,3,5,14,0.089,1,0,0.094
0,0,1,0,0,0.000,0,0,0.000
1,0,2,0,0,0.010,0,0,0.010
0,0,1,0,0,0.000,0,0,0.000
0,0,1,0,0,0.000,0,0,0.000
1,0,2,0,2,0.036,0,0,0.036
1,0,2,0,1,0.025,0,0,0.025
1,0,2,0,0,0.010,0,0,0.010
1,0,2,0,1,0.021,0,0,0.021
1,0,2,0,6,0.077,0,0,0.077
1,0,2,0,0,0.010,0,0,0.010
3,1,3,3,27,0.134,1,0,0.197
0,0,1,0,0,0.000,0,0,0.000
1,0,2,0,2,0.036,0,0,0.036
6,3,3,9,18,0.059,3,0,0.113
1,0,2,0,13,0.189,0,0,0.189
0,0,1,0,0,0.000,0,0,0.000
1,0,2,0,4,0.065,0,0,0.065
1,0,2,0,1,0.025,0,0,0.025
3,1,3,4,13,0.077,1,0,0.134
0,0,1,0,0,0.000,0,0,0.000
1,0,2,0,2,0.036,0,0,0.036
1,0,2,0,8,0.098,0,0,0.098
1,0,2,0,0,0.010,0,0,0.010
1,0,2,0,4,0.069,0,0,0.069
1,0,2,0,0,0.010,0,0,0.010
0,0,1,0,0,0.000,0,0,0.000
1,0,2,0,0,0.010,0,0,0.010
0,0,1,0,0,0.000,0,0,0.000
1,0,2,0,1,0.025,0,0,0.025
1,0,2,0,5,0.080,0,0,0.080
0,0,1,0,0,0.000,0,0,0.000
1,0,2,0,1,0.025,0,0,0.025
1,0,2,0,5,0.071,0,0,0.071
0,0,1,0,0,0.000,0,0,0.000
1,0,2,0,10,0.140,0,0,0.140
0,0,1,0,0,0.000,0,0,0.000
1,0,2,0,0,0.015,0,0,0.015
1,0,2,0,5,0.067,0,0,0.067
3,1,3,1,19,0.085,1,0,0.117
3,1,3,3,14,0.076,1,0,0.113
1,0,2,0,1,0.025,0,0,0.025
1,0,2,0,4,0.061,0,0,0.061
1,0,2,0,0,0.010,0,0,0.010
0,0,1,0,0,0.000,0,0,0.000
6,3,3,10,52,0.128,3,0,0.205
0,0,1,0,0,0.000,0,0,0.000
1,0,2,0,1,0.025,0,0,0.025
1,0,2,0,0,0.010,0,0,0.010
0,0,1,0,0,0.000,0,0,0.000
4,1,4,6,42,0.162,0,1,0.312
1,0,2,0,1,0.021,0,0,0.021
1,0,2,0,0,0.010,0,0,0.010
1,0,2,0,4,0.061,0,0,0.061
1,0,2,0,7,0.092,0,0,0.092
1,0,2,0,4,0.061,0,0,0.061
0,0,1,0,0,0.000,0,0,0.000
3,1,3,1,15,0.071,1,0,0.088
1,0,2,0,1,0.021,0,0,0.021
1,0,2,0,7,0.101,0,0,0.101
1,0,2,0,0,0.010,0,0,0.010
1,0,2,0,1,0.025,0,0,0.025
0,0,1,0,0,0.000,0,0,0.000
1,0,2,0,9,0.113,0,0,0.113
1,0,2,0,4,0.052,0,0,0.052
22,11,11,33,121,0.090,11,0,0.337
1,0,2,0,2,0.036,0,0,0.036
1,0,2,0,4,0.065,0,0,0.065
1,0,2,0,2,0.036,0,0,0.036
3,1,3,3,19,0.106,1,0,0.134
1,0,2,0,8,0.102,0,0,0.102
0,0,1,0,0,0.000,0,0,0.000
1,0,2,0,0,0.010,0,0,0.010
1,0,2,0,0,0.010,0,0,0.010
1,0,2,0,4,0.065,0,0,0.065
1,0,2,0,0,0.010,0,0,0.010
1,0,2,0,0,0.015,0,0,0.015
1,0,2,0,7,0.101,0,0,0.101
1,0,2,0,1,0.029,0,0,0.029
1,0,2,0,1,0.025,0,0,0.025
1,0,2,0,9,0.117,0,0,0.117
0,0,1,0,0,0.000,0,0,0.000
1,0,2,0,3,0.055,0,0,0.055
1,0,2,0,6,0.090,0,0,0.090
1,0,2,0,3,0.050,0,0,0.050
16,7,8,35,60,0.083,4,3,0.182
9,4,6,14,48,0.089,4,0,0.136
1,0,2,0,3,0.046,0,0,0.046
3,1,3,4,21,0.105,1,0,0.182
1,0,2,0,3,0.042,0,0,0.042
1,0,2,0,0,0.015,0,0,0.015
1,0,2,0,3,0.050,0,0,0.050
6,2,4,9,38,0.105,0,2,0.378
1,0,2,0,1,0.029,0,0,0.029
0,0,1,0,0,0.000,0,0,0.000
1,0,2,0,0,0.015,0,0,0.015
1,0,2,0,3,0.050,0,0,0.050
1,0,2,0,1,0.025,0,0,0.025
6,2,5,8,49,0.125,1,1,0.258
3,1,3,4,10,0.058,1,0,0.128
0,0,1,0,0,0.000,0,0,0.000
1,0,2,0,2,0.040,0,0,0.040
1,0,2,0,0,0.010,0,0,0.010
1,0,2,0,2,0.036,0,0,0.036
1,0,2,0,0,0.015,0,0,0.015
0,0,1,0,0,0.000,0,0,0.000
1,0,2,0,2,0.036,0,0,0.036
1,0,2,0,2,0.031,0,0,0.031
1,0,2,0,1,0.021,0,0,0.021
0,0,1,0,0,0.000,0,0,0.000
1,0,2,0,3,0.046,0,0,0.046
3,1,3,5,6,0.051,1,0,0.088
1,0,2,0,1,0.021,0,0,0.021
1,0,2,0,0,0.015,0,0,0.015
1,0,2,0,0,0.010,0,0,0.010
1,0,2,0,1,0.021,0,0,0.021
1,0,2,0,4,0.056,0,0,0.056
1,0,2,0,0,0.015,0,0,0.015
3,1,3,1,5,0.032,1,0,0.042
1,0,2,0,5,0.084,0,0,0.084
1,0,2,0,1,0.021,0,0,0.021
1,0,2,0,18,0.219,0,0,0.219
1,0,2,0,13,0.176,0,0,0.176
1,0,2,0,6,0.082,0,0,0.082
3,1,3,1,17,0.082,1,0,0.130
0,0,1,0,0,0.000,0,0,0.000
1,0,2,0,0,0.010,0,0,0.010
1,0,2,0,2,0.040,0,0,0.040
1,0,2,0,0,0.010,0,0,0.010
1,0,2,0,0,0.010,0,0,0.010
1,0,2,0,3,0.050,0,0,0.050
5,2,4,5,21,0.067,2,0,0.107
0,0,1,0,0,0.000,0,0,0.000
1,0,2,0,2,0.036,0,0,0.036
1,0,2,0,11,0.138,0,0,0.138
1,0,2,0,1,0.021,0,0,0.021
0,0,1,0,0,0.000,0,0,0.000
1,0,2,0,0,0.015,0,0,0.015
1,0,2,0,6,0.077,0,0,0.077
1,0,2,0,0,0.010,0,0,0.010
1,0,2,0,0,0.010,0,0,0.010
0,0,1,0,0,0.000,0,0,0.000
1,0,2,0,0,0.010,0,0,0.010
0,0,1,0,0,0.000,0,0,0.000
1,0,2,0,11,0.142,0,0,0.142
1,0,2,0,5,0.071,0,0,0.071
1,0,2,0,5,0.075,0,0,0.075
1,0,2,0,10,0.136,0,0,0.136
3,1,3,3,9,0.060,1,0,0.101
1,0,2,0,0,0.010,0,0,0.010
1,0,2,0,2,0.031,0,0,0.031
0,0,1,0,0,0.000,0,0,0.000
1,0,2,0,1,0.025,0,0,0.025
1,0,2,0,0,0.010,0,0,0.010
1,0,2,0,2,0.040,0,0,0.040
1,0,2,0,6,0.090,0,0,0.090
0,0,1,0,0,0.000,0,0,0.000
1,0,2,0,1,0.025,0,0,0.025
3,1,3,3,3,0.034,1,0,0.040
104,49,50,187,622,0.102,39,6,0.346
3,1,3,3,27,0.133,1,0,0.323
1,0,2,0,7,0.105,0,0,0.105
0,0,1,0,0,0.000,0,0,0.000
1,0,2,0,3,0.055,0,0,0.055
1,0,2,0,2,0.040,0,0,0.040
6,2,5,10,38,0.104,1,1,0.242
0,0,1,0,0,0.000,0,0,0.000
1,0,2,0,3,0.046,0,0,0.046
1,0,2,0,0,0.010,0,0,0.010
1,0,2,0,5,0.067,0,0,0.067
1,0,2,0,9,0.117,0,0,0.117
29,14,13,42,186,0.100,11,3,0.237
23,10,11,44,104,0.086,6,3,0.321
0,0,1,0,0,0.000,0,0,0.000
1,0,2,0,0,0.010,0,0,0.010
26,14,10,51,148,0.095,14,0,0.213
3,1,3,1,11,0.054,1,0,0.102
0,0,1,0,0,0.000,0,0,0.000
1,0,2,0,5,0.075,0,0,0.075
1,0,2,0,1,0.021,0,0,0.021
1,0,2,0,7,0.101,0,0,0.101
1,0,2,0,0,0.010,0,0,0.010
3,1,3,4,35,0.163,1,0,0.215
1,0,2,0,1,0.021,0,0,0.021
1,0,2,0,0,0.010,0,0,0.010
1,0,2,0,4,0.065,0,0,0.065
1,0,2,0,2,0.036,0,0,0.036
1,0,2,0,0,0.010,0,0,0.010
1,0,2,0,5,0.067,0,0,0.067
5,2,4,4,19,0.063,2,0,0.130
1,0,2,0,1,0.025,0,0,0.025
0,0,1,0,0,0.000,0,0,0.000
1,0,2,0,5,0.067,0,0,0.067
1,0,2,0,1,0.025,0,0,0.025
0,0,1,0,0,0.000,0,0,0.000
1,0,2,0,0,0.010,0,0,0.010
3,1,3,5,15,0.089,1,0,0.132
1,0,2,0,1,0.021,0,0,0.021
10,4,7,12,98,0.145,3,1,0.302
1,0,2,0,8,0.107,0,0,0.107
1,0,2,0,1,0.021,0,0,0.021
1,0,2,0,1,0.029,0,0,0.029
1,0,2,0,1,0.025,0,0,0.025
0,0,1,0,0,0.000,0,0,0.000
1,0,2,0,0,0.010,0,0,0.010
1,0,2,0,1,0.021,0,0,0.021
1,0,2,0,0,0.015,0,0,0.015
1,0,2,0,0,0.015,0,0,0.015
5,2,4,7,25,0.083,2,0,0.175
1,0,2,0,2,0.031,0,0,0.031
1,0,2,0,0,0.010,0,0,0.010
0,0,1,0,0,0.000,0,0,0.000
1,0,2,0,0,0.015,0,0,0.015
1,0,2,0,7,0.109,0,0,0.109
1,0,2,0,5,0.067,0,0,0.067
0,0,1,0,0,0.000,0,0,0.000
0,0,1,0,0,0.000,0,0,0.000
0,0,1,0,0,0.000,0,0,0.000
1,0,2,0,0,0.010,0,0,0.010
13,6,8,27,103,0.124,6,0,0.247
3,1,3,3,8,0.051,1,0,0.056
0,0,1,0,0,0.000,0,0,0.000
1,0,2,0,2,0.040,0,0,0.040
1,0,2,0,0,0.015,0,0,0.015
1,0,2,0,1,0.029,0,0,0.029
1,0,2,0,2,0.036,0,0,0.036
1,0,2,0,0,0.010,0,0,0.010
1,0,2,0,0,0.015,0,0,0.015
1,0,2,0,1,0.025,0,0,0.025
3,1,3,3,12,0.068,1,0,0.157
164,82,68,307,964,0.100,68,14,0.528
1,0,2,0,4,0.061,0,0,0.061
1,0,2,0,1,0.021,0,0,0.021
9,4,6,11,67,0.111,4,0,0.295
0,0,1,0,0,0.000,0,0,0.000
1,0,2,0,2,0.044,0,0,0.044
1,0,2,0,1,0.025,0,0,0.025
1,0,2,0,0,0.015,0,0,0.015
3,1,3,3,34,0.153,1,0,0.201
1,0,2,0,15,0.205,0,0,0.205
1,0,2,0,5,0.075,0,0,0.075
0,0,1,0,0,0.000,0,0,0.000
4,1,4,5,21,0.095,0,1,0.140
1,0,2,0,1,0.021,0,0,0.021
1,0,2,0,1,0.025,0,0,0.025
1,0,2,0,3,0.046,0,0,0.046
0,0,1,0,0,0.000,0,0,0.000
0,0,1,0,0,0.000,0,0,0.000
1,0,2,0,3,0.050,0,0,0.050
1,0,2,0,2,0.036,0,0,0.036
1,0,2,0,0,0.010,0,0,0.010
1,0,2,0,8,0.115,0,0,0.115
1,0,2,0,1,0.025,0,0,0.025
3,1,3,4,11,0.069,1,0,0.096
1,0,2,0,0,0.010,0,0,0.010
1,0,2,0,1,0.025,0,0,0.025
1,0,2,0,0,0.010,0,0,0.010
1,0,2,0,0,0.010,0,0,0.010
0,0,1,0,0,0.000,0,0,0.000
3,1,3,4,37,0.169,1,0,0.366
1,0,2,0,0,0.010,0,0,0.010
1,0,2,0,4,0.061,0,0,0.061
1,0,2,0,2,0.040,0,0,0.040
1,0,2,0,0,0.010,0,0,0.010
1,0,2,0,0,0.015,0,0,0.015
3,1,3,3,23,0.107,1,0,0.175
1,0,2,0,1,0.025,0,0,0.025
0,0,1,0,0,0.000,0,0,0.000
1,0,2,0,15,0.197,0,0,0.197
3,1,3,3,17,0.089,1,0,0.132
1,0,2,0,0,0.010,0,0,0.010
1,0,2,0,1,0.025,0,0,0.025
1,0,2,0,0,0.010,0,0,0.010
0,0,1,0,0,0.000,0,0,0.000
1,0,2,0,1,0.025,0,0,0.025
0,0,1,0,0,0.000,0,0,0.000
0,0,1,0,0,0.000,0,0,0.000
1,0,2,0,2,0.036,0,0,0.036
0,0,1,0,0,0.000,0,0,0.000
1,0,2,0,6,0.082,0,0,0.082
0,0,1,0,0,0.000,0,0,0.000
1,0,2,0,0,0.015,0,0,0.015
1,0,2,0,0,0.015,0,0,0.015
1,0,2,0,0,0.010,0,0,0.010
0,0,1,0,0,0.000,0,0,0.000
13,6,8,17,120,0.136,6,0,0.356
1,0,2,0,0,0.010,0,0,0.010
1,0,2,0,0,0.010,0,0,0.010
0,0,1,0,0,0.000,0,0,0.000
1,0,2,0,0,0.010,0,0,0.010
1,0,2,0,1,0.021,0,0,0.021
1,0,2,0,2,0.036,0,0,0.036
1,0,2,0,11,0.151,0,0,0.151
3,1,3,1,4,0.029,1,0,0.036
1,0,2,0,4,0.061,0,0,0.061
1,0,2,0,4,0.061,0,0,0.061
0,0,1,0,0,0.000,0,0,0.000
3,1,3,4,17,0.093,1,0,0.130
1,0,2,0,0,0.010,0,0,0.010
0,0,1,0,0,0.000,0,0,0.000
1,0,2,0,13,0.185,0,0,0.185
0,0,1,0,0,0.000,0,0,0.000
1,0,2,0,1,0.021,0,0,0.021
1,0,2,0,5,0.067,0,0,0.067
1,0,2,0,0,0.010,0,0,0.010
1,0,2,0,7,0.092,0,0,0.092
0,0,1,0,0,0.000,0,0,0.000
1,0,2,0,4,0.056,0,0,0.056
11,5,6,20,113,0.152,4,1,0.471
1,0,2,0,2,0.040,0,0,0.040
1,0,2,0,4,0.056,0,0,0.056
1,0,2,0,1,0.021,0,0,0.021
0,0,1,0,0,0.000,0,0,0.000
1,0,2,0,5,0.067,0,0,0.067
1,0,2,0,0,0.015,0,0,0.015
3,1,3,4,12,0.073,1,0,0.147
3,1,3,4,26,0.122,1,0,0.213
1,0,2,0,4,0.056,0,0,0.056
1,0,2,0,11,0.147,0,0,0.147
6,2,5,9,28,0.086,1,1,0.134
1,0,2,0,0,0.010,0,0,0.010
26,13,12,46,132,0.088,12,1,0.219
1,0,2,0,0,0.010,0,0,0.010
1,0,2,0,0,0.010,0,0,0.010
1,0,2,0,3,0.046,0,0,0.046
1,0,2,0,1,0.021,0,0,0.021
1,0,2,0,3,0.055,0,0,0.055
1,0,2,0,6,0.082,0,0,0.082
1,0,2,0,5,0.071,0,0,0.071
1,0,2,0,1,0.025,0,0,0.025
1,0,2,0,0,0.010,0,0,0.010
1,0,2,0,5,0.067,0,0,0.067
1,0,2,0,3,0.046,0,0,0.046
0,0,1,0,0,0.000,0,0,0.000
0,0,1,0,0,0.000,0,0,0.000
3,1,2,2,9,0.047,0,1,0.082
1,0,2,0,0,0.010,0,0,0.010
1,0,2,0,1,0.025,0,0,0.025
1,0,2,0,5,0.067,0,0,0.067
0,0,1,0,0,0.000,0,0,0.000
1,0,2,0,0,0.010,0,0,0.010
1,0,2,0,1,0.025,0,0,0.025
1,0,2,0,0,0.015,0,0,0.015
1,0,2,0,2,0.040,0,0,0.040
1,0,2,0,5,0.075,0,0,0.075
0,0,1,0,0,0.000,0,0,0.000
5,2,4,6,8,0.042,2,0,0.065
1,0,2,0,2,0.044,0,0,0.044
1,0,2,0,0,0.010,0,0,0.010
1,0,2,0,0,0.010,0,0,0.010
23,10,13,34,154,0.107,7,3,0.438
1,0,2,0,2,0.036,0,0,0.036
1,0,2,0,1,0.025,0,0,0.025
0,0,1,0,0,0.000,0,0,0.000
1,0,2,0,3,0.046,0,0,0.046
1,0,2,0,0,0.010,0,0,0.010
1,0,2,0,0,0.010,0,0,0.010
1,0,2,0,5,0.071,0,0,0.071
1,0,2,0,19,0.251,0,0,0.251
1,0,2,0,2,0.036,0,0,0.036
1,0,2,0,5,0.080,0,0,0.080
1,0,2,0,7,0.105,0,0,0.105
1,0,2,0,5,0.071,0,0,0.071
1,0,2,0,0,0.015,0,0,0.015
1,0,2,0,0,0.010,0,0,0.010
7,3,5,8,40,0.088,3,0,0.176
1,0,2,0,8,0.115,0,0,0.115
1,0,2,0,3,0.042,0,0,0.042
1,0,2,0,0,0.010,0,0,0.010
1,0,2,0,22,0.278,0,0,0.278
1,0,2,0,1,0.025,0,0,0.025
1,0,2,0,1,0.025,0,0,0.025
0,0,1,0,0,0.000,0,0,0.000
1,0,2,0,19,0.256,0,0,0.256
21,8,13,35,121,0.100,4,3,0.301
1,0,2,0,10,0.145,0,0,0.145
3,1,3,3,1,0.025,1,0,0.040
1,0,2,0,1,0.029,0,0,0.029
0,0,1,0,0,0.000,0,0,0.000
1,0,2,0,3,0.055,0,0,0.055
1,0,2,0,4,0.056,0,0,0.056
1,0,2,0,1,0.025,0,0,0.025
1,0,2,0,0,0.010,0,0,0.010
1,0,2,0,1,0.025,0,0,0.025
1,0,2,0,1,0.021,0,0,0.021
1,0,2,0,1,0.029,0,0,0.029
1,0,2,0,0,0.015,0,0,0.015
1,0,2,0,1,0.021,0,0,0.021
18,9,8,29,66,0.068,8,1,0.201
19,9,10,25,100,0.083,8,1,0.326
1,0,2,0,2,0.044,0,0,0.044
0,0,1,0,0,0.000,0,0,0.000
1,0,2,0,3,0.055,0,0,0.055
1,0,2,0,0,0.010,0,0,0.010
1,0,2,0,1,0.021,0,0,0.021
5,2,4,5,39,0.119,2,0,0.172
1,0,2,0,0,0.015,0,0,0.015
0,0,1,0,0,0.000,0,0,0.000
1,0,2,0,0,0.010,0,0,0.010
1,0,2,0,1,0.021,0,0,0.021
1,0,2,0,4,0.056,0,0,0.056
0,0,1,0,0,0.000,0,0,0.000
1,0,2,0,8,0.098,0,0,0.098
1,0,2,0,3,0.046,0,0,0.046
0,0,1,0,0,0.000,0,0,0.000
1,0,2,0,0,0.010,0,0,0.010
1,0,2,0,0,0.010,0,0,0.010
0,0,1,0,0,0.000,0,0,0.000
1,0,2,0,1,0.025,0,0,0.025
1,0,2,0,1,0.025,0,0,0.025
3,1,3,4,10,0.067,1,0,0.111
1,0,2,0,0,0.010,0,0,0.010
141,70,60,246,885,0.103,59,10,0.332
1,0,2,0,0,0.010,0,0,0.010
1,0,2,0,6,0.090,0,0,0.090
1,0,2,0,1,0.021,0,0,0.021
1,0,2,0,0,0.015,0,0,0.015
1,0,2,0,0,0.010,0,0,0.010
1,0,2,0,1,0.021,0,0,0.021
1,0,2,0,0,0.015,0,0,0.015
1,0,2,0,3,0.046,0,0,0.046
9,4,6,10,49,0.085,4,0,0.254
1,0,2,0,1,0.025,0,0,0.025
1,0,2,0,0,0.010,0,0,0.010
1,0,2,0,1,0.025,0,0,0.025
1,0,2,0,0,0.015,0,0,0.015
1,0,2,0,10,0.132,0,0,0.132
1,0,2,0,0,0.015,0,0,0.015
1,0,2,0,2,0.036,0,0,0.036
1,0,2,0,3,0.055,0,0,0.055
1,0,2,0,2,0.036,0,0,0.036
1,0,2,0,1,0.021,0,0,0.021
11,5,7,9,103,0.133,5,0,0.392
1,0,2,0,4,0.065,0,0,0.065
1,0,2,0,0,0.015,0,0,0.015
1,0,2,0,0,0.010,0,0,0.010
12,5,8,19,107,0.133,4,1,0.339
1,0,2,0,2,0.036,0,0,0.036
1,0,2,0,2,0.040,0,0,0.040
1,0,2,0,5,0.075,0,0,0.075
1,0,2,0,0,0.015,0,0,0.015
1,0,2,0,1,0.021,0,0,0.021
1,0,2,0,0,0.010,0,0,0.010
1,0,2,0,8,0.107,0,0,0.107
1,0,2,0,7,0.096,0,0,0.096
1,0,2,0,0,0.010,0,0,0.010
1,0,2,0,0,0.010,0,0,0.010
1,0,2,0,0,0.010,0,0,0.010
1,0,2,0,8,0.111,0,0,0.111
0,0,1,0,0,0.000,0,0,0.000
1,0,2,0,25,0.314,0,0,0.314
7,3,5,11,38,0.087,3,0,0.138
1,0,2,0,0,0.015,0,0,0.015
0,0,1,0,0,0.000,0,0,0.000
1,0,2,0,2,0.036,0,0,0.036
1,0,2,0,0,0.015,0,0,0.015
0,0,1,0,0,0.000,0,0,0.000
0,0,1,0,0,0.000,0,0,0.000
1,0,2,0,1,0.025,0,0,0.025
0,0,1,0,0,0.000,0,0,0.000
1,0,2,0,5,0.071,0,0,0.071
1,0,2,0,0,0.010,0,0,0.010
1,0,2,0,1,0.029,0,0,0.029
1,0,2,0,6,0.086,0,0,0.086
1,0,2,0,0,0.010,0,0,0.010
1,0,2,0,3,0.046,0,0,0.046
3,1,3,3,25,0.130,1,0,0.310
1,0,2,0,2,0.036,0,0,0.036
1,0,2,0,0,0.015,0,0,0.015
1,0,2,0,1,0.021,0,0,0.021
3,1,3,3,16,0.083,1,0,0.128
3,1,3,3,26,0.118,1,0,0.242
1,0,2,0,6,0.082,0,0,0.082
1,0,2,0,2,0.036,0,0,0.036
0,0,1,0,0,0.000,0,0,0.000
1,0,2,0,0,0.015,0,0,0.015
1,0,2,0,0,0.015,0,0,0.015
0,0,1,0,0,0.000,0,0,0.000
1,0,2,0,0,0.015,0,0,0.015
1,0,2,0,0,0.010,0,0,0.010
1,0,2,0,7,0.101,0,0,0.101
0,0,1,0,0,0.000,0,0,0.000
1,0,2,0,0,0.015,0,0,0.015
9,4,5,15,50,0.094,3,1,0.136
1,0,2,0,4,0.061,0,0,0.061
3,1,3,3,36,0.170,1,0,0.239
1,0,2,0,1,0.021,0,0,0.021
1,0,2,0,0,0.010,0,0,0.010
1,0,2,0,0,0.015,0,0,0.015
1,0,2,0,0,0.010,0,0,0.010
0,0,1,0,0,0.000,0,0,0.000
0,0,1,0,0,0.000,0,0,0.000
1,0,2,0,2,0.036,0,0,0.036
0,0,1,0,0,0.000,0,0,0.000
1,0,2,0,1,0.021,0,0,0.021
1,0,2,0,5,0.071,0,0,0.071
1,0,2,0,1,0.025,0,0,0.025
1,0,2,0,1,0.025,0,0,0.025
1,0,2,0,3,0.055,0,0,0.055
0,0,1,0,0,0.000,0,0,0.000
1,0,2,0,5,0.075,0,0,0.075
51,24,22,85,309,0.103,16,8,0.385
3,1,3,1,18,0.090,1,0,0.164
0,0,1,0,0,0.000,0,0,0.000
3,1,3,1,19,0.085,1,0,0.148
1,0,2,0,0,0.010,0,0,0.010
3,1,3,1,2,0.027,1,0,0.025
1,0,2,0,0,0.010,0,0,0.010
1,0,2,0,2,0.031,0,0,0.031
1,0,2,0,1,0.021,0,0,0.021
1,0,2,0,0,0.010,0,0,0.010
1,0,2,0,2,0.031,0,0,0.031
1,0,2,0,1,0.025,0,0,0.025
3,1,3,3,7,0.050,1,0,0.065
7,3,5,9,56,0.124,3,0,0.186
1,0,2,0,0,0.010,0,0,0.010
0,0,1,0,0,0.000,0,0,0.000
1,0,2,0,0,0.010,0,0,0.010
1,0,2,0,0,0.015,0,0,0.015
0,0,1,0,0,0.000,0,0,0.000
1,0,2,0,20,0.253,0,0,0.253
3,1,3,1,17,0.083,1,0,0.205
3,1,3,3,30,0.159,1,0,0.303
1,0,2,0,7,0.109,0,0,0.109
24,11,12,54,140,0.104,8,3,0.315
1,0,2,0,2,0.036,0,0,0.036
1,0,2,0,2,0.031,0,0,0.031
1,0,2,0,2,0.036,0,0,0.036
1,0,2,0,2,0.031,0,0,0.031
5,2,4,8,12,0.054,2,0,0.107
3,1,3,3,16,0.086,1,0,0.128
1,0,2,0,0,0.010,0,0,0.010
6,2,4,9,21,0.073,0,2,0.174
0,0,1,0,0,0.000,0,0,0.000
1,0,2,0,0,0.015,0,0,0.015
0,0,1,0,0,0.000,0,0,0.000
7,3,5,12,58,0.126,3,0,0.285
5,2,4,7,45,0.141,2,0,0.254
0,0,1,0,0,0.000,0,0,0.000
1,0,2,0,6,0.086,0,0,0.086
1,0,2,0,4,0.061,0,0,0.061
4,1,4,5,19,0.080,0,1,0.102
1,0,2,0,2,0.036,0,0,0.036
1,0,2,0,1,0.029,0,0,0.029
1,0,2,0,3,0.050,0,0,0.050
1,0,2,0,1,0.021,0,0,0.021
1,0,2,0,1,0.021,0,0,0.021
1,0,2,0,1,0.029,0,0,0.029
1,0,2,0,18,0.228,0,0,0.228
1,0,2,0,0,0.010,0,0,0.010
1,0,2,0,0,0.015,0,0,0.015
0,0,1,0,0,0.000,0,0,0.000
1,0,2,0,3,0.050,0,0,0.050
1,0,2,0,4,0.061,0,0,0.061
1,0,2,0,20,0.253,0,0,0.253
1,0,2,0,0,0.010,0,0,0.010
0,0,1,0,0,0.000,0,0,0.000
0,0,1,0,0,0.000,0,0,0.000
0,0,1,0,0,0.000,0,0,0.000
0,0,1,0,0,0.000,0,0,0.000
1,0,2,0,1,0.025,0,0,0.025
1,0,2,0,6,0.090,0,0,0.090
52,25,23,85,271,0.091,20,4,0.323
1,0,2,0,2,0.036,0,0,0.036
1,0,2,0,0,0.010,0,0,0.010
1,0,2,0,2,0.036,0,0,0.036
1,0,2,0,0,0.010,0,0,0.010
1,0,2,0,2,0.036,0,0,0.036
1,0,2,0,14,0.169,0,0,0.169
0,0,1,0,0,0.000,0,0,0.000
1,0,2,0,0,0.015,0,0,0.015
0,0,1,0,0,0.000,0,0,0.000
1,0,2,0,1,0.021,0,0,0.021
1,0,2,0,1,0.021,0,0,0.021
1,0,2,0,13,0.185,0,0,0.185
5,2,4,7,22,0.076,2,0,0.123
1,0,2,0,8,0.098,0,0,0.098
1,0,2,0,0,0.010,0,0,0.010
1,0,2,0,9,0.126,0,0,0.126
1,0,2,0,4,0.056,0,0,0.056
2,1,2,7,14,0.119,0,0,0.147
1,0,2,0,6,0.090,0,0,0.090
7,3,5,7,26,0.063,3,0,0.142
1,0,2,0,8,0.107,0,0,0.107
3,1,3,3,19,0.089,1,0,0.134
1,0,2,0,3,0.050,0,0,0.050
1,0,2,0,13,0.176,0,0,0.176
0,0,1,0,0,0.000,0,0,0.000
4,2,2,6,19,0.082,2,0,0.178
1,0,2,0,10,0.128,0,0,0.128
1,0,2,0,1,0.025,0,0,0.025
1,0,2,0,1,0.021,0,0,0.021
1,0,2,0,0,0.015,0,0,0.015
1,0,2,0,16,0.212,0,0,0.212
99,49,37,188,636,0.107,38,9,0.438
0,0,1,0,0,0.000,0,0,0.000
1,0,2,0,0,0.015,0,0,0.015
1,0,2,0,0,0.010,0,0,0.010
1,0,2,0,0,0.015,0,0,0.015
1,0,2,0,1,0.029,0,0,0.029
1,0,2,0,0,0.015,0,0,0.015
1,0,2,0,3,0.055,0,0,0.055
0,0,1,0,0,0.000,0,0,0.000
3,1,3,1,23,0.120,1,0,0.229
0,0,1,0,0,0.000,0,0,0.000
1,0,2,0,8,0.107,0,0,0.107
1,0,2,0,3,0.055,0,0,0.055
1,0,2,0,2,0.036,0,0,0.036
1,0,2,0,3,0.046,0,0,0.046
1,0,2,0,0,0.015,0,0,0.015
0,0,1,0,0,0.000,0,0,0.000
1,0,2,0,1,0.021,0,0,0.021
1,0,2,0,1,0.025,0,0,0.025
0,0,1,0,0,0.000,0,0,0.000
1,0,2,0,0,0.010,0,0,0.010
0,0,1,0,0,0.000,0,0,0.000
1,0,2,0,0,0.010,0,0,0.010
1,0,2,0,6,0.082,0,0,0.082
1,0,2,0,16,0.199,0,0,0.199
1,0,2,0,5,0.080,0,0,0.080
0,0,1,0,0,0.000,0,0,0.000
1,0,2,0,0,0.010,0,0,0.010
0,0,1,0,0,0.000,0,0,0.000
1,0,2,0,2,0.036,0,0,0.036
1,0,2,0,0,0.010,0,0,0.010
1,0,2,0,0,0.010,0,0,0.010
1,0,2,0,0,0.015,0,0,0.015
8,3,6,10,31,0.068,2,1,0.151
0,0,1,0,0,0.000,0,0,0.000
3,1,3,3,4,0.037,1,0,0.065
1,0,2,0,2,0.036,0,0,0.036
1,0,2,0,0,0.010,0,0,0.010
1,0,2,0,3,0.046,0,0,0.046
0,0,1,0,0,0.000,0,0,0.000
1,0,2,0,7,0.096,0,0,0.096
1,0,2,0,0,0.010,0,0,0.010
1,0,2,0,7,0.101,0,0,0.101
1,0,2,0,1,0.021,0,0,0.021
1,0,2,0,1,0.025,0,0,0.025
1,0,2,0,0,0.015,0,0,0.015
1,0,2,0,7,0.096,0,0,0.096
1,0,2,0,0,0.015,0,0,0.015
1,0,2,0,6,0.086,0,0,0.086
1,0,2,0,22,0.265,0,0,0.265
1,0,2,0,0,0.010,0,0,0.010
1,0,2,0,0,0.015,0,0,0.015
0,0,1,0,0,0.000,0,0,0.000
1,0,2,0,7,0.096,0,0,0.096
3,1,3,4,10,0.062,1,0,0.080
0,0,1,0,0,0.000,0,0,0.000
1,0,2,0,4,0.065,0,0,0.065
19,9,9,41,77,0.078,7,2,0.161
1,0,2,0,1,0.025,0,0,0.025
3,1,2,2,4,0.030,0,1,0.069
1,0,2,0,0,0.015,0,0,0.015
1,0,2,0,0,0.010,0,0,0.010
1,0,2,0,0,0.010,0,0,0.010
0,0,1,0,0,0.000,0,0,0.000
1,0,2,0,2,0.036,0,0,0.036
1,0,2,0,2,0.036,0,0,0.036
0,0,1,0,0,0.000,0,0,0.000
1,0,2,0,0,0.015,0,0,0.015
136,68,45,293,797,0.105,52,10,0.567
1,0,2,0,1,0.021,0,0,0.021
1,0,2,0,0,0.015,0,0,0.015
1,0,2,0,0,0.010,0,0,0.010
1,0,2,0,7,0.092,0,0,0.092
13,5,8,32,62,0.094,2,3,0.154
1,0,2,0,0,0.010,0,0,0.010
3,1,2,2,7,0.039,0,1,0.077
1,0,2,0,0,0.015,0,0,0.015
0,0,1,0,0,0.000,0,0,0.000
1,0,2,0,1,0.021,0,0,0.021
3,1,3,4,8,0.052,1,0,0.065
1,0,2,0,1,0.025,0,0,0.025
21,9,9,57,77,0.094,7,1,0.226
1,0,2,0,3,0.046,0,0,0.046
1,0,2,0,1,0.025,0,0,0.025
1,0,2,0,4,0.074,0,0,0.074
0,0,1,0,0,0.000,0,0,0.000
1,0,2,0,2,0.040,0,0,0.040
1,0,2,0,0,0.015,0,0,0.015
3,1,3,3,8,0.052,1,0,0.077
1,0,2,0,1,0.029,0,0,0.029
1,0,2,0,0,0.010,0,0,0.010
1,0,2,0,0,0.015,0,0,0.015
1,0,2,0,0,0.015,0,0,0.015
1,0,2,0,3,0.050,0,0,0.050
1,0,2,0,0,0.010,0,0,0.010
1,0,2,0,0,0.010,0,0,0.010
1,0,2,0,9,0.126,0,0,0.126
0,0,1,0,0,0.000,0,0,0.000
11,4,8,18,49,0.081,2,2,0.274
1,0,2,0,9,0.139,0,0,0.139
5,2,4,5,32,0.092,2,0,0.155
1,0,2,0,2,0.036,0,0,0.036
0,0,1,0,0,0.000,0,0,0.000
3,1,3,1,2,0.027,1,0,0.025
0,0,1,0,0,0.000,0,0,0.000
3,1,3,1,4,0.038,1,0,0.059
1,0,2,0,0,0.015,0,0,0.015
1,0,2,0,1,0.029,0,0,0.029
1,0,2,0,0,0.010,0,0,0.010
1,0,2,0,0,0.010,0,0,0.010
0,0,1,0,0,0.000,0,0,0.000
1,0,2,0,0,0.015,0,0,0.015
1,0,2,0,0,0.015,0,0,0.015
1,0,2,0,1,0.025,0,0,0.025
1,0,2,0,2,0.036,0,0,0.036
1,0,2,0,5,0.080,0,0,0.080
1,0,2,0,2,0.040,0,0,0.040
1,0,2,0,2,0.036,0,0,0.036
1,0,2,0,3,0.050,0,0,0.050
3,1,3,3,4,0.040,1,0,0.080
1,0,2,0,0,0.010,0,0,0.010
1,0,2,0,1,0.029,0,0,0.029
0,0,1,0,0,0.000,0,0,0.000
1,0,2,0,8,0.115,0,0,0.115
0,0,1,0,0,0.000,0,0,0.000
0,0,1,0,0,0.000,0,0,0.000
0,0,1,0,0,0.000,0,0,0.000
1,0,2,0,7,0.105,0,0,0.105
24,12,10,44,86,0.072,10,2,0.201
1,0,2,0,21,0.294,0,0,0.294
1,0,2,0,11,0.138,0,0,0.138
3,1,3,3,2,0.027,1,0,0.036
1,0,2,0,6,0.077,0,0,0.077
1,0,2,0,0,0.015,0,0,0.015
1,0,2,0,0,0.010,0,0,0.010
1,0,2,0,1,0.029,0,0,0.029
0,0,1,0,0,0.000,0,0,0.000
1,0,2,0,0,0.010,0,0,0.010
1,0,2,0,1,0.021,0,0,0.021
1,0,2,0,0,0.010,0,0,0.010
1,0,2,0,0,0.015,0,0,0.015
0,0,1,0,0,0.000,0,0,0.000
1,0,2,0,9,0.134,0,0,0.134
1,0,2,0,1,0.021,0,0,0.021
1,0,2,0,1,0.021,0,0,0.021
1,0,2,0,14,0.174,0,0,0.174
1,0,2,0,2,0.031,0,0,0.031
1,0,2,0,3,0.046,0,0,0.046
1,0,2,0,0,0.010,0,0,0.010
1,0,2,0,1,0.025,0,0,0.025
11,5,6,17,79,0.111,4,1,0.255
1,0,2,0,0,0.010,0,0,0.010
3,1,3,1,8,0.048,1,0,0.080
1,0,2,0,0,0.010,0,0,0.010
1,0,2,0,11,0.142,0,0,0.142
1,0,2,0,3,0.055,0,0,0.055
1,0,2,0,0,0.010,0,0,0.010
1,0,2,0,13,0.176,0,0,0.176
3,1,3,1,5,0.032,1,0,0.046
1,0,2,0,1,0.025,0,0,0.025
1,0,2,0,0,0.015,0,0,0.015
1,0,2,0,1,0.021,0,0,0.021
0,0,1,0,0,0.000,0,0,0.000
3,1,3,3,9,0.062,1,0,0.080
0,0,1,0,0,0.000,0,0,0.000
1,0,2,0,0,0.010,0,0,0.010
1,0,2,0,0,0.010,0,0,0.010
1,0,2,0,1,0.025,0,0,0.025
1,0,2,0,11,0.142,0,0,0.142
5,2,4,6,28,0.090,2,0,0.167
0,0,1,0,0,0.000,0,0,0.000
1,0,2,0,0,0.010,0,0,0.010
1,0,2,0,3,0.046,0,0,0.046
1,0,2,0,7,0.088,0,0,0.088
1,0,2,0,8,0.111,0,0,0.111
14,7,7,26,113,0.127,7,0,0.323
1,0,2,0,5,0.080,0,0,0.080
1,0,2,0,0,0.010,0,0,0.010
1,0,2,0,0,0.010,0,0,0.010
0,0,1,0,0,0.000,0,0,0.000
45,22,22,81,320,0.116,20,2,0.416
1,0,2,0,6,0.077,0,0,0.077
1,0,2,0,0,0.010,0,0,0.010
0,0,1,0,0,0.000,0,0,0.000
1,0,2,0,0,0.010,0,0,0.010
1,0,2,0,2,0.036,0,0,0.036
9,3,7,10,33,0.072,1,2,0.161
3,1,3,4,16,0.095,1,0,0.170
1,0,2,0,3,0.046,0,0,0.046
0,0,1,0,0,0.000,0,0,0.000
1,0,2,0,0,0.010,0,0,0.010
3,1,3,3,24,0.124,1,0,0.130
1,0,2,0,6,0.086,0,0,0.086
1,0,2,0,11,0.142,0,0,0.142
1,0,2,0,7,0.096,0,0,0.096
0,0,1,0,0,0.000,0,0,0.000
1,0,2,0,7,0.083,0,0,0.083
1,0,2,0,0,0.015,0,0,0.015
1,0,2,0,1,0.021,0,0,0.021
1,0,2,0,0,0.015,0,0,0.015
1,0,2,0,1,0.025,0,0,0.025
1,0,2,0,1,0.025,0,0,0.025
1,0,2,0,15,0.184,0,0,0.184
0,0,1,0,0,0.000,0,0,0.000
0,0,1,0,0,0.000,0,0,0.000
4,1,4,4,14,0.062,0,1,0.117
1,0,2,0,1,0.021,0,0,0.021
1,0,2,0,0,0.010,0,0,0.010
0,0,1,0,0,0.000,0,0,0.000
0,0,1,0,0,0.000,0,0,0.000
1,0,2,0,0,0.015,0,0,0.015
1,0,2,0,4,0.056,0,0,0.056
1,0,2,0,1,0.021,0,0,0.021
4,1,4,6,3,0.037,0,1,0.062
1,0,2,0,2,0.036,0,0,0.036
1,0,2,0,4,0.061,0,0,0.061
0,0,1,0,0,0.000,0,0,0.000
0,0,1,0,0,0.000,0,0,0.000
3,1,2,2,28,0.122,0,1,0.316
0,0,1,0,0,0.000,0,0,0.000
29,15,11,52,150,0.092,13,2,0.168
1,0,2,0,3,0.046,0,0,0.046
1,0,2,0,5,0.080,0,0,0.080
1,0,2,0,0,0.010,0,0,0.010
0,0,1,0,0,0.000,0,0,0.000
1,0,2,0,1,0.021,0,0,0.021
1,0,2,0,2,0.040,0,0,0.040
1,0,2,0,3,0.050,0,0,0.050
15,6,10,29,114,0.123,4,2,0.429
0,0,1,0,0,0.000,0,0,0.000
1,0,2,0,0,0.010,0,0,0.010
1,0,2,0,2,0.040,0,0,0.040
1,0,2,0,1,0.021,0,0,0.021
1,0,2,0,4,0.056,0,0,0.056
3,1,3,4,6,0.049,1,0,0.065
1,0,2,0,0,0.015,0,0,0.015
1,0,2,0,2,0.036,0,0,0.036
3,1,3,3,7,0.050,1,0,0.086
3,1,3,3,27,0.133,1,0,0.203
1,0,2,0,0,0.015,0,0,0.015
1,0,2,0,4,0.061,0,0,0.061
1,0,2,0,0,0.010,0,0,0.010
1,0,2,0,1,0.029,0,0,0.029
10,5,5,19,92,0.134,5,0,0.383
1,0,2,0,0,0.010,0,0,0.010
1,0,2,0,4,0.052,0,0,0.052
100,50,42,155,570,0.096,43,6,0.293
1,0,2,0,0,0.010,0,0,0.010
8,3,5,7,41,0.084,1,2,0.163
1,0,2,0,0,0.010,0,0,0.010
5,2,4,6,22,0.074,2,0,0.136
1,0,2,0,0,0.010,0,0,0.010
1,0,2,0,0,0.015,0,0,0.015
6,2,5,9,16,0.058,1,1,0.075
0,0,1,0,0,0.000,0,0,0.000
1,0,2,0,0,0.015,0,0,0.015
1,0,2,0,0,0.010,0,0,0.010
3,1,3,1,10,0.057,1,0,0.074
0,0,1,0,0,0.000,0,0,0.000
1,0,2,0,0,0.010,0,0,0.010
1,0,2,0,0,0.015,0,0,0.015
1,0,2,0,3,0.046,0,0,0.046
1,0,2,0,2,0.031,0,0,0.031
1,0,2,0,0,0.015,0,0,0.015
1,0,2,0,0,0.010,0,0,0.010
0,0,1,0,0,0.000,0,0,0.000
1,0,2,0,6,0.094,0,0,0.094
0,0,1,0,0,0.000,0,0,0.000
1,0,2,0,1,0.021,0,0,0.021
1,0,2,0,0,0.015,0,0,0.015
1,0,2,0,0,0.010,0,0,0.010
1,0,2,0,0,0.015,0,0,0.015
1,0,2,0,0,0.015,0,0,0.015
1,0,2,0,1,0.021,0,0,0.021
1,0,2,0,4,0.061,0,0,0.061
1,0,2,0,0,0.015,0,0,0.015
1,0,2,0,0,0.015,0,0,0.015
1,0,2,0,0,0.010,0,0,0.010
1,0,2,0,1,0.021,0,0,0.021
3,1,3,1,9,0.053,1,0,0.065
0,0,1,0,0,0.000,0,0,0.000
1,0,2,0,8,0.098,0,0,0.098
1,0,2,0,12,0.166,0,0,0.166
1,0,2,0,6,0.086,0,0,0.086
1,0,2,0,1,0.029,0,0,0.029
0,0,1,0,0,0.000,0,0,0.000
1,0,2,0,1,0.021,0,0,0.021
10,4,7,15,43,0.078,3,1,0.138
0,0,1,0,0,0.000,0,0,0.000
1,0,2,0,0,0.010,0,0,0.010
1,0,2,0,1,0.021,0,0,0.021
1,0,2,0,0,0.010,0,0,0.010
1,0,2,0,0,0.010,0,0,0.010
1,0,2,0,0,0.010,0,0,0.010
1,0,2,0,2,0.031,0,0,0.031
1,0,2,0,2,0.040,0,0,0.040
1,0,2,0,3,0.055,0,0,0.055
0,0,1,0,0,0.000,0,0,0.000
1,0,2,0,0,0.010,0,0,0.010
0,0,1,0,0,0.000,0,0,0.000
1,0,2,0,2,0.036,0,0,0.036
1,0,2,0,0,0.010,0,0,0.010
1,0,2,0,7,0.105,0,0,0.105
3,1,2,2,6,0.034,0,1,0.056
1,0,2,0,0,0.010,0,0,0.010
0,0,1,0,0,0.000,0,0,0.000
1,0,2,0,2,0.036,0,0,0.036
0,0,1,0,0,0.000,0,0,0.000
1,0,2,0,3,0.055,0,0,0.055
1,0,2,0,2,0.040,0,0,0.040
1,0,2,0,2,0.044,0,0,0.044
1,0,2,0,1,0.025,0,0,0.025
3,1,3,4,10,0.061,1,0,0.107
1,0,2,0,0,0.010,0,0,0.010
38,19,15,64,224,0.096,15,4,0.357
1,0,2,0,0,0.010,0,0,0.010
0,0,1,0,0,0.000,0,0,0.000
0,0,1,0,0,0.000,0,0,0.000
1,0,2,0,2,0.044,0,0,0.044
1,0,2,0,0,0.010,0,0,0.010
1,0,2,0,1,0.025,0,0,0.025
1,0,2,0,1,0.021,0,0,0.021
1,0,2,0,8,0.107,0,0,0.107
1,0,2,0,0,0.015,0,0,0.015
1,0,2,0,2,0.036,0,0,0.036
3,1,3,4,3,0.038,1,0,0.050
1,0,2,0,3,0.042,0,0,0.042
1,0,2,0,0,0.010,0,0,0.010
1,0,2,0,0,0.010,0,0,0.010
1,0,2,0,4,0.069,0,0,0.069
1,0,2,0,4,0.069,0,0,0.069
1,0,2,0,0,0.015,0,0,0.015
1,0,2,0,0,0.010,0,0,0.010
0,0,1,0,0,0.000,0,0,0.000
0,0,1,0,0,0.000,0,0,0.000
1,0,2,0,1,0.021,0,0,0.021
75,34,36,143,528,0.115,24,8,0.376
1,0,2,0,2,0.036,0,0,0.036
1,0,2,0,1,0.025,0,0,0.025
1,0,2,0,5,0.067,0,0,0.067
1,0,2,0,2,0.036,0,0,0.036
1,0,2,0,0,0.015,0,0,0.015
1,0,2,0,6,0.086,0,0,0.086
1,0,2,0,0,0.010,0,0,0.010
1,0,2,0,0,0.010,0,0,0.010
0,0,1,0,0,0.000,0,0,0.000
1,0,2,0,1,0.025,0,0,0.025
1,0,2,0,0,0.015,0,0,0.015
1,0,2,0,0,0.010,0,0,0.010
1,0,2,0,11,0.155,0,0,0.155
1,0,2,0,0,0.010,0,0,0.010
1,0,2,0,2,0.040,0,0,0.040
1,0,2,0,1,0.021,0,0,0.021
1,0,2,0,3,0.042,0,0,0.042
1,0,2,0,2,0.036,0,0,0.036
1,0,2,0,1,0.025,0,0,0.025
3,1,3,4,22,0.114,1,0,0.151
0,0,1,0,0,0.000,0,0,0.000
1,0,2,0,5,0.071,0,0,0.071
7,3,5,8,46,0.096,3,0,0.153
1,0,2,0,0,0.010,0,0,0.010
1,0,2,0,1,0.029,0,0,0.029
1,0,2,0,1,0.025,0,0,0.025
1,0,2,0,1,0.025,0,0,0.025
4,1,4,7,33,0.127,0,1,0.240
1,0,2,0,2,0.036,0,0,0.036
1,0,2,0,1,0.025,0,0,0.025
1,0,2,0,1,0.025,0,0,0.025
1,0,2,0,1,0.025,0,0,0.025
1,0,2,0,1,0.025,0,0,0.025
1,0,2,0,1,0.025,0,0,0.025
0,0,1,0,0,0.000,0,0,0.000
1,0,2,0,9,0.117,0,0,0.117
1,0,2,0,1,0.025,0,0,0.025
1,0,2,0,1,0.029,0,0,0.029
1,0,2,0,0,0.015,0,0,0.015
3,1,3,4,14,0.084,1,0,0.140
1,0,2,0,1,0.021,0,0,0.021
1,0,2,0,5,0.071,0,0,0.071
1,0,2,0,0,0.015,0,0,0.015
1,0,2,0,27,0.330,0,0,0.330
5,2,4,4,16,0.056,2,0,0.101
1,0,2,0,1,0.025,0,0,0.025
1,0,2,0,0,0.015,0,0,0.015
1,0,2,0,2,0.031,0,0,0.031
1,0,2,0,0,0.010,0,0,0.010
0,0,1,0,0,0.000,0,0,0.000
32,14,18,53,200,0.103,10,4,0.239
1,0,2,0,15,0.197,0,0,0.197
1,0,2,0,5,0.067,0,0,0.067
5,2,4,7,18,0.067,2,0,0.105
3,1,3,3,23,0.119,1,0,0.186
1,0,2,0,1,0.021,0,0,0.021
1,0,2,0,2,0.036,0,0,0.036
60,30,23,117,248,0.079,23,7,0.375
1,0,2,0,1,0.025,0,0,0.025
1,0,2,0,0,0.010,0,0,0.010
1,0,2,0,4,0.065,0,0,0.065
1,0,2,0,7,0.096,0,0,0.096
1,0,2,0,2,0.040,0,0,0.040
1,0,2,0,0,0.015,0,0,0.015
1,0,2,0,3,0.050,0,0,0.050
1,0,2,0,0,0.010,0,0,0.010
1,0,2,0,2,0.040,0,0,0.040
0,0,1,0,0,0.000,0,0,0.000
1,0,2,0,4,0.065,0,0,0.065
1,0,2,0,1,0.021,0,0,0.021
8,3,6,13,54,0.109,2,1,0.304
3,1,3,4,6,0.050,1,0,0.065
1,0,2,0,26,0.311,0,0,0.311
1,0,2,0,0,0.010,0,0,0.010
3,1,3,3,17,0.085,1,0,0.113
6,3,3,5,25,0.067,3,0,0.115
0,0,1,0,0,0.000,0,0,0.000
1,0,2,0,0,0.010,0,0,0.010
1,0,2,0,3,0.050,0,0,0.050
1,0,2,0,0,0.010,0,0,0.010
5,2,4,4,25,0.074,2,0,0.144
1,0,2,0,22,0.278,0,0,0.278
1,0,2,0,0,0.010,0,0,0.010
1,0,2,0,0,0.010,0,0,0.010
0,0,1,0,0,0.000,0,0,0.000
1,0,2,0,0,0.010,0,0,0.010
1,0,2,0,0,0.010,0,0,0.010
1,0,2,0,1,0.025,0,0,0.025
1,0,2,0,5,0.080,0,0,0.080
13,6,8,18,48,0.069,6,0,0.188
0,0,1,0,0,0.000,0,0,0.000
1,0,2,0,1,0.025,0,0,0.025
1,0,2,0,13,0.167,0,0,0.167
1,0,2,0,4,0.052,0,0,0.052
0,0,1,0,0,0.000,0,0,0.000
1,0,2,0,0,0.010,0,0,0.010
1,0,2,0,8,0.124,0,0,0.124
3,1,3,4,44,0.201,1,0,0.253
1,0,2,0,0,0.010,0,0,0.010
1,0,2,0,0,0.010,0,0,0.010
0,0,1,0,0,0.000,0,0,0.000
1,0,2,0,0,0.010,0,0,0.010
1,0,2,0,13,0.163,0,0,0.163
0,0,1,0,0,0.000,0,0,0.000
7,3,5,8,27,0.064,3,0,0.140
1,0,2,0,3,0.042,0,0,0.042
1,0,2,0,20,0.249,0,0,0.249
6,2,5,10,19,0.065,1,1,0.121
0,0,1,0,0,0.000,0,0,0.000
1,0,2,0,2,0.036,0,0,0.036
3,1,3,4,7,0.049,1,0,0.071
1,0,2,0,0,0.010,0,0,0.010
1,0,2,0,1,0.021,0,0,0.021
1,0,2,0,1,0.025,0,0,0.025
1,0,2,0,1,0.025,0,0,0.025
1,0,2,0,3,0.046,0,0,0.046
3,1,3,3,9,0.062,1,0,0.134
1,0,2,0,1,0.025,0,0,0.025
1,0,2,0,1,0.025,0,0,0.025
7,3,5,5,42,0.090,3,0,0.283
1,0,2,0,0,0.010,0,0,0.010
0,0,1,0,0,0.000,0,0,0.000
1,0,2,0,0,0.010,0,0,0.010
1,0,2,0,0,0.010,0,0,0.010
1,0,2,0,1,0.029,0,0,0.029
1,0,2,0,0,0.015,0,0,0.015
1,0,2,0,0,0.015,0,0,0.015
1,0,2,0,2,0.040,0,0,0.040
1,0,2,0,0,0.010,0,0,0.010
0,0,1,0,0,0.000,0,0,0.000
1,0,2,0,4,0.061,0,0,0.061
69,34,28,133,480,0.114,26,5,0.314
0,0,1,0,0,0.000,0,0,0.000
1,0,2,0,11,0.142,0,0,0.142
0,0,1,0,0,0.000,0,0,0.000
1,0,2,0,0,0.015,0,0,0.015
1,0,2,0,6,0.086,0,0,0.086
1,0,2,0,0,0.015,0,0,0.015
0,0,1,0,0,0.000,0,0,0.000
1,0,2,0,2,0.036,0,0,0.036
1,0,2,0,0,0.010,0,0,0.010
1,0,2,0,1,0.025,0,0,0.025
1,0,2,0,9,0.117,0,0,0.117
1,0,2,0,0,0.010,0,0,0.010
0,0,1,0,0,0.000,0,0,0.000
0,0,1,0,0,0.000,0,0,0.000
3,1,2,2,7,0.039,0,1,0.056
1,0,2,0,1,0.025,0,0,0.025
1,0,2,0,9,0.126,0,0,0.126
1,0,2,0,1,0.025,0,0,0.025
3,1,3,4,13,0.072,1,0,0.083
1,0,2,0,0,0.010,0,0,0.010
1,0,2,0,3,0.055,0,0,0.055
1,0,2,0,0,0.010,0,0,0.010
1,0,2,0,0,0.015,0,0,0.015
1,0,2,0,1,0.021,0,0,0.021
3,1,3,4,14,0.081,1,0,0.132
1,0,2,0,0,0.010,0,0,0.010
1,0,2,0,3,0.050,0,0,0.050
1,0,2,0,10,0.136,0,0,0.136
3,1,2,2,4,0.027,0,1,0.042
1,0,2,0,9,0.121,0,0,0.121
1,0,2,0,3,0.042,0,0,0.042
1,0,2,0,0,0.010,0,0,0.010
1,0,2,0,0,0.015,0,0,0.015
3,1,3,4,35,0.173,1,0,0.241
1,0,2,0,0,0.010,0,0,0.010
3,1,3,4,3,0.034,1,0,0.042
1,0,2,0,5,0.067,0,0,0.067
1,0,2,0,1,0.021,0,0,0.021
1,0,2,0,3,0.042,0,0,0.042
3,1,3,4,7,0.049,1,0,0.067
1,0,2,0,1,0.025,0,0,0.025
1,0,2,0,2,0.040,0,0,0.040
3,1,3,3,6,0.047,1,0,0.065
0,0,1,0,0,0.000,0,0,0.000
1,0,2,0,0,0.010,0,0,0.010
1,0,2,0,5,0.075,0,0,0.075
1,0,2,0,0,0.015,0,0,0.015
1,0,2,0,0,0.015,0,0,0.015
1,0,2,0,0,0.015,0,0,0.015
1,0,2,0,0,0.010,0,0,0.010
1,0,2,0,2,0.040,0,0,0.040
5,2,4,7,13,0.053,2,0,0.113
1,0,2,0,0,0.010,0,0,0.010
1,0,2,0,0,0.010,0,0,0.010
1,0,2,0,0,0.015,0,0,0.015
1,0,2,0,0,0.015,0,0,0.015
0,0,1,0,0,0.000,0,0,0.000
3,1,3,1,9,0.047,1,0,0.071
1,0,2,0,10,0.123,0,0,0.123
1,0,2,0,10,0.149,0,0,0.149
1,0,2,0,0,0.010,0,0,0.010
1,0,2,0,11,0.160,0,0,0.160
0,0,1,0,0,0.000,0,0,0.000
1,0,2,0,0,0.010,0,0,0.010
1,0,2,0,19,0.239,0,0,0.239
1,0,2,0,1,0.025,0,0,0.025
1,0,2,0,4,0.065,0,0,0.065
1,0,2,0,0,0.010,0,0,0.010
1,0,2,0,0,0.010,0,0,0.010
1,0,2,0,12,0.161,0,0,0.161
1,0,2,0,0,0.010,0,0,0.010
1,0,2,0,1,0.021,0,0,0.021
0,0,1,0,0,0.000,0,0,0.000
1,0,2,0,0,0.010,0,0,0.010
1,0,2,0,0,0.010,0,0,0.010
0,0,1,0,0,0.000,0,0,0.000
3,1,3,3,16,0.087,1,0,0.182
3,1,3,3,5,0.043,1,0,0.061
1,0,2,0,33,0.436,0,0,0.436
1,0,2,0,5,0.075,0,0,0.075
1,0,2,0,1,0.029,0,0,0.029
1,0,2,0,7,0.105,0,0,0.105
3,1,3,1,25,0.114,1,0,0.186
1,0,2,0,0,0.015,0,0,0.015
0,0,1,0,0,0.000,0,0,0.000
1,0,2,0,5,0.062,0,0,0.062
1,0,2,0,5,0.075,0,0,0.075
1,0,2,0,10,0.132,0,0,0.132
1,0,2,0,2,0.040,0,0,0.040
1,0,2,0,2,0.044,0,0,0.044
0,0,1,0,0,0.000,0,0,0.000
0,0,1,0,0,0.000,0,0,0.000
21,10,9,31,121,0.091,8,1,0.236
1,0,2,0,1,0.025,0,0,0.025
3,1,3,1,14,0.069,1,0,0.107
1,0,2,0,2,0.031,0,0,0.031
1,0,2,0,7,0.096,0,0,0.096
0,0,1,0,0,0.000,0,0,0.000
1,0,2,0,1,0.021,0,0,0.021
1,0,2,0,3,0.046,0,0,0.046
1,0,2,0,4,0.065,0,0,0.065
0,0,1,0,0,0.000,0,0,0.000
1,0,2,0,11,0.155,0,0,0.155
1,0,2,0,1,0.025,0,0,0.025
1,0,2,0,1,0.021,0,0,0.021
8,3,6,20,48,0.108,2,1,0.278
0,0,1,0,0,0.000,0,0,0.000
0,0,1,0,0,0.000,0,0,0.000
1,0,2,0,0,0.010,0,0,0.010
0,0,1,0,0,0.000,0,0,0.000
1,0,2,0,0,0.015,0,0,0.015
0,0,1,0,0,0.000,0,0,0.000
3,1,3,3,20,0.101,1,0,0.209
1,0,2,0,5,0.067,0,0,0.067
1,0,2,0,1,0.021,0,0,0.021
3,1,3,4,5,0.045,1,0,0.080
9,4,5,11,54,0.094,3,1,0.194
1,0,2,0,2,0.031,0,0,0.031
1,0,2,0,2,0.036,0,0,0.036
1,0,2,0,5,0.075,0,0,0.075
5,2,4,4,34,0.102,2,0,0.182
1,0,2,0,0,0.015,0,0,0.015
1,0,2,0,20,0.262,0,0,0.262
1,0,2,0,1,0.025,0,0,0.025
1,0,2,0,0,0.010,0,0,0.010
1,0,2,0,0,0.010,0,0,0.010
4,2,2,4,30,0.116,2,0,0.212
1,0,2,0,0,0.010,0,0,0.010
1,0,2,0,0,0.010,0,0,0.010
0,0,1,0,0,0.000,0,0,0.000
1,0,2,0,0,0.010,0,0,0.010
1,0,2,0,1,0.025,0,0,0.025
1,0,2,0,0,0.015,0,0,0.015
1,0,2,0,0,0.010,0,0,0.010
1,0,2,0,0,0.010,0,0,0.010
1,0,2,0,4,0.061,0,0,0.061
0,0,1,0,0,0.000,0,0,0.000
1,0,2,0,0,0.010,0,0,0.010
1,0,2,0,9,0.113,0,0,0.113
5,2,3,5,50,0.139,1,1,0.339
0,0,1,0,0,0.000,0,0,0.000
1,0,2,0,31,0.402,0,0,0.402
1,0,2,0,2,0.036,0,0,0.036
1,0,2,0,0,0.010,0,0,0.010
1,0,2,0,17,0.209,0,0,0.209
6,2,5,11,17,0.068,1,1,0.090
1,0,2,0,0,0.010,0,0,0.010
1,0,2,0,3,0.050,0,0,0.050
1,0,2,0,0,0.010,0,0,0.010
1,0,2,0,2,0.031,0,0,0.031
1,0,2,0,6,0.099,0,0,0.099
1,0,2,0,1,0.021,0,0,0.021
1,0,2,0,9,0.121,0,0,0.121
0,0,1,0,0,0.000,0,0,0.000
1,0,2,0,0,0.010,0,0,0.010
1,0,2,0,7,0.096,0,0,0.096
3,1,3,3,15,0.077,1,0,0.113
1,0,2,0,1,0.025,0,0,0.025
0,0,1,0,0,0.000,0,0,0.000
0,0,1,0,0,0.000,0,0,0.000
0,0,1,0,0,0.000,0,0,0.000
1,0,2,0,4,0.052,0,0,0.052
1,0,2,0,2,0.036,0,0,0.036
1,0,2,0,0,0.010,0,0,0.010
1,0,2,0,15,0.188,0,0,0.188
1,0,2,0,4,0.065,0,0,0.065
13,5,7,27,83,0.112,3,0,0.232
1,0,2,0,4,0.069,0,0,0.069
1,0,2,0,0,0.010,0,0,0.010
0,0,1,0,0,0.000,0,0,0.000
3,1,2,2,6,0.036,0,1,0.086
0,0,1,0,0,0.000,0,0,0.000
1,0,2,0,0,0.010,0,0,0.010
13,5,8,27,68,0.096,3,1,0.333
0,0,1,0,0,0.000,0,0,0.000
0,0,1,0,0,0.000,0,0,0.000
1,0,2,0,1,0.025,0,0,0.025
3,1,3,3,4,0.037,1,0,0.061
1,0,2,0,2,0.040,0,0,0.040
3,1,3,3,24,0.118,1,0,0.243
0,0,1,0,0,0.000,0,0,0.000
1,0,2,0,0,0.010,0,0,0.010
1,0,2,0,3,0.046,0,0,0.046
1,0,2,0,1,0.021,0,0,0.021
1,0,2,0,6,0.082,0,0,0.082
1,0,2,0,9,0.126,0,0,0.126
9,4,6,11,40,0.074,4,0,0.218
0,0,1,0,0,0.000,0,0,0.000
1,0,2,0,4,0.065,0,0,0.065
9,4,6,13,31,0.066,4,0,0.107
1,0,2,0,0,0.010,0,0,0.010
1,0,2,0,0,0.015,0,0,0.015
1,0,2,0,7,0.088,0,0,0.088
5,2,3,6,24,0.073,1,1,0.148
1,0,2,0,21,0.290,0,0,0.290
1,0,2,0,1,0.029,0,0,0.029
1,0,2,0,1,0.021,0,0,0.021
1,0,2,0,1,0.021,0,0,0.021
3,1,3,4,18,0.098,1,0,0.115
1,0,2,0,1,0.021,0,0,0.021
1,0,2,0,2,0.040,0,0,0.040
1,0,2,0,1,0.021,0,0,0.021
1,0,2,0,1,0.021,0,0,0.021
3,1,3,1,13,0.072,1,0,0.166
1,0,2,0,6,0.086,0,0,0.086
1,0,2,0,0,0.010,0,0,0.010
1,0,2,0,0,0.015,0,0,0.015
1,0,2,0,0,0.010,0,0,0.010
0,0,1,0,0,0.000,0,0,0.000
1,0,2,0,1,0.025,0,0,0.025
1,0,2,0,2,0.040,0,0,0.040
3,1,3,3,8,0.051,1,0,0.082
1,0,2,0,10,0.128,0,0,0.128
1,0,2,0,2,0.036,0,0,0.036
1,0,2,0,15,0.193,0,0,0.193
1,0,2,0,1,0.025,0,0,0.025
1,0,2,0,2,0.036,0,0,0.036
1,0,2,0,1,0.021,0,0,0.021
1,0,2,0,2,0.036,0,0,0.036
1,0,2,0,5,0.067,0,0,0.067
1,0,2,0,6,0.073,0,0,0.073
1,0,2,0,4,0.061,0,0,0.061
1,0,2,0,10,0.140,0,0,0.140
1,0,2,0,2,0.031,0,0,0.031
1,0,2,0,14,0.191,0,0,0.191
1,0,2,0,1,0.021,0,0,0.021
1,0,2,0,0,0.015,0,0,0.015
1,0,2,0,1,0.025,0,0,0.025
1,0,2,0,7,0.101,0,0,0.101
3,1,3,3,10,0.056,1,0,0.077
1,0,2,0,1,0.025,0,0,0.025
1,0,2,0,0,0.015,0,0,0.015
1,0,2,0,0,0.010,0,0,0.010
1,0,2,0,1,0.021,0,0,0.021
0,0,1,0,0,0.000,0,0,0.000
1,0,2,0,1,0.021,0,0,0.021
1,0,2,0,1,0.025,0,0,0.025
1,0,2,0,2,0.036,0,0,0.036
1,0,2,0,2,0.040,0,0,0.040
1,0,2,0,0,0.015,0,0,0.015
1,0,2,0,0,0.010,0,0,0.010
1,0,2,0,7,0.092,0,0,0.092
1,0,2,0,2,0.040,0,0,0.040
1,0,2,0,5,0.071,0,0,0.071
1,0,2,0,4,0.061,0,0,0.061
0,0,1,0,0,0.000,0,0,0.000
1,0,2,0,5,0.071,0,0,0.071
1,0,2,0,1,0.029,0,0,0.029
1,0,2,0,2,0.040,0,0,0.040
0,0,1,0,0,0.000,0,0,0.000
1,0,2,0,0,0.015,0,0,0.015
1,0,2,0,4,0.061,0,0,0.061
1,0,2,0,2,0.031,0,0,0.031
1,0,2,0,1,0.025,0,0,0.025
1,0,2,0,3,0.050,0,0,0.050
1,0,2,0,8,0.115,0,0,0.115
1,0,2,0,3,0.042,0,0,0.042
1,0,2,0,3,0.042,0,0,0.042
1,0,2,0,3,0.042,0,0,0.042
1,0,2,0,0,0.010,0,0,0.010
0,0,1,0,0,0.000,0,0,0.000
1,0,2,0,0,0.010,0,0,0.010
0,0,1,0,0,0.000,0,0,0.000
